GCOMPID,OPERATOR,NAME,MEAS_TECH,LAST_INSP,NEXT_INSP,FREQ_INSP_MO,TEST_DUR,CALIB_DUR,SAMP_DUR,LOW_FLOW,BATT_PCT,ADDRESS,CITY,STATE,ZIP,STATUS,NUM_UNITS,CERT_HP,COUNTY,COUNTYFIPS,COUNTRY,LATITUDE,LONGITUDE
GCOMP1674,979968 ALBERTA LTD.,KANEX ENERGY CORP,Technician-01,5/19/2023,11/15/2023,6,55,20,40,,100,NEAR SHARPLES BOTTOM ROAD (0.6 KM SSW); 06-06-012-28-W4,NOT AVAILABLE,AB,NOT AVAILABLE,IN SERVICE,-999,-999,WILLOW CREEK NO. 26,NOT APPLICABLE,CAN,49.966227,-113.815887
GCOMP1532,ALPHABOW ENERGY LTD.,BURLINGTON RESOURCES CANADA (HUNTER) (WARNER NO. 5),Technician-02,11/22/2022,11/17/2023,12,55,,40,,100,NEAR RANGE ROAD 184 (0.6 KME); 07-29-005-18-W4,NOT AVAILABLE,AB,NOT AVAILABLE,IN SERVICE,-999,-999,WARNER NO. 5,NOT APPLICABLE,CAN,49.412447,-112.389201
GCOMP1536,ALPHABOW ENERGY LTD.,CANADIAN HUNTER EXPLORATION LTD. (LETHBRIDGE A),Technician-03,5/23/2023,11/19/2023,6,55,20,,,100,80224 RANGE ROAD 191; 08-02-008-19-W4,NOT AVAILABLE,AB,NOT AVAILABLE,IN SERVICE,-999,-999,LETHBRIDGE,NOT APPLICABLE,CAN,49.615175,-112.466737
GCOMP1537,ALPHABOW ENERGY LTD.,CANADIAN HUNTER EXPLORATION LTD. (LETHBRIDGE B),Technician-04,11/26/2022,11/21/2023,12,55,,,,100,101015 RANGE ROAD 195; 12-05-010-19-W4,NOT AVAILABLE,AB,NOT AVAILABLE,IN SERVICE,-999,-999,LETHBRIDGE,NOT APPLICABLE,CAN,49.793414,-112.554018
GCOMP1538,ALPHABOW ENERGY LTD.,CANADIAN HUNTER EXPLORATION LTD. (LETHBRIDGE C),Technician-05,5/27/2023,11/23/2023,6,55,,40,,100,73086 RANGE ROAD 221; 16-23-007-21-W4,NOT AVAILABLE,AB,NOT AVAILABLE,IN SERVICE,-999,-999,LETHBRIDGE,NOT APPLICABLE,CAN,49.581317,-112.735635
GCOMP1539,ALPHABOW ENERGY LTD.,CANADIAN HUNTER EXPLORATION LTD. (WARNER NO. 5),Technician-06,11/16/2022,11/11/2023,12,55,20,,,100,NEAR 61 HIGHWAY (0.6 KM N); 10-35-006-19-W4,NOT AVAILABLE,AB,NOT AVAILABLE,IN SERVICE,-999,-999,WARNER NO. 5,NOT APPLICABLE,CAN,49.517794,-112.458335
GCOMP1700,ALPHABOW ENERGY LTD.,PENGROWTH CORPORATION (LETHBRIDGE A),Technician-07,2/17/2023,11/14/2023,9,55,,,,100,82011 RANGE ROAD 203; 04-15-008-20-W4,NOT AVAILABLE,AB,NOT AVAILABLE,IN SERVICE,-999,-999,LETHBRIDGE,NOT APPLICABLE,CAN,49.642331,-112.643647
GCOMP1701,ALPHABOW ENERGY LTD.,PENGROWTH CORPORATION (LETHBRIDGE B),Technician-08,5/19/2023,11/15/2023,6,55,,,,100,NEAR RANGE ROAD 194 (0.6 KMW); 06-21-007-19-W4,NOT AVAILABLE,AB,NOT AVAILABLE,IN SERVICE,-999,-999,LETHBRIDGE,NOT APPLICABLE,CAN,49.574009,-112.524714
GCOMP1734,ALPHABOW ENERGY LTD.,RESOLUTE ENERGY INC,Technician-09,5/5/2023,11/1/2023,6,55,,,,100,NEAR 525 HIGHWAY (0.6 KM SSW); 16-29-013-12-W4,NOT AVAILABLE,AB,NOT AVAILABLE,IN SERVICE,-999,-999,CYPRESS,NOT APPLICABLE,CAN,50.120311,-111.597954
GCOMP1511,ALTAGAS UTILITIES INC.,ALTAGAS UTILITIES INC.,Technician-10,11/20/2022,11/15/2023,12,55,20,40,,100,4311 RANGE ROAD 292; 09-22-004-29-W4,NOT AVAILABLE,AB,NOT AVAILABLE,IN SERVICE,-999,-999,PINCHER CREEK NO. 9,NOT APPLICABLE,CAN,49.313353,-113.814231
GCOMP1757,BAYTEX ENERGY LTD.,TURIN N. 10-16-11-18 COMP.,Technician-11,3/4/2023,11/29/2023,9,55,,,,100,10-16-011-18-W4,NOT AVAILABLE,AB,NOT AVAILABLE,IN SERVICE,-999,-999,TABER,NOT APPLICABLE,CAN,49.911585,-112.399258
GCOMP1564,BELLATRIX EXPLORATION LTD.,CIGAR OIL & GAS LTD. (CYPRESS A),Technician-12,12/6/2022,12/1/2023,12,55,,40,Y,100,RANGE ROAD 21; 01-23-012-02-W4,NOT AVAILABLE,AB,NOT AVAILABLE,NOT AVAILABLE,-999,-999,CYPRESS,NOT APPLICABLE,CAN,49.986981,-110.163274
GCOMP1565,BELLATRIX EXPLORATION LTD.,CIGAR OIL & GAS LTD. (CYPRESS B),Technician-13,6/10/2023,12/7/2023,6,55,,,,100,RANGE ROAD 21; 01-23-012-02-W4,NOT AVAILABLE,AB,NOT AVAILABLE,NOT AVAILABLE,-999,-999,CYPRESS,NOT APPLICABLE,CAN,49.98698507,-110.1632252
GCOMP1722,BELLATRIX EXPLORATION LTD.,PIPER ENERGY INC. (FORTY MILE NO. 8 A),Technician-14,6/18/2023,12/15/2023,6,55,,,,100,3 HIGHWAY; 01-03-011-08-W4,NOT AVAILABLE,AB,NOT AVAILABLE,IN SERVICE,-999,-999,FORTY MILE NO. 8,NOT APPLICABLE,CAN,49.875083,-111.006271
GCOMP1723,BELLATRIX EXPLORATION LTD.,PIPER ENERGY INC. (FORTY MILE NO. 8 B),Technician-15,7/4/2023,12/31/2023,6,55,20,,,100,RANGE ROAD 75; 09-31-009-07-W4,NOT AVAILABLE,AB,NOT AVAILABLE,IN SERVICE,-999,-999,FORTY MILE NO. 8,NOT APPLICABLE,CAN,49.777593,-110.963223
GCOMP1724,BELLATRIX EXPLORATION LTD.,PIPER ENERGY INC. (FORTY MILE NO. 8 C),Technician-16,1/15/2023,1/15/2024,6,55,,40,,100,TOWNSHIP ROAD 120; 16-33-011-09-W4,NOT AVAILABLE,AB,NOT AVAILABLE,IN SERVICE,-999,-999,FORTY MILE NO. 8,NOT APPLICABLE,CAN,49.958458,-111.165193
GCOMP1658,BIGHORN ENERGY CORPORATION_CANLIN CONSORT,ESPRIT EXPLORATION LTD,Technician-17,2/15/2023,2/15/2024,12,55,,,,100,NEAR 804 HIGHWAY (0.6 KKM E); 10-28-017-26-W4,NOT AVAILABLE,AB,NOT AVAILABLE,IN SERVICE,-999,-999,VULCAN,NOT APPLICABLE,CAN,50.466393,-113.513326
GCOMP1530,BORDER MIDSTREAM SERVICES LTD.,"BORDER MIDSTREAM SERVICES, LTD.",Technician-18,3/15/2023,3/15/2024,12,55,,,,100,722 AVENUE EAST; 02-04-017-29-W4,NOT AVAILABLE,AB,NOT AVAILABLE,IN SERVICE,-999,-999,FOOTHILLS NO. 31,NOT APPLICABLE,CAN,50.397902,-113.925654
GCOMP1509,CAMPUS ENERGY PARTNERS OPERATION,ALTAGAS ENERGY PROCESSORS INC.,Technician-19,4/15/2023,4/15/2024,12,55,,,,100,RANGE ROAD 270; 01-12-014-27-W4,NOT AVAILABLE,AB,NOT AVAILABLE,IN SERVICE,-999,-999,WILLOW CREEK NO. 26,NOT APPLICABLE,CAN,50.150541,-113.5551
GCOMP1510,CAMPUS ENERGY PARTNERS OPERATION,ALTAGAS SERVICES INC.,Technician-20,5/15/2023,5/15/2024,6,55,,,,100,09-04-015-26-W4,NOT AVAILABLE,AB,NOT AVAILABLE,IN SERVICE,-999,-999,WILLOW CREEK NO. 26,NOT APPLICABLE,CAN,50.232444,-113.51224
GCOMP1643,CAMPUS ENERGY PARTNERS OPERATION,SUFFIELD-15-06-017-08 W4M,Technician-21,6/15/2023,6/15/2024,12,55,20,,Y,100,15-06-017-08-W4,NOT AVAILABLE,AB,NOT AVAILABLE,IN SERVICE,-999,-999,NOT AVAILABLE,NOT APPLICABLE,CAN,50.398578,-111.086766
GCOMP1761,CAMPUS ENERGY PARTNERS OPERATION,VISTA MIDSTREAM SOLUTIONS LTD (TABER A),Technician-22,7/15/2023,7/15/2024,6,55,,,,100,TOWNSHIP ROAD 130; 03-02-013-17-W4,NOT AVAILABLE,AB,NOT AVAILABLE,IN SERVICE,-999,-999,TABER,NOT APPLICABLE,CAN,50.051863,-112.225955
GCOMP1762,CAMPUS ENERGY PARTNERS OPERATION,VISTA MIDSTREAM SOLUTIONS LTD (TABER B),Technician-23,8/15/2023,8/15/2024,9,55,,,,100,NEAR RANGE ROAD 180 (1.0 KM E); 06-12-010-18-W4,NOT AVAILABLE,AB,NOT AVAILABLE,IN SERVICE,-999,-999,TABER,NOT APPLICABLE,CAN,49.804194,-112.319332
GCOMP1763,CAMPUS ENERGY PARTNERS OPERATION,VISTA MIDSTREAM SOLUTIONS LTD (TABER C),Technician-24,9/15/2023,9/15/2024,12,55,,,,100,RANGE ROAD 174; 13-16-011-17-W4,NOT AVAILABLE,AB,NOT AVAILABLE,IN SERVICE,-999,-999,TABER,NOT APPLICABLE,CAN,49.916461,-112.278374
GCOMP1764,CAMPUS ENERGY PARTNERS OPERATION,VISTA MIDSTREAM SOLUTIONS LTD (TABER D),Technician-25,10/15/2023,10/15/2024,6,55,,,,100,RANGE ROAD 180; 16-13-013-18-W4,NOT AVAILABLE,AB,NOT AVAILABLE,IN SERVICE,-999,-999,TABER,NOT APPLICABLE,CAN,50.0885,-112.328079
GCOMP1765,CAMPUS ENERGY PARTNERS OPERATION,VISTA MIDSTREAM SOLUTIONS LTD (VULCAN),Technician-01,11/15/2023,11/15/2024,12,55,,,,100,NEAR 522 HIGHWAY (1.4 KM N); 01-31-013-20-W4,NOT AVAILABLE,AB,NOT AVAILABLE,IN SERVICE,-999,-999,VULCAN,NOT APPLICABLE,CAN,50.1239,-112.716511
GCOMP1650,CAMPUS ENERGY PARTNERS OPERATIONS INC.,VISTA MIDSTREAM SOLUTIONS LTD,Technician-02,12/15/2023,12/15/2024,6,55,,,,100,10-35-015-16-W4,NOT AVAILABLE,AB,NOT AVAILABLE,IN SERVICE,-999,-999,TABER,NOT APPLICABLE,CAN,49.984628,-112.386707
GCOMP1512,CANADIAN NATURAL RESOURCES LTD.,ANADARKO CANADA CORPORATION (TABER A),Technician-03,11/20/2022,11/15/2023,12,55,20,,,100,RANGE ROAD 145; 13-17-014-14-W4,NOT AVAILABLE,AB,NOT AVAILABLE,SUSPENDED,-999,-999,TABER,NOT APPLICABLE,CAN,50.175392,-111.886904
GCOMP1513,CANADIAN NATURAL RESOURCES LTD.,ANADARKO CANADA CORPORATION (TABER B),Technician-04,11/22/2022,11/17/2023,12,55,,,,100,RANGE ROAD 141; 16-23-012-14-W4,NOT AVAILABLE,AB,NOT AVAILABLE,SUSPENDED,-999,-999,TABER,NOT APPLICABLE,CAN,50.015581,-111.805806
GCOMP1533,CANADIAN NATURAL RESOURCES LTD.,BURLINGTON RESOURCES CANADA (HUNTER) (WILLOW CREEK NO. 26 A),Technician-05,11/24/2022,11/19/2023,12,55,,,,100,NEAR RANGE ROAD 274 (1.0 KM W); 10-28-012-27-W4,NOT AVAILABLE,AB,NOT AVAILABLE,IN SERVICE,-999,-999,WILLOW CREEK NO. 26,NOT APPLICABLE,CAN,50.028362,-113.624339
GCOMP1534,CANADIAN NATURAL RESOURCES LTD.,BURLINGTON RESOURCES CANADA (HUNTER) (WILLOW CREEK NO. 26 B),Technician-06,11/26/2022,11/21/2023,12,55,,,,100,12-19-011-25-W4,NOT AVAILABLE,AB,NOT AVAILABLE,IN SERVICE,-999,-999,WILLOW CREEK NO. 26,NOT APPLICABLE,CAN,49.92576,-113.41034
GCOMP1541,CANADIAN NATURAL RESOURCES LTD.,CANADIAN HUNTER EXPLORATION LTD. (WILLOW CREEK NO. 26 B),Technician-07,5/27/2023,11/23/2023,6,55,,,,100,2 HIGHWAY; 13-31-011-26-W4,NOT AVAILABLE,AB,NOT AVAILABLE,SUSPENDED,-999,-999,WILLOW CREEK NO. 26,NOT APPLICABLE,CAN,49.958108,-113.544974
GCOMP1544,CANADIAN NATURAL RESOURCES LTD.,CANADIAN NATURAL RESOURCES LTD. (CYPRESS A),Technician-08,11/16/2022,11/11/2023,12,55,,,,100,NEAR 524 HIGHWAY (0.6 KM N); 10-21-013-10-W4,NOT AVAILABLE,AB,NOT AVAILABLE,IN SERVICE,-999,-999,CYPRESS,NOT APPLICABLE,CAN,50.101991,-111.307883
GCOMP1545,CANADIAN NATURAL RESOURCES LTD.,CANADIAN NATURAL RESOURCES LTD. (CYPRESS B),Technician-09,5/18/2023,11/14/2023,6,55,,,,100,TOWNSHIP ROAD 144; 16-21-014-10-W4,NOT AVAILABLE,AB,NOT AVAILABLE,SUSPENDED,-999,-999,CYPRESS,NOT APPLICABLE,CAN,50.19212,-111.30234
GCOMP1546,CANADIAN NATURAL RESOURCES LTD.,CANADIAN NATURAL RESOURCES LTD. (FORTY MILE NO. 8),Technician-10,11/20/2022,11/15/2023,12,55,,,,100,RANGE ROAD 100; 08-24-006-10-W4,NOT AVAILABLE,AB,NOT AVAILABLE,ABANDONED,-999,-999,FORTY MILE NO. 8,NOT APPLICABLE,CAN,49.485068,-111.218388
GCOMP1547,CANADIAN NATURAL RESOURCES LTD.,CANADIAN NATURAL RESOURCES LTD. (NEWELL NO. 4 A),Technician-11,5/5/2023,11/1/2023,6,55,20,,,100,RANGE ROAD 114; 05-04-016-11-W4,NOT AVAILABLE,AB,NOT AVAILABLE,IN SERVICE,-999,-999,NEWELL NO. 4,NOT APPLICABLE,CAN,50.315719,-111.469824
GCOMP1548,CANADIAN NATURAL RESOURCES LTD.,CANADIAN NATURAL RESOURCES LTD. (NEWELL NO. 4 B),Technician-12,5/19/2023,11/15/2023,6,55,,,,100,RANGE ROAD 113; 09-28-014-11-W4,NOT AVAILABLE,AB,NOT AVAILABLE,IN SERVICE,-999,-999,NEWELL NO. 4,NOT APPLICABLE,CAN,50.202036,-111.437954
GCOMP1549,CANADIAN NATURAL RESOURCES LTD.,CANADIAN NATURAL RESOURCES LTD. (NEWELL NO. 4 C),Technician-13,6/2/2023,11/29/2023,6,55,,,,100,NEAR RANGE ROAD 161 (0.6 KM E); 11-08-002-11-W4,NOT AVAILABLE,AB,NOT AVAILABLE,IN SERVICE,-999,-999,NEWELL NO. 4,NOT APPLICABLE,CAN,50.305375,-112.100668
GCOMP1550,CANADIAN NATURAL RESOURCES LTD.,CANADIAN NATURAL RESOURCES LTD. (NEWELL NO. 4 D),Technician-14,12/6/2022,12/1/2023,12,55,,,,100,132079 535 HIGHWAY; 16-34-016-13-W4,NOT AVAILABLE,AB,NOT AVAILABLE,IN SERVICE,-999,-999,NEWELL NO. 4,NOT APPLICABLE,CAN,50.393677,-111.700926
GCOMP1551,CANADIAN NATURAL RESOURCES LTD.,CANADIAN NATURAL RESOURCES LTD. (TABER A),Technician-15,5/19/2023,11/15/2023,6,55,,,,100,10-01-013-16-W4,NOT AVAILABLE,AB,NOT AVAILABLE,SUSPENDED,-999,-999,TABER,NOT APPLICABLE,CAN,50.057789,-112.058642
GCOMP1552,CANADIAN NATURAL RESOURCES LTD.,CANADIAN NATURAL RESOURCES LTD. (TABER B),Technician-16,5/21/2023,11/17/2023,6,55,,,,100,11-23-014-16-W4,NOT AVAILABLE,AB,NOT AVAILABLE,SUSPENDED,-999,-999,TABER,NOT APPLICABLE,CAN,50.186298,-112.086585
GCOMP1553,CANADIAN NATURAL RESOURCES LTD.,CANADIAN NATURAL RESOURCES LTD. (VULCAN A),Technician-17,11/24/2022,11/19/2023,12,55,,,,100,NEAR RANGE ROAD 231 (0.6 KM W); 14-13-016-23-W4,NOT AVAILABLE,AB,NOT AVAILABLE,SUSPENDED,-999,-999,VULCAN,NOT APPLICABLE,CAN,50.351641,-113.042827
GCOMP1554,CANADIAN NATURAL RESOURCES LTD.,CANADIAN NATURAL RESOURCES LTD. (VULCAN B),Technician-18,5/25/2023,11/21/2023,6,55,,,,100,RANGE ROAD 225; 16-19-016-22-W4,NOT AVAILABLE,AB,NOT AVAILABLE,SUSPENDED,-999,-999,VULCAN,NOT APPLICABLE,CAN,50.365416,-113.01063
GCOMP1555,CANADIAN NATURAL RESOURCES LTD.,CANADIAN NATURAL RESOURCES LTD. (WARNER NO. 5 A),Technician-19,11/28/2022,11/23/2023,12,55,,,,100,NEAR TOWNSHIP ROAD 24 (0.6 KM ESE); 02-27-002-12-W4,NOT AVAILABLE,AB,NOT AVAILABLE,IN SERVICE,-999,-999,WARNER NO. 5,NOT APPLICABLE,CAN,49.145061,-111.529866
GCOMP1556,CANADIAN NATURAL RESOURCES LTD.,CANADIAN NATURAL RESOURCES LTD.(WARNER NO. 5 B),Technician-20,5/15/2023,11/11/2023,6,55,20,40,,100,TOWNSHIP ROAD 24; 13-19-002-11-W4,NOT AVAILABLE,AB,NOT AVAILABLE,SUSPENDED,-999,-999,WARNER NO. 5,NOT APPLICABLE,CAN,49.14313,-111.470534
GCOMP1557,CANADIAN NATURAL RESOURCES LTD.,CANADIAN NATURAL RESOURCES LTD. (WILLOW CREEK NO. 26 A),Technician-21,11/19/2022,11/14/2023,12,55,,40,,100,NEAR RANGE ROAD 272 (0.6 KMW); 06-23-013-27-W4,NOT AVAILABLE,AB,NOT AVAILABLE,SUSPENDED,-999,-999,WILLOW CREEK NO. 26,NOT APPLICABLE,CAN,50.096221,-113.588348
GCOMP1558,CANADIAN NATURAL RESOURCES LTD.,CANADIAN NATURAL RESOURCES LTD.(WILLOW CREEK NO. 26 B),Technician-22,2/18/2023,11/15/2023,9,55,,40,,100,07-20-013-27-W4,NOT AVAILABLE,AB,NOT AVAILABLE,SUSPENDED,-999,-999,WILLOW CREEK NO. 26,NOT APPLICABLE,CAN,50.095596,-113.649618
GCOMP1559,CANADIAN NATURAL RESOURCES LTD.,CANADIAN NATURAL RESOURCES LTD.(STATION A),Technician-23,5/5/2023,11/1/2023,6,55,,40,,100,05-22-002-11-W4,NOT AVAILABLE,AB,NOT AVAILABLE,SUSPENDED,-999,-999,NOT AVAILABLE,NOT APPLICABLE,CAN,49.129303,-111.409058
GCOMP1560,CANADIAN NATURAL RESOURCES LTD.,CANADIAN NATURAL RESOURCES LTD. (STATION B),Technician-24,5/19/2023,11/15/2023,6,55,,40,Y,100,11-19-014-16-W4,NOT AVAILABLE,AB,NOT AVAILABLE,IN SERVICE,-999,-999,NOT AVAILABLE,NOT APPLICABLE,CAN,49.299069,-112.754889
GCOMP1655,CANADIAN NATURAL RESOURCES LTD.,ENERPLUS RESOURCES CORPORATION,Technician-25,12/4/2022,11/29/2023,12,55,,40,Y,100,4017 TOWNSHIP ROAD 132; 02-13-013-04-W4,NOT AVAILABLE,AB,NOT AVAILABLE,IN SERVICE,-999,-999,CYPRESS,NOT APPLICABLE,CAN,50.077588,-110.418935
GCOMP1656,CANADIAN NATURAL RESOURCES LTD.,EOG RESOURCES CANADA INC (FORTY MILE NO. 8),Technician-01,3/6/2023,12/1/2023,9,55,,40,,100,TOWNSHIP ROAD 60; 13-34-005-12-W4,NOT AVAILABLE,AB,NOT AVAILABLE,ABANDONED,-999,-999,FORTY MILE NO. 8,NOT APPLICABLE,CAN,49.435143,-111.551591
GCOMP1657,CANADIAN NATURAL RESOURCES LTD.,EOG RESOURCES CANADA INC,Technician-02,11/20/2022,11/15/2023,12,55,,40,,25,15-33-012-10-W4,NOT AVAILABLE,AB,NOT AVAILABLE,IN SERVICE,-999,-999,NOT AVAILABLE,NOT APPLICABLE,CAN,50.047005,-111.309241
GCOMP1669,CANADIAN NATURAL RESOURCES LTD.,HUSKY OIL OPERATIONS LTD. (WARNER NO. 5),Technician-03,5/21/2023,11/17/2023,6,55,,40,Y,33,TOWNSHIP ROAD 73; 02-20-007-16-W4,NOT AVAILABLE,AB,NOT AVAILABLE,ABANDONED,-999,-999,WARNER NO. 5,NOT APPLICABLE,CAN,49.569147,-112.13578
GCOMP1694,CANADIAN NATURAL RESOURCES LTD.,NORTHSTAR ENERGY CORPORATION,Technician-04,5/23/2023,11/19/2023,6,55,,40,,49,04-13-009-04-W5,NOT AVAILABLE,AB,NOT AVAILABLE,SUSPENDED,-999,-999,RANCHLAND NO. 66,NOT APPLICABLE,CAN,49.729956,-114.427457
GCOMP1732,CANADIAN NATURAL RESOURCES LTD.,REAL,Technician-05,5/25/2023,11/21/2023,6,55,20,40,,51,NEAR RANGE ROAD 170 (1.4 KM W); 01-31-015-16-W4,NOT AVAILABLE,AB,NOT AVAILABLE,SUSPENDED,-999,-999,TABER,NOT APPLICABLE,CAN,50.29929,-112.186212
GCOMP1760,CANADIAN NATURAL RESOURCES LTD.,CANADIAN NATURAL RESOURCES LTD.,Technician-06,5/27/2023,11/23/2023,6,55,,40,,66,11-10-012-18-W4,NOT AVAILABLE,AB,NOT AVAILABLE,ABANDONED,-999,-999,NOT AVAILABLE,NOT APPLICABLE,CAN,49.110932,-111.442262
GCOMP1588,CANADIAN OIL & GAS INTERNATIONAL INC.,DRUMLIN ENERGY CORP. (TABER),Technician-07,11/16/2022,11/11/2023,12,55,20,40,,67,NEAR RANGE ROAD 163 (0.6 KM SW); 05-15-009-16-W4,NOT AVAILABLE,AB,NOT AVAILABLE,IN SERVICE,-999,-999,TABER,NOT APPLICABLE,CAN,49.732182,-112.100672
GCOMP1589,CANADIAN OIL & GAS INTERNATIONAL INC.,DRUMLIN ENERGY CORP. (WARNER NO. 5),Technician-08,11/19/2022,11/14/2023,12,55,,40,,92,17330 TOWNSHIP ROAD 55; 04-33-005-17-W4,NOT AVAILABLE,AB,NOT AVAILABLE,IN SERVICE,-999,-999,WARNER NO. 5,NOT APPLICABLE,CAN,49.424763,-112.24355
GCOMP1578,CANLIN RESOURCES PARTNERSHIP,DIRECT ENERGY MARKETING LTD. (CYPRESS A),Technician-09,11/20/2022,11/15/2023,12,55,20,,,93,NEAR TOWNSHIP ROAD 142A (1.6 KM WNW); 01-18-014-05-W4,NOT AVAILABLE,AB,NOT AVAILABLE,IN SERVICE,-999,-999,CYPRESS,NOT APPLICABLE,CAN,50.165147,-110.66637
GCOMP1579,CANLIN RESOURCES PARTNERSHIP,DIRECT ENERGY MARKETING LTD. (CYPRESS B),Technician-10,5/5/2023,11/1/2023,6,55,,,,94,RANGE ROAD 62; 08-22-014-06-W4,NOT AVAILABLE,AB,NOT AVAILABLE,IN SERVICE,-999,-999,CYPRESS,NOT APPLICABLE,CAN,50.186183,-110.73375
GCOMP1580,CANLIN RESOURCES PARTNERSHIP,DIRECT ENERGY MARKETING LTD. (CYPRESS C),Technician-11,11/20/2022,11/15/2023,12,55,,40,,95,14334 BOX SPRINGS ROAD; 12-24-014-06-W4,NOT AVAILABLE,AB,NOT AVAILABLE,IN SERVICE,-999,-999,CYPRESS,NOT APPLICABLE,CAN,50.186493,-110.704631
GCOMP1581,CANLIN RESOURCES PARTNERSHIP,DIRECT ENERGY MARKETING LTD. (CYPRESS D),Technician-12,6/2/2023,11/29/2023,6,55,20,,,96,TOWNSHIP ROAD 144; 12-29-014-05-W4,NOT AVAILABLE,AB,NOT AVAILABLE,IN SERVICE,-999,-999,CYPRESS,NOT APPLICABLE,CAN,50.202479,-110.66171
GCOMP1582,CANLIN RESOURCES PARTNERSHIP,DIRECT ENERGY MARKETING LTD. (CYPRESS E),Technician-13,3/6/2023,12/1/2023,9,55,,,,97,RANGE ROAD 205; 13-07-016-01-W4,NOT AVAILABLE,AB,NOT AVAILABLE,IN SERVICE,-999,-999,CYPRESS,NOT APPLICABLE,CAN,50.337275,-110.140017
GCOMP1583,CANLIN RESOURCES PARTNERSHIP,DIRECT ENERGY MARKETING LTD. (CYPRESS F),Technician-14,12/12/2022,12/7/2023,12,55,,,Y,98,41 HIGHWAY; 14-14-014-03-W4,NOT AVAILABLE,AB,NOT AVAILABLE,IN SERVICE,-999,-999,CYPRESS,NOT APPLICABLE,CAN,50.1775,-110.317582
GCOMP1584,CANLIN RESOURCES PARTNERSHIP,DIRECT ENERGY MARKETING LTD. (CYPRESS G),Technician-15,6/18/2023,12/15/2023,6,55,,,,99,TOWNSHIP ROAD 144; 15-19-014-02-W4,NOT AVAILABLE,AB,NOT AVAILABLE,IN SERVICE,-999,-999,CYPRESS,NOT APPLICABLE,CAN,50.193137,-110.265617
GCOMP1585,CANLIN RESOURCES PARTNERSHIP,DIRECT ENERGY MARKETING LTD. (STATION A),Technician-16,1/5/2023,12/31/2023,12,55,20,40,,80,01-15-015-05-W4,NOT AVAILABLE,AB,NOT AVAILABLE,IN SERVICE,-999,-999,NOT AVAILABLE,NOT APPLICABLE,CAN,50.254873,-110.603533
GCOMP1586,CANLIN RESOURCES PARTNERSHIP,DIRECT ENERGY MARKETING LTD.(STATION B),Technician-17,5/19/2023,11/15/2023,6,55,,,,75,10-31-013-02-W4,NOT AVAILABLE,AB,NOT AVAILABLE,IN SERVICE,-999,-999,NOT AVAILABLE,NOT APPLICABLE,CAN,50.1313,-110.261218
GCOMP1668,CANLIN RESOURCES PARTNERSHIP,HUSKY OIL OPERATIONS LTD. (RANCHLAND NO. 66),Technician-18,11/22/2022,11/17/2023,12,55,,40,,70,RANGE ROAD 41A; 05-11-014-04-W5,NOT AVAILABLE,AB,NOT AVAILABLE,IN SERVICE,-999,-999,RANCHLAND NO. 66,NOT APPLICABLE,CAN,50.156477,-114.454103
GCOMP1702,CANLIN RESOURCES PARTNERSHIP,PETRO-CANADA (CYPRESS A),Technician-19,11/24/2022,11/19/2023,12,55,,,,60,NEAR RANGE ROAD 33 (1.4 KM W); 01-10-016-03-W4,NOT AVAILABLE,AB,NOT AVAILABLE,IN SERVICE,-999,-999,CYPRESS,NOT APPLICABLE,CAN,50.328151,-110.326519
GCOMP1703,CANLIN RESOURCES PARTNERSHIP,PETRO-CANADA (CYPRESS B),Technician-20,11/26/2022,11/21/2023,12,55,,,,50,TOWNSHIP ROAD 154; 02-27-015-04-W4,NOT AVAILABLE,AB,NOT AVAILABLE,IN SERVICE,-999,-999,CYPRESS,NOT APPLICABLE,CAN,50.28148,-110.469743
GCOMP1704,CANLIN RESOURCES PARTNERSHIP,PETRO-CANADA (CYPRESS C),Technician-21,11/28/2022,11/23/2023,12,55,20,,,25,TOWNSHIP ROAD 162; 03-15-016-10-W4,NOT AVAILABLE,AB,NOT AVAILABLE,IN SERVICE,-999,-999,CYPRESS,NOT APPLICABLE,CAN,50.339839,-111.301412
GCOMP1705,CANLIN RESOURCES PARTNERSHIP,PETRO-CANADA (CYPRESS D),Technician-22,5/15/2023,11/11/2023,6,55,,40,,100,RANGE ROAD 104; 04-21-015-10-W4,NOT AVAILABLE,AB,NOT AVAILABLE,SUSPENDED,-999,-999,CYPRESS,NOT APPLICABLE,CAN,50.269706,-111.332702
GCOMP1706,CANLIN RESOURCES PARTNERSHIP,PETRO-CANADA (CYPRESS E),Technician-23,11/19/2022,11/14/2023,12,55,,,,100,NEAR RANGE ROAD 35 (1.0 KM W); 07-20-015-03-W4,NOT AVAILABLE,AB,NOT AVAILABLE,IN SERVICE,-999,-999,CYPRESS,NOT APPLICABLE,CAN,50.272713,-110.377899
GCOMP1707,CANLIN RESOURCES PARTNERSHIP,PETRO-CANADA (CYPRESS F),Technician-24,5/19/2023,11/15/2023,6,55,,,,100,RANGE ROAD 44; 09-08-016-04-W4,NOT AVAILABLE,AB,NOT AVAILABLE,IN SERVICE,-999,-999,CYPRESS,NOT APPLICABLE,CAN,50.334713,-110.509642
GCOMP1708,CANLIN RESOURCES PARTNERSHIP,PETRO-CANADA (CYPRESS G),Technician-25,11/6/2022,11/1/2023,12,55,,,,100,RANGE ROAD 44; 09-20-016-04-W4,NOT AVAILABLE,AB,NOT AVAILABLE,IN SERVICE,-999,-999,CYPRESS,NOT APPLICABLE,CAN,50.363351,-110.509804
GCOMP1709,CANLIN RESOURCES PARTNERSHIP,PETRO-CANADA (CYPRESS H),Technician-01,5/19/2023,11/15/2023,6,55,,,,100,RANGE ROAD 43; 09-28-015-04-W4,NOT AVAILABLE,AB,NOT AVAILABLE,IN SERVICE,-999,-999,CYPRESS,NOT APPLICABLE,CAN,50.29052,-110.486502
GCOMP1710,CANLIN RESOURCES PARTNERSHIP,PETRO-CANADA (CYPRESS I),Technician-02,6/2/2023,11/29/2023,6,55,20,,,100,NEAR RANGE ROAD 33 (0.9 KM SE); 10-09-015-03-W4,NOT AVAILABLE,AB,NOT AVAILABLE,IN SERVICE,-999,-999,CYPRESS,NOT APPLICABLE,CAN,50.246484,-110.357949
GCOMP1711,CANLIN RESOURCES PARTNERSHIP,PETRO-CANADA (CYPRESS J),Technician-03,6/4/2023,12/1/2023,6,55,,,,100,OLD TRANSCANADA HIGHWAY; 10-11-015-10-W4,NOT AVAILABLE,AB,NOT AVAILABLE,IN SERVICE,-999,-999,CYPRESS,NOT APPLICABLE,CAN,50.245418,-111.273518
GCOMP1712,CANLIN RESOURCES PARTNERSHIP,PETRO-CANADA (CYPRESS K),Technician-04,12/12/2022,12/7/2023,12,55,,,,100,NEAR RANGE ROAD 43 (0.6 KM E); 10-33-014-04-W4,NOT AVAILABLE,AB,NOT AVAILABLE,IN SERVICE,-999,-999,CYPRESS,NOT APPLICABLE,CAN,50.218096,-110.489286
GCOMP1713,CANLIN RESOURCES PARTNERSHIP,PETRO-CANADA (CYPRESS L),Technician-05,5/19/2023,11/15/2023,6,55,,,,100,RANGE ROAD 101; 12-01-016-10-W4,NOT AVAILABLE,AB,NOT AVAILABLE,IN SERVICE,-999,-999,CYPRESS,NOT APPLICABLE,CAN,50.321378,-111.264124
GCOMP1714,CANLIN RESOURCES PARTNERSHIP,PETRO-CANADA (CYPRESS M),Technician-06,5/21/2023,11/17/2023,6,55,,,,100,NEAR TOWNSHIP ROAD 150 (1.3 KM ENE); 12-33-014-04-W4,NOT AVAILABLE,AB,NOT AVAILABLE,IN SERVICE,-999,-999,CYPRESS,NOT APPLICABLE,CAN,50.216546,-110.5005
GCOMP1715,CANLIN RESOURCES PARTNERSHIP,PETRO-CANADA (CYPRESS N),Technician-07,11/24/2022,11/19/2023,12,55,,,,100,RANGE ROAD 35; 13-05-015-03-W4,NOT AVAILABLE,AB,NOT AVAILABLE,IN SERVICE,-999,-999,CYPRESS,NOT APPLICABLE,CAN,50.23634,-110.39326
GCOMP1716,CANLIN RESOURCES PARTNERSHIP,PETRO-CANADA (CYPRESS O),Technician-08,5/25/2023,11/21/2023,6,55,,,,100,17329 RANGE ROAD 23; 13-22-017-02-W4,NOT AVAILABLE,AB,NOT AVAILABLE,IN SERVICE,-999,-999,CYPRESS,NOT APPLICABLE,CAN,50.455323,-110.21057
GCOMP1717,CANLIN RESOURCES PARTNERSHIP,PETRO-CANADA (CYPRESS P),Technician-09,11/28/2022,11/23/2023,12,55,20,,,100,RANGE ROAD 32; 13-26-017-03-W4,NOT AVAILABLE,AB,NOT AVAILABLE,IN SERVICE,-999,-999,CYPRESS,NOT APPLICABLE,CAN,50.467255,-110.323643
GCOMP1718,CANLIN RESOURCES PARTNERSHIP,PETRO-CANADA (CYPRESS Q),Technician-10,5/15/2023,11/11/2023,6,55,,,,25,TOWNSHIP ROAD 160; 13-33-015-04-W4,NOT AVAILABLE,AB,NOT AVAILABLE,IN SERVICE,-999,-999,CYPRESS,NOT APPLICABLE,CAN,50.309462,-110.506544
GCOMP1719,CANLIN RESOURCES PARTNERSHIP,PETRO-CANADA (STATION A),Technician-11,11/19/2022,11/14/2023,12,55,,,,33,10-24-015-05-W4,NOT AVAILABLE,AB,NOT AVAILABLE,IN SERVICE,-999,-999,NOT AVAILABLE,NOT APPLICABLE,CAN,50.27735,-110.560787
GCOMP1720,CANLIN RESOURCES PARTNERSHIP,PETRO-CANADA (STATION B),Technician-12,2/18/2023,11/15/2023,9,55,,,,49,15-33-016-03-W4,NOT AVAILABLE,AB,NOT AVAILABLE,IN SERVICE,-999,-999,NOT AVAILABLE,NOT APPLICABLE,CAN,50.394439,-110.354769
GCOMP1508,CARDINAL ENERGY LTD.,ADVANTAGE & OIL GAS LTD. (NEWELL NO. 4),Technician-13,5/5/2023,11/1/2023,6,55,,,,51,RANGE ROAD 133; 16-28-017-13-W4,NOT AVAILABLE,AB,NOT AVAILABLE,ABANDONED,-999,-999,NEWELL NO. 4,NOT APPLICABLE,CAN,50.466753,-111.72873
GCOMP1540,CENOVUS ENERGY INC.,CANADIAN HUNTER EXPLORATION LTD. (WILLOW CREEK NO. 26 A),Technician-14,5/19/2023,11/15/2023,6,55,,,,66,10-06-016-26-W4,NOT AVAILABLE,AB,NOT AVAILABLE,IN SERVICE,-999,-999,WILLOW CREEK NO. 26,NOT APPLICABLE,CAN,50.31756,-113.563227
GCOMP1542,CENOVUS ENERGY INC.,CANADIAN HUNTER EXPLORATION LTD. (WILLOW CREEK NO. 26 C),Technician-15,12/4/2022,11/29/2023,12,55,,,,67,14-18-015-26-W4,NOT AVAILABLE,AB,NOT AVAILABLE,IN SERVICE,-999,-999,WILLOW CREEK NO. 26,NOT APPLICABLE,CAN,50.263463,-113.566933
GCOMP1543,CENOVUS ENERGY INC.,CANADIAN HUNTER EXPLORATION LTD. (WILLOW CREEK NO. 26 D),Technician-16,3/6/2023,12/1/2023,9,55,,,,92,16-32-014-26-W4,NOT AVAILABLE,AB,NOT AVAILABLE,IN SERVICE,-999,-999,WILLOW CREEK NO. 26,NOT APPLICABLE,CAN,50.219716,-113.509329
GCOMP1569,CENOVUS ENERGY INC.,CONOCO CANADA RESOURCES LTD. (TABER),Technician-17,12/12/2022,12/7/2023,12,55,20,,,93,10-27-014-18-W4,NOT AVAILABLE,AB,NOT AVAILABLE,IN SERVICE,-999,-999,TABER,NOT APPLICABLE,CAN,50.202064,-112.37992
GCOMP1570,CENOVUS ENERGY INC.,CONOCO CANADA RESOURCES LTD. (VULCAN A),Technician-18,6/18/2023,12/15/2023,6,55,,,,94,RANGE ROAD 205; 05-05-017-20-W4,NOT AVAILABLE,AB,NOT AVAILABLE,IN SERVICE,-999,-999,VULCAN,NOT APPLICABLE,CAN,50.404422,-112.72825
GCOMP1571,CENOVUS ENERGY INC.,CONOCO CANADA RESOURCES LTD. (VULCAN B),Technician-19,7/4/2023,12/31/2023,6,55,,,,95,204877 TOWNSHIP ROAD 42; 09-18-014-20-W4,NOT AVAILABLE,AB,NOT AVAILABLE,IN SERVICE,-999,-999,VULCAN,NOT APPLICABLE,CAN,50.175065,-112.716945
GCOMP1572,CENOVUS ENERGY INC.,CONOCO CANADA RESOURCES LTD. (VULCAN C),Technician-20,5/23/2023,11/19/2023,6,55,,,,96,NEAR RANGE ROAD 221 (0.6 KM E); 10-23-016-22-W4,NOT AVAILABLE,AB,NOT AVAILABLE,IN SERVICE,-999,-999,VULCAN,NOT APPLICABLE,CAN,50.362571,-112.925344
GCOMP1573,CENOVUS ENERGY INC.,CONOCO CANADA RESOURCES LTD. (VULCAN D),Technician-21,5/25/2023,11/21/2023,6,55,,,,97,NEAR RANGE ROAD 221 (0.6 KM W); 11-13-016-22-W4,NOT AVAILABLE,AB,NOT AVAILABLE,IN SERVICE,-999,-999,VULCAN,NOT APPLICABLE,CAN,50.349067,-112.907133
GCOMP1574,CENOVUS ENERGY INC.,CONOCO CANADA RESOURCES LTD. (VULCAN E),Technician-22,11/28/2022,11/23/2023,12,55,,,,98,165036 RANGE ROAD 205; 12-32-016-20-W4,NOT AVAILABLE,AB,NOT AVAILABLE,IN SERVICE,-999,-999,VULCAN,NOT APPLICABLE,CAN,50.392339,-112.728219
GCOMP1678,CITY OF MEDICINE HAT,CITY OF MEDICINE HAT,Technician-23,11/16/2022,11/11/2023,12,55,,,,99,DIVISION AVENUE NORTH; 08-12-013-06-W4,NOT AVAILABLE,AB,NOT AVAILABLE,IN SERVICE,-999,-999,MEDICINE HAT,NOT APPLICABLE,CAN,50.06928,-110.687735
GCOMP1752,DELPHI ENERGY CORPORATION,TERCERO ENERGY INC,Technician-24,11/19/2022,11/14/2023,12,55,,,,80,NEAR RANGE ROAD 210 (1.8 M W); 04-29-014-20-W4,NOT AVAILABLE,AB,NOT AVAILABLE,SUSPENDED,-999,-999,VULCAN,NOT APPLICABLE,CAN,50.196234,-112.70689
GCOMP1587,DRAKE ENERGY LTD.,DRAKE PACIFIC ENTERPRISES LTD.,Technician-25,5/19/2023,11/15/2023,6,55,,,,75,NEAR RANGE ROAD 161 (0.6 KM W); 06-12-010-16-W4,NOT AVAILABLE,AB,NOT AVAILABLE,IN SERVICE,-999,-999,TABER,NOT APPLICABLE,CAN,49.803671,-112.042261
GCOMP1654,ENERPLUS CORPORATION,ENERMARK INC (TABER),Technician-01,11/6/2022,11/1/2023,12,55,20,40,,70,153072 TOWNSHIP ROAD 100; 02-04-010-15-W4,NOT AVAILABLE,AB,NOT AVAILABLE,IN SERVICE,-999,-999,TABER,NOT APPLICABLE,CAN,49.786388,-111.979645
GCOMP1756,ENERPLUS CORPORATION,TRILOCH RESOURCES INC,Technician-02,5/19/2023,11/15/2023,6,55,,40,,60,TOWNSHIP ROAD 130; 04-02-013-17-W4,NOT AVAILABLE,AB,NOT AVAILABLE,IN SERVICE,-999,-999,TABER,NOT APPLICABLE,CAN,50.049306,-112.234883
GCOMP1660,GEX RESOURCES LTD.,GEX RESOURCES LTD,Technician-03,3/4/2023,11/29/2023,9,55,,40,Y,50,RANGE ROAD 32; 08-15-017-03-W4,NOT AVAILABLE,AB,NOT AVAILABLE,IN SERVICE,-999,-999,CYPRESS,NOT APPLICABLE,CAN,50.433541,-110.326305
GCOMP1662,HARVARD INTERNATIONAL RESOURCES LTD.,HARVARD INTERNATIONAL RESOURCES LTD.,Technician-04,12/6/2022,12/1/2023,12,55,,40,,25,10-10-013-18-W4,NOT AVAILABLE,AB,NOT AVAILABLE,IN SERVICE,-999,-999,TABER,NOT APPLICABLE,CAN,50.071303,-112.378914
GCOMP1663,HARVEST OPERATIONS CORPORATION,"HUNT OIL COMPANY OF CANADA, INC.",Technician-05,6/10/2023,12/7/2023,6,55,,40,,100,08-08-014-15-W4,NOT AVAILABLE,AB,NOT AVAILABLE,IN SERVICE,-999,-999,NOT AVAILABLE,NOT APPLICABLE,CAN,50.156344,-112.007773
GCOMP1675,HARVEST OPERATIONS CORPORATION,KEYWEST ENERGY CORPORATION (TABER A),Technician-06,12/20/2022,12/15/2023,12,55,,40,,100,NEAR TOWNSHIP ROAD 114 (1.0 KM S); 09-28-011-15-W4,NOT AVAILABLE,AB,NOT AVAILABLE,IN SERVICE,-999,-999,TABER,NOT APPLICABLE,CAN,49.94245284,-111.9881898
GCOMP1676,HARVEST OPERATIONS CORPORATION,KEYWEST ENERGY CORPORATION (TABER B),Technician-07,7/4/2023,12/31/2023,6,55,,40,,100,NEAR TOWNSHIP ROAD 114 (1.0 KM S); 09-28-011-15-W4,NOT AVAILABLE,AB,NOT AVAILABLE,IN SERVICE,-999,-999,TABER,NOT APPLICABLE,CAN,49.94245448,-111.988093
GCOMP1677,HAWTHORNE ENERGY LTD.,MAHALO ENERGY LTD.,Technician-08,11/20/2022,11/15/2023,12,55,,40,,100,NEAR RANGE ROAD 204 (1.0 KM E); 14-08-016-20-W4,NOT AVAILABLE,AB,NOT AVAILABLE,IN SERVICE,-999,-999,VULCAN,NOT APPLICABLE,CAN,50.335913,-112.723461
GCOMP1515,HOUSTON OIL & GAS LTD.,ATLAS ENERGY LTD. (TABER),Technician-09,11/22/2022,11/17/2023,12,55,,40,,100,RANGE ROAD 190; 05-07-014-18-W4,NOT AVAILABLE,AB,NOT AVAILABLE,IN SERVICE,-999,-999,TABER,NOT APPLICABLE,CAN,50.156987,-112.459989
GCOMP1652,HOUSTON OIL & GAS LTD.,ENDEV ENERGY INC (VULCAN A),Technician-10,11/24/2022,11/19/2023,12,55,,40,,100,172006 RANGE ROAD 185; 01-18-017-18-W4,NOT AVAILABLE,AB,NOT AVAILABLE,IN SERVICE,-999,-999,VULCAN,NOT APPLICABLE,CAN,50.427432,-112.457472
GCOMP1653,HOUSTON OIL & GAS LTD.,ENDEV ENERGY INC (VULCAN B),Technician-11,11/26/2022,11/21/2023,12,55,20,40,,100,NEAR TOWNSHIP ROAD 180 (0.6 KM WNW); 14-32-017-19-W4,NOT AVAILABLE,AB,NOT AVAILABLE,IN SERVICE,-999,-999,VULCAN,NOT APPLICABLE,CAN,50.483627,-112.584323
GCOMP1697,HOUSTON OIL & GAS LTD.,NYCAN ENERGY CORPORATION (LETHBRIDGE C),Technician-12,5/27/2023,11/23/2023,6,55,,40,Y,100,NEAR RANGE ROAD 204 (0.6 KM W); 06-09-011-20-W4,NOT AVAILABLE,AB,NOT AVAILABLE,IN SERVICE,-999,-999,LETHBRIDGE,NOT APPLICABLE,CAN,49.895076,-112.679463
GCOMP1670,INNOVA ENERGY LTD.,INNOVA ENERGY LTD (VULCAN A),Technician-13,11/16/2022,11/11/2023,12,55,20,40,,100,TOWNSHIP ROAD 170; 13-35-016-19-W4,NOT AVAILABLE,AB,NOT AVAILABLE,IN SERVICE,-999,-999,VULCAN,NOT APPLICABLE,CAN,50.39607563,-112.5238198
GCOMP1671,INNOVA ENERGY LTD.,INNOVA ENERGY LTD (VULCAN B),Technician-14,5/18/2023,11/14/2023,6,55,,40,,100,TOWNSHIP ROAD 170; 13-35-016-19-W4,NOT AVAILABLE,AB,NOT AVAILABLE,IN SERVICE,-999,-999,VULCAN,NOT APPLICABLE,CAN,50.39607267,-112.5236971
GCOMP1517,IPC CANADA LTD.,ATLAS ENERGY LTD. (VULCAN B),Technician-15,11/20/2022,11/15/2023,12,55,20,,,100,213082 TOWNSHIP ROAD 170; 04-04-017-21-W4,NOT AVAILABLE,AB,NOT AVAILABLE,ABANDONED,-999,-999,VULCAN,NOT APPLICABLE,CAN,50.398583,-112.843772
GCOMP1518,IPC CANADA LTD.,ATLAS ENERGY LTD. (VULCAN C),Technician-16,5/5/2023,11/1/2023,6,55,,,,100,170044 RANGE ROAD 221; 08-02-017-22-W4,NOT AVAILABLE,AB,NOT AVAILABLE,SUSPENDED,-999,-999,VULCAN,NOT APPLICABLE,CAN,50.405031,-112.916245
GCOMP1519,IPC CANADA LTD.,ATLAS ENERGY LTD. (VULCAN D),Technician-17,5/19/2023,11/15/2023,6,55,,40,,100,NEAR TOWNSHIP ROAD 170 (0.6 KM S); 08-04-017-20-W4,NOT AVAILABLE,AB,NOT AVAILABLE,SUSPENDED,-999,-999,VULCAN,NOT APPLICABLE,CAN,50.40168,-112.690418
GCOMP1520,IPC CANADA LTD.,ATLAS ENERGY LTD. (VULCAN E),Technician-18,6/2/2023,11/29/2023,6,55,20,,,25,NEAR RANGE ROAD 205 (0.6 KM E); 15-19-016-20-W4,NOT AVAILABLE,AB,NOT AVAILABLE,SUSPENDED,-999,-999,VULCAN,NOT APPLICABLE,CAN,50.365496,-112.737498
GCOMP1521,IPC CANADA LTD.,ATLAS ENERGY LTD. (VULCAN F),Technician-19,12/6/2022,12/1/2023,12,55,,,,33,TOWNSHIP ROAD 171; 16-04-017-21-W4,NOT AVAILABLE,AB,NOT AVAILABLE,SUSPENDED,-999,-999,VULCAN,NOT APPLICABLE,CAN,50.41112,-112.823322
GCOMP1576,IPC CANADA LTD.,DEETHREE EXPLORATION LTD. (TABER),Technician-20,6/10/2023,12/7/2023,6,55,,,,49,11-15-004-21-W4,NOT AVAILABLE,AB,NOT AVAILABLE,IN SERVICE,-999,-999,TABER,NOT APPLICABLE,CAN,50.189142,-112.182001
GCOMP1577,IPC CANADA LTD.,DEETHREE EXPLORATION LTD. (WARNER NO. 5),Technician-21,6/18/2023,12/15/2023,6,55,,,,51,17029 TOWNSHIP RANGE ROAD 34; 13-24-003-17-W4,NOT AVAILABLE,AB,NOT AVAILABLE,IN SERVICE,-999,-999,WARNER NO. 5,NOT APPLICABLE,CAN,49.230465,-112.178353
GCOMP1593,IPC CANADA LTD.,ENCANA CORPORATION (CARDSTON B),Technician-22,1/5/2023,12/31/2023,12,55,20,40,,66,NEAR RANGE ROAD 211 (2.1 KM WNW); 12-06-004-20-W4,NOT AVAILABLE,AB,NOT AVAILABLE,IN SERVICE,-999,-999,CARDSTON,NOT APPLICABLE,CAN,49.271676,-112.690567
GCOMP1594,IPC CANADA LTD.,ENCANA CORPORATION (CYPRESS A),Technician-23,5/19/2023,11/15/2023,6,55,,,,67,RANGE ROAD 84; 01-17-014-08-W4,NOT AVAILABLE,AB,NOT AVAILABLE,IN SERVICE,-999,-999,CYPRESS,NOT APPLICABLE,CAN,50.165547,-111.053629
GCOMP1595,IPC CANADA LTD.,ENCANA CORPORATION (CYPRESS B),Technician-24,12/4/2022,11/29/2023,12,55,,40,,92,TOWNSHIP ROAD 142; 01-17-014-09-W4,NOT AVAILABLE,AB,NOT AVAILABLE,IN SERVICE,-999,-999,CYPRESS,NOT APPLICABLE,CAN,50.165021,-111.189237
GCOMP1597,IPC CANADA LTD.,ENCANA CORPORATION (CYPRESS D),Technician-25,6/4/2023,12/1/2023,6,55,,,,93,NEAR RANGE ROAD 90 (1.0 KM E); 06-24-013-09-W4,NOT AVAILABLE,AB,NOT AVAILABLE,IN SERVICE,-999,-999,CYPRESS,NOT APPLICABLE,CAN,50.097651,-111.108869
GCOMP1598,IPC CANADA LTD.,ENCANA CORPORATION (CYPRESS E),Technician-01,12/12/2022,12/7/2023,12,55,,,,94,RANGE ROAD 93; 09-21-014-09-W4,NOT AVAILABLE,AB,NOT AVAILABLE,IN SERVICE,-999,-999,CYPRESS,NOT APPLICABLE,CAN,50.187089,-111.165351
GCOMP1599,IPC CANADA LTD.,ENCANA CORPORATION (CYPRESS F),Technician-02,3/20/2023,12/15/2023,9,55,20,,,95,TOWNSHIP ROAD 144; 13-24-014-10-W4,NOT AVAILABLE,AB,NOT AVAILABLE,IN SERVICE,-999,-999,CYPRESS,NOT APPLICABLE,CAN,50.193374,-111.25243
GCOMP1636,IPC CANADA LTD.,ENCANA CORPORATION (WARNER NO. 5 A),Technician-03,7/4/2023,12/31/2023,6,55,,40,,96,NEAR RANGE ROAD 200 (0.6 KM W); 06-31-005-19-W4,NOT AVAILABLE,AB,NOT AVAILABLE,IN SERVICE,-999,-999,WARNER NO. 5,NOT APPLICABLE,CAN,49.426352,-112.553833
GCOMP1637,IPC CANADA LTD.,ENCANA CORPORATION (WARNER NO. 5 B),Technician-04,5/18/2023,11/14/2023,6,55,,,,97,NEAR RANGE ROAD 183 (0.6 KM W); 06-34-005-18-W4,NOT AVAILABLE,AB,NOT AVAILABLE,IN SERVICE,-999,-999,WARNER NO. 5,NOT APPLICABLE,CAN,49.427436,-112.353174
GCOMP1638,IPC CANADA LTD.,ENCANA CORPORATION (WARNER NO. 5 C),Technician-05,11/20/2022,11/15/2023,12,55,,,,98,844 HIGHWAY; 08-24-005-21-W4,NOT AVAILABLE,AB,NOT AVAILABLE,IN SERVICE,-999,-999,WARNER NO. 5,NOT APPLICABLE,CAN,49.39988,-112.701904
GCOMP1639,IPC CANADA LTD.,ENCANA CORPORATION (WARNER NO. 5 D),Technician-06,2/4/2023,11/1/2023,9,55,,,,99,NEAR RANGE ROAD 183 (0.6 KM E); 15-04-005-18-W4,NOT AVAILABLE,AB,NOT AVAILABLE,IN SERVICE,-999,-999,WARNER NO. 5,NOT APPLICABLE,CAN,49.360541,-112.367941
GCOMP1640,IPC CANADA LTD.,ENCANA CORPORATION (WARNER NO. 5 E),Technician-07,11/20/2022,11/15/2023,12,55,,,,80,19205 TOWNSHIP ROAD 52; 16-10-005-19-W4,NOT AVAILABLE,AB,NOT AVAILABLE,IN SERVICE,-999,-999,WARNER NO. 5,NOT APPLICABLE,CAN,49.376905,-112.473376
GCOMP1641,IPC CANADA LTD.,ENCANA CORPORATION ( STATION A),Technician-08,6/2/2023,11/29/2023,6,55,20,,,75,12-24-017-05-W4,NOT AVAILABLE,AB,NOT AVAILABLE,IN SERVICE,-999,-999,NOT AVAILABLE,NOT APPLICABLE,CAN,50.448424,-110.57457
GCOMP1642,IPC CANADA LTD.,ENCANA CORPORATION (STATION B),Technician-09,6/4/2023,12/1/2023,6,55,,,,70,14-31-003-20-W4,NOT AVAILABLE,AB,NOT AVAILABLE,IN SERVICE,-999,-999,NOT AVAILABLE,NOT APPLICABLE,CAN,49.258594,-112.685804
GCOMP1647,IPC CANADA LTD.,ENCANA OIL AND GAS COMPANY LTD. (CYPRESS C),Technician-10,6/10/2023,12/7/2023,6,55,,,,60,TOWNSHIP ROAD 150; 01-04-015-08-W4,NOT AVAILABLE,AB,NOT AVAILABLE,IN SERVICE,-999,-999,CYPRESS,NOT APPLICABLE,CAN,50.224269,-111.037713
GCOMP1648,IPC CANADA LTD.,ENCANA OIL AND GAS COMPANY LTD. (CYPRESS C),Technician-11,6/18/2023,12/15/2023,6,55,,,,50,TOWNSHIP ROAD 150A; 01-04-015-06-W4,NOT AVAILABLE,AB,NOT AVAILABLE,IN SERVICE,-999,-999,CYPRESS,NOT APPLICABLE,CAN,50.223452,-110.763205
GCOMP1649,IPC CANADA LTD.,ENCANA OIL AND GAS COMPANY LTD. (CYPRESS D),Technician-12,1/5/2023,12/31/2023,12,55,,,,25,TOWNSHIP ROAD 150A; 01-04-015-07-W4,NOT AVAILABLE,AB,NOT AVAILABLE,IN SERVICE,-999,-999,CYPRESS,NOT APPLICABLE,CAN,50.224468,-110.897862
GCOMP1661,IPC CANADA LTD.,GRANITE OIL CORP.,Technician-13,1/15/2023,1/15/2024,12,55,,,,100,17022 TOWNSHIP ROAD 34; 14-24-003-17-W4,NOT AVAILABLE,AB,NOT AVAILABLE,IN SERVICE,-999,-999,WARNER NO. 5,NOT APPLICABLE,CAN,49.230575,-112.172539
GCOMP1672,JARRODS OILS LTD.,JARROD OILS LTD,Technician-14,2/15/2023,2/15/2024,12,55,,,,100,RANGE ROAD 181; 12-12-015-18-W4,NOT AVAILABLE,AB,NOT AVAILABLE,IN SERVICE,-999,-999,TABER,NOT APPLICABLE,CAN,50.244925,-112.359803
GCOMP1673,JEFFCO HOLDINGS CORPORATION,JEFFCO HOLDINGS CORP,Technician-15,3/15/2023,3/15/2024,6,55,20,,Y,100,25 HIGHWAY; 16-22-012-19-W4,NOT AVAILABLE,AB,NOT AVAILABLE,IN SERVICE,-999,-999,LETHBRIDGE,NOT APPLICABLE,CAN,50.016426,-112.511868
GCOMP1566,LEXIN RESOURCES LTD.,COMPTON PETROLEUM CORPORATION (FOOTHILLS NO. 31 A),Technician-16,4/15/2023,4/15/2024,12,55,,,Y,100,02-20-017-29-W4,NOT AVAILABLE,AB,NOT AVAILABLE,IN SERVICE,-999,-999,FOOTHILLS NO. 31,NOT APPLICABLE,CAN,50.443777,-113.952287
GCOMP1567,LEXIN RESOURCES LTD.,COMPTON PETROLEUM CORPORATION (FOOTHILLS NO. 31 B),Technician-17,5/15/2023,5/15/2024,6,55,,,,100,06-11-017-28-W4,NOT AVAILABLE,AB,NOT AVAILABLE,IN SERVICE,-999,-999,FOOTHILLS NO. 31,NOT APPLICABLE,CAN,50.415485,-113.752053
GCOMP1568,LEXIN RESOURCES LTD.,COMPTON PETROLEUM CORPORATION (WILLOW CREEK NO. 26),Technician-18,6/15/2023,6/15/2024,9,55,,,,100,RANGE ROAD 290; 11-31-016-28-W4,NOT AVAILABLE,AB,NOT AVAILABLE,IN SERVICE,-999,-999,WILLOW CREEK NO. 26,NOT APPLICABLE,CAN,50.390206,-113.844207
GCOMP1659,LONG TERM ASSET MANAGEMENT INC.,EXXONMOBIL CANADA ENERGY,Technician-19,7/15/2023,7/15/2024,12,55,,,Y,100,NEAR RANGE ROAD 263 (0.6 KM W); 14-15-014-26-W4,NOT AVAILABLE,AB,NOT AVAILABLE,IN SERVICE,-999,-999,WILLOW CREEK NO. 26,NOT APPLICABLE,CAN,50.177586,-113.472905
GCOMP1682,LONG TERM ASSET MANAGEMENT INC.,MURPHY OIL COMPANY LTD,Technician-20,8/15/2023,8/15/2024,6,55,,,,100,04-03-015-26-W4,NOT AVAILABLE,AB,NOT AVAILABLE,IN SERVICE,-999,-999,WILLOW CREEK NO. 26,NOT APPLICABLE,CAN,50.226297,-113.501954
GCOMP1751,LONG TERM ASSET MANAGEMENT INC.,SIGNALTA RESOURCES LIMITED,Technician-21,9/15/2023,9/15/2024,12,55,,,,100,152005 RANGE ROAD 265; 13-17-015-26-W4,NOT AVAILABLE,AB,NOT AVAILABLE,SUSPENDED,-999,-999,WILLOW CREEK NO. 26,NOT APPLICABLE,CAN,50.263213,-113.547534
GCOMP1690,NEO EXPLORATION INC.,NEO EXPLORATION INC.,Technician-22,10/15/2023,10/15/2024,6,55,,,,100,06-26-002-09-W4,NOT AVAILABLE,AB,NOT AVAILABLE,IN SERVICE,-999,-999,NOT AVAILABLE,NOT APPLICABLE,CAN,49.151155,-111.10896
GCOMP1591,OBSIDIAN ENERGY LTD.,ELK POINT RESOURCES INC,Technician-23,11/15/2023,11/15/2024,12,55,20,,,100,TOWNSHIP ROAD 13; 14-15-001-16-W4,NOT AVAILABLE,AB,NOT AVAILABLE,SUSPENDED,-999,-999,WARNER NO. 5,NOT APPLICABLE,CAN,49.038829,-112.070983
GCOMP1683,OBSIDIAN ENERGY LTD.,NCE RESOURCES GROUP INC. (CARDSTON A),Technician-24,12/15/2023,12/15/2024,12,55,,,,100,TOWNSHIP ROAD 62; 02-13-006-22-W4,NOT AVAILABLE,AB,NOT AVAILABLE,ABANDONED,-999,-999,CARDSTON,NOT APPLICABLE,CAN,49.465436,-112.840657
GCOMP1684,OBSIDIAN ENERGY LTD.,NCE RESOURCES GROUP INC. (CARDSTON B),Technician-25,1/15/2023,1/15/2024,12,55,,,,100,60057 5 HIGHWAY; 03-01-006-22-W4,NOT AVAILABLE,AB,NOT AVAILABLE,ABANDONED,-999,-999,CARDSTON,NOT APPLICABLE,CAN,49.436287,-112.841869
GCOMP1685,OBSIDIAN ENERGY LTD.,NCE RESOURCES GROUP INC. (CARDSTON C),Technician-01,2/15/2023,2/15/2024,12,55,,,,25,NEAR RANGE ROAD 213 (1.6 KM ESE); 04-28-003-21-W4,NOT AVAILABLE,AB,NOT AVAILABLE,IN SERVICE,-999,-999,CARDSTON,NOT APPLICABLE,CAN,49.236071,-112.780084
GCOMP1686,OBSIDIAN ENERGY LTD.,NCE RESOURCES GROUP INC. (CARDSTON D),Technician-02,3/15/2023,3/15/2024,6,55,,,,33,63041 RANGE ROAD 220; 13-19-006-21-W4,NOT AVAILABLE,AB,NOT AVAILABLE,SUSPENDED,-999,-999,CARDSTON,NOT APPLICABLE,CAN,49.49395,-112.82928
GCOMP1687,OBSIDIAN ENERGY LTD.,NCE RESOURCES GROUP INC. (CARDSTON E),Technician-03,4/15/2023,4/15/2024,12,55,,,,49,TOWNSHIP ROAD 64; 14-22-006-22-W4,NOT AVAILABLE,AB,NOT AVAILABLE,SUSPENDED,-999,-999,CARDSTON,NOT APPLICABLE,CAN,49.493943,-112.887221
GCOMP1688,OBSIDIAN ENERGY LTD.,NCE RESOURCES GROUP INC. (CARDSTON F),Technician-04,5/15/2023,5/15/2024,6,55,,,,51,TOWNSHIP ROAD 42; 15-08-004-21-W4,NOT AVAILABLE,AB,NOT AVAILABLE,ABANDONED,-999,-999,CARDSTON,NOT APPLICABLE,CAN,49.287717,-112.791764
GCOMP1689,OBSIDIAN ENERGY LTD.,NCE RESOURCES GROUP INC. (CARDSTON G),Technician-05,6/15/2023,6/15/2024,12,55,,,Y,66,RANGE ROAD 212; 08-27-006-21-W4,NOT AVAILABLE,AB,NOT AVAILABLE,SUSPENDED,-999,-999,WARNER NO. 5,NOT APPLICABLE,CAN,49.50024,-112.7461
GCOMP1592,OVINTIV CANADA ULC,ENCANA CORPORATION (CARDSTON A),Technician-06,7/15/2023,7/15/2024,6,55,,,,67,NEAR RANGE ROAD 201 (1.0 KM E); 06-02-001-20-W4,NOT AVAILABLE,AB,NOT AVAILABLE,ABANDONED,-999,-999,CARDSTON,NOT APPLICABLE,CAN,49.003128,-112.578762
GCOMP1596,OVINTIV CANADA ULC,ENCANA CORPORATION (CYPRESS C),Technician-07,8/15/2023,8/15/2024,6,55,20,40,,92,TOWNSHIP ROAD 94; 01-28-009-04-W4,NOT AVAILABLE,AB,NOT AVAILABLE,IN SERVICE,-999,-999,CYPRESS,NOT APPLICABLE,CAN,49.757739,-110.480693
GCOMP1609,OVINTIV CANADA ULC,ENCANA CORPORATION (FORTY MILE NO. 8 J),Technician-08,9/15/2023,9/15/2024,6,55,,40,,93,8039 TOWNSHIP ROAD 64; 15-24-006-08-W4,NOT AVAILABLE,AB,NOT AVAILABLE,IN SERVICE,-999,-999,FORTY MILE NO. 8,NOT APPLICABLE,CAN,49.495718,-110.954154
GCOMP1610,OVINTIV CANADA ULC,ENCANA CORPORATION (LETHBRIDGE),Technician-09,10/15/2023,10/15/2024,12,55,,40,,94,TOWNSHIP ROAD 34; 15-20-013-20-W4,NOT AVAILABLE,AB,NOT AVAILABLE,SUSPENDED,-999,-999,LETHBRIDGE,NOT APPLICABLE,CAN,50.104479,-112.695553
GCOMP1635,OVINTIV CANADA ULC,ENCANA CORPORATION (VULCAN),Technician-10,11/15/2023,11/15/2024,6,55,,40,,95,164027 RANGE ROAD 251; 05-25-016-25-W4,NOT AVAILABLE,AB,NOT AVAILABLE,SUSPENDED,-999,-999,VULCAN,NOT APPLICABLE,CAN,50.372885,-113.322222
GCOMP1646,OVINTIV CANADA ULC,ENCANA OIL AND GAS COMPANY LTD. (CYPRESS B),Technician-11,12/15/2023,12/15/2024,6,55,,40,,96,TOWNSHIP ROAD 160; 15-33-015-08-W4,NOT AVAILABLE,AB,NOT AVAILABLE,IN SERVICE,-999,-999,CYPRESS,NOT APPLICABLE,CAN,50.309515,-111.045776
GCOMP1651,OVINTIV CANADA ULC,ENCANA OIL AND GAS COMPANY LTD. (STATION A),Technician-12,1/15/2023,1/15/2024,12,55,,40,,97,15-26-014-08-W4,NOT AVAILABLE,AB,NOT AVAILABLE,SUSPENDED,-999,-999,NOT AVAILABLE,NOT APPLICABLE,CAN,50.208197,-110.995183
GCOMP1698,PARAMOUNT RESOURCES LTD.,PARAMOUNT RESOURCES LTD (LETHBRIDGE A),Technician-13,2/15/2023,2/15/2024,6,55,,40,,98,NEAR RANGE ROAD 193 (0.6 KM E); 07-33-011-19-W4,NOT AVAILABLE,AB,NOT AVAILABLE,SUSPENDED,-999,-999,LETHBRIDGE,NOT APPLICABLE,CAN,49.952905,-112.540915
GCOMP1699,PARAMOUNT RESOURCES LTD.,PARAMOUNT RESOURCES LTD (LETHBRIDGE B),Technician-14,3/15/2023,3/15/2024,12,55,,40,,99,113049 RANGE ROAD 193; 13-15-011-19-W4,NOT AVAILABLE,AB,NOT AVAILABLE,SUSPENDED,-999,-999,LETHBRIDGE,NOT APPLICABLE,CAN,49.916361,-112.528191
GCOMP1634,PIERIDAE ALBERTA PRODUCTION LTD.,SHELL CANADA LTD.,Technician-15,4/15/2023,4/15/2024,6,55,,40,,80,12-08-004-08-W4,NOT AVAILABLE,AB,NOT AVAILABLE,IN SERVICE,-999,-999,PINCHER CREEK NO. 9,NOT APPLICABLE,CAN,49.196617,-113.98925
GCOMP1736,PIERIDAE ALBERTA PRODUCTION LTD.,SHELL CANADA LTD.,Technician-16,5/15/2023,5/15/2024,12,55,,40,,75,41023 RANGE ROAD 85; 12-09-003-30-W4,NOT AVAILABLE,AB,NOT AVAILABLE,IN SERVICE,-999,-999,FORTY MILE NO. 8,NOT APPLICABLE,CAN,49.286341,-111.058957
GCOMP1737,PIERIDAE ALBERTA PRODUCTION LTD.,SHELL CANADA LTD. (STATION A),Technician-17,6/15/2023,6/15/2024,9,55,20,40,,70,02-25-004-02-W5,NOT AVAILABLE,AB,NOT AVAILABLE,IN SERVICE,-999,-999,NOT AVAILABLE,NOT APPLICABLE,CAN,49.319867,-114.143484
GCOMP1738,PIERIDAE ALBERTA PRODUCTION LTD.,SHELL CANADA LTD. (STATION B),Technician-18,7/15/2023,7/15/2024,6,55,,40,,60,09-34-003-01-W5,NOT AVAILABLE,AB,NOT AVAILABLE,IN SERVICE,-999,-999,NOT AVAILABLE,NOT APPLICABLE,CAN,49.256166,-114.044252
GCOMP1739,PIERIDAE ALBERTA PRODUCTION LTD.,SHELL CANADA LTD. (PINCHER CREEK NO. 9 A),Technician-19,8/15/2023,8/15/2024,6,55,20,40,,50,01-03-005-02-W5,NOT AVAILABLE,AB,NOT AVAILABLE,IN SERVICE,-999,-999,PINCHER CREEK NO. 9,NOT APPLICABLE,CAN,49.352679,-114.184245
GCOMP1740,PIERIDAE ALBERTA PRODUCTION LTD.,SHELL CANADA LTD. (PINCHER CREEK NO. 9 B),Technician-20,9/15/2023,9/15/2024,12,55,,40,,25,02-21-004-01-W5,NOT AVAILABLE,AB,NOT AVAILABLE,IN SERVICE,-999,-999,PINCHER CREEK NO. 9,NOT APPLICABLE,CAN,49.3065,-114.076939
GCOMP1742,PIERIDAE ALBERTA PRODUCTION LTD.,SHELL CANADA LTD. (PINCHER CREEK NO. 9 D),Technician-21,10/15/2023,10/15/2024,9,55,20,,,100,RANGE ROAD 14; 04-04-006-01-W5,NOT AVAILABLE,AB,NOT AVAILABLE,IN SERVICE,-999,-999,PINCHER CREEK NO. 9,NOT APPLICABLE,CAN,49.43809679,-114.0865614
GCOMP1743,PIERIDAE ALBERTA PRODUCTION LTD.,SHELL CANADA LTD. (PINCHER CREEK NO. 9 E),Technician-22,11/15/2023,11/15/2024,12,55,,,,100,NEAR RANGE ROAD 22B (1.5 KM NNW); 04-10-005-02-W5,NOT AVAILABLE,AB,NOT AVAILABLE,IN SERVICE,-999,-999,PINCHER CREEK NO. 9,NOT APPLICABLE,CAN,49.365446,-114.200889
GCOMP1744,PIERIDAE ALBERTA PRODUCTION LTD.,SHELL CANADA LTD. (PINCHER CREEK NO. 9 F),Technician-23,12/15/2023,12/15/2024,6,55,,40,,100,1329 TOWNSHIP ROAD 43A; 04-21-004-01-W5,NOT AVAILABLE,AB,NOT AVAILABLE,IN SERVICE,-999,-999,PINCHER CREEK NO. 9,NOT APPLICABLE,CAN,49.30728,-114.089255
GCOMP1745,PIERIDAE ALBERTA PRODUCTION LTD.,SHELL CANADA LTD. (PINCHER CREEK NO. 9 G),Technician-24,5/15/2023,11/11/2023,6,55,20,,,100,06-12-006-03-W5,NOT AVAILABLE,AB,NOT AVAILABLE,IN SERVICE,-999,-999,PINCHER CREEK NO. 9,NOT APPLICABLE,CAN,49.456052,-114.285745
GCOMP1746,PIERIDAE ALBERTA PRODUCTION LTD.,SHELL CANADA LTD. (PINCHER CREEK NO. 9 H),Technician-25,5/18/2023,11/14/2023,6,55,,,,100,06-15-004-01-W5,NOT AVAILABLE,AB,NOT AVAILABLE,IN SERVICE,-999,-999,PINCHER CREEK NO. 9,NOT APPLICABLE,CAN,49.296298,-114.059718
GCOMP1747,PIERIDAE ALBERTA PRODUCTION LTD.,SHELL CANADA LTD. (PINCHER CREEK NO. 9 I),Technician-01,5/19/2023,11/15/2023,6,55,,,,100,09-02-005-02-W5,NOT AVAILABLE,AB,NOT AVAILABLE,IN SERVICE,-999,-999,PINCHER CREEK NO. 9,NOT APPLICABLE,CAN,49.358599,-114.160232
GCOMP1748,PIERIDAE ALBERTA PRODUCTION LTD.,SHELL CANADA LTD. (PINCHER CREEK NO. 9 J),Technician-02,11/6/2022,11/1/2023,12,55,,,,100,10-02-004-01-W5,NOT AVAILABLE,AB,NOT AVAILABLE,IN SERVICE,-999,-999,PINCHER CREEK NO. 9,NOT APPLICABLE,CAN,49.269373,-114.030844
GCOMP1749,PIERIDAE ALBERTA PRODUCTION LTD.,SHELL CANADA LTD. (PINCHER CREEK NO. 9 K),Technician-03,11/20/2022,11/15/2023,12,55,20,40,,100,2436 TOWNSHIP ROAD 53; 10-17-005-02-W5,NOT AVAILABLE,AB,NOT AVAILABLE,IN SERVICE,-999,-999,PINCHER CREEK NO. 9,NOT APPLICABLE,CAN,49.386904,-114.235934
GCOMP1750,PIERIDAE ALBERTA PRODUCTION LTD.,SHELL CANADA LTD. (PINCHER CREEK NO. 9 L),Technician-04,12/4/2022,11/29/2023,12,55,,,,100,16-23-003-01-W5,NOT AVAILABLE,AB,NOT AVAILABLE,IN SERVICE,-999,-999,PINCHER CREEK NO. 9,NOT APPLICABLE,CAN,49.230584,-114.02841
GCOMP1600,PINE CLIFF ENERGY LTD.,ENCANA CORPORATION (FORTY MILE NO. 8 A),Technician-05,6/4/2023,12/1/2023,6,55,,40,,100,RANGE ROAD 84; 01-17-003-08-W4,NOT AVAILABLE,AB,NOT AVAILABLE,IN SERVICE,-999,-999,FORTY MILE NO. 8,NOT APPLICABLE,CAN,49.202153,-111.038759
GCOMP1601,PINE CLIFF ENERGY LTD.,ENCANA CORPORATION (FORTY MILE NO. 8 B),Technician-06,1/15/2023,1/15/2024,12,55,,,,100,NEAR RANGE ROAD 82 (0.6 KM W); 03-23-003-08-W4,NOT AVAILABLE,AB,NOT AVAILABLE,IN SERVICE,-999,-999,FORTY MILE NO. 8,NOT APPLICABLE,CAN,49.218722,-110.986094
GCOMP1602,PINE CLIFF ENERGY LTD.,ENCANA CORPORATION (FORTY MILE NO. 8 C),Technician-07,2/15/2023,2/15/2024,6,55,,,,100,NEAR RANGE ROAD 102 (0.9 KM SW); 06-35-001-10-W4,NOT AVAILABLE,AB,NOT AVAILABLE,IN SERVICE,-999,-999,FORTY MILE NO. 8,NOT APPLICABLE,CAN,49.076487,-111.245951
GCOMP1603,PINE CLIFF ENERGY LTD.,ENCANA CORPORATION (FORTY MILE NO. 8 D),Technician-08,3/15/2023,3/15/2024,9,55,20,,,100,50054 RANGE ROAD 111; 09-02-005-11-W4,NOT AVAILABLE,AB,NOT AVAILABLE,IN SERVICE,-999,-999,FORTY MILE NO. 8,NOT APPLICABLE,CAN,49.356884,-111.373875
GCOMP1604,PINE CLIFF ENERGY LTD.,ENCANA CORPORATION (FORTY MILE NO. 8 E),Technician-09,4/15/2023,4/15/2024,12,55,,40,,25,TOWNSHIP ROAD 24; 10-29-002-07-W4,NOT AVAILABLE,AB,NOT AVAILABLE,IN SERVICE,-999,-999,FORTY MILE NO. 8,NOT APPLICABLE,CAN,49.153292,-110.904206
GCOMP1605,PINE CLIFF ENERGY LTD.,ENCANA CORPORATION (FORTY MILE NO. 8 F),Technician-10,5/15/2023,5/15/2024,6,55,,,,33,95043 TOWNSHIP ROAD 12; 12-16-001-09-W4,NOT AVAILABLE,AB,NOT AVAILABLE,IN SERVICE,-999,-999,FORTY MILE NO. 8,NOT APPLICABLE,CAN,49.037296,-111.16299
GCOMP1606,PINE CLIFF ENERGY LTD.,ENCANA CORPORATION (FORTY MILE NO. 8 G),Technician-11,6/15/2023,6/15/2024,12,55,,,,49,42049 887 HIGHWAY; 12-18-004-06-W4,NOT AVAILABLE,AB,NOT AVAILABLE,IN SERVICE,-999,-999,FORTY MILE NO. 8,NOT APPLICABLE,CAN,49.299294,-110.812239
GCOMP1607,PINE CLIFF ENERGY LTD.,ENCANA CORPORATION (FORTY MILE NO. 8 H),Technician-12,7/15/2023,7/15/2024,6,55,,,,51,90041 TOWNSHIP ROAD 30; 14-36-002-09-W4,NOT AVAILABLE,AB,NOT AVAILABLE,IN SERVICE,-999,-999,FORTY MILE NO. 8,NOT APPLICABLE,CAN,49.172579,-111.086276
GCOMP1608,PINE CLIFF ENERGY LTD.,ENCANA CORPORATION (FORTY MILE NO. 8 I),Technician-13,8/15/2023,8/15/2024,12,55,,,,66,95031 TOWNSHIP ROAD 74; 15-19-007-09-W4,NOT AVAILABLE,AB,NOT AVAILABLE,IN SERVICE,-999,-999,FORTY MILE NO. 8,NOT APPLICABLE,CAN,49.581581,-111.209015
GCOMP1645,PINE CLIFF ENERGY LTD.,ENCANA OIL AND GAS COMPANY LTD. (CYPRESS A),Technician-14,9/15/2023,9/15/2024,12,55,20,,,67,RANCHVILLE ROAD; 06-35-007-04-W4,NOT AVAILABLE,AB,NOT AVAILABLE,IN SERVICE,-999,-999,CYPRESS,NOT APPLICABLE,CAN,49.600434,-110.450047
GCOMP1691,PINE CLIFF ENERGY LTD.,NEXEN CANADA LTD. (CYPRESS A),Technician-15,1/15/2023,1/15/2024,12,55,,,,92,TOWNSHIP ROAD 140; 03-03-014-02-W4,NOT AVAILABLE,AB,NOT AVAILABLE,IN SERVICE,-999,-999,CYPRESS,NOT APPLICABLE,CAN,50.135868,-110.199888
GCOMP1692,PINE CLIFF ENERGY LTD.,NEXEN CANADA LTD. (CYPRESS B),Technician-16,2/15/2023,2/15/2024,12,55,,,,93,NEAR TOWNSHIP ROAD 132 (1.0 KMS); 09-18-013-01-W4,NOT AVAILABLE,AB,NOT AVAILABLE,IN SERVICE,-999,-999,CYPRESS,NOT APPLICABLE,CAN,50.08487,-110.119664
GCOMP1693,PINE CLIFF ENERGY LTD.,NEXEN CANADA LTD.,Technician-17,3/15/2023,3/15/2024,6,55,,,,94,04-16-014-01-W4,NOT AVAILABLE,AB,NOT AVAILABLE,IN SERVICE,-999,-999,NOT AVAILABLE,NOT APPLICABLE,CAN,50.166586,-110.092792
GCOMP1721,PINE CLIFF ENERGY LTD.,PINE CLIFF ENERGY LTD.,Technician-18,4/15/2023,4/15/2024,12,55,,,,95,70066 885 HIGHWAY; 16-02-007-09-W4,NOT AVAILABLE,AB,NOT AVAILABLE,IN SERVICE,-999,-999,FORTY MILE NO. 8,NOT APPLICABLE,CAN,49.535102,-111.1121
GCOMP1503,QUESTFIRE ENERGY CORPORATION,ADVANTAGE OIL & GAS LTD,Technician-19,5/15/2023,5/15/2024,6,55,,,,96,15-14-014-04-W4,NOT AVAILABLE,AB,NOT AVAILABLE,IN SERVICE,-999,-999,CYPRESS,NOT APPLICABLE,CAN,50.175734,-110.444031
GCOMP1504,QUESTFIRE ENERGY CORPORATION,ADVANTAGE OIL & GAS LTD (CYPRESS A),Technician-20,6/15/2023,6/15/2024,12,55,,,,97,RANGE ROAD 43; 04-27-014-04-W4,NOT AVAILABLE,AB,NOT AVAILABLE,IN SERVICE,-999,-999,CYPRESS,NOT APPLICABLE,CAN,50.195565,-110.480502
GCOMP1505,QUESTFIRE ENERGY CORPORATION,ADVANTAGE OIL & GAS LTD (CYPRESS B),Technician-21,7/15/2023,7/15/2024,6,55,20,,,98,NEAR TOWNSHIP ROAD 144 (1.0 KM NNE); 08-20-014-04-W4,NOT AVAILABLE,AB,NOT AVAILABLE,IN SERVICE,-999,-999,CYPRESS,NOT APPLICABLE,CAN,50.184371,-110.507368
GCOMP1506,QUESTFIRE ENERGY CORPORATION,ADVANTAGE OIL & GAS LTD (CYPRESS C),Technician-22,8/15/2023,8/15/2024,6,55,,,,99,RANGE ROAD 43; 12-22-014-04-W4,NOT AVAILABLE,AB,NOT AVAILABLE,IN SERVICE,-999,-999,CYPRESS,NOT APPLICABLE,CAN,50.186543,-110.481619
GCOMP1507,QUESTFIRE ENERGY CORPORATION,ADVANTAGE OIL & GAS LTD (CYPRESS D),Technician-23,9/15/2023,9/15/2024,6,55,,,,80,RANGE ROAD 43; 13-27-014-04-W4,NOT AVAILABLE,AB,NOT AVAILABLE,IN SERVICE,-999,-999,CYPRESS,NOT APPLICABLE,CAN,50.204955,-110.478943
GCOMP1795,QUESTFIRE ENERGY CORPORATION,PIONEER NATURAL RESOURCES CANADA,Technician-24,10/15/2023,10/15/2024,12,55,,,,75,1.33 MILES WEST ON TOWNSHIP ROAD 22 FROM RANGE ROAD 285A,NOT AVAILABLE,AB,T0K,IN SERVICE,-999,-999,CARDSTON,NOT APPLICABLE,CAN,49.11888,-113.760518
GCOMP1730,RAMARRO RESOURCES INC.,RAMARRO RESOURCES INC,Technician-25,11/15/2023,11/15/2024,6,55,,,,70,RANGE ROAD 224; 04-26-017-02-W4,NOT AVAILABLE,AB,NOT AVAILABLE,IN SERVICE,-999,-999,CYPRESS,NOT APPLICABLE,CAN,50.456486,-110.18522
GCOMP1731,RAN DEVELOPMENTS (1977) LTD.,RAN DEVELOPMENTS (1977) LTD.,Technician-01,12/15/2023,12/15/2024,6,55,,,,60,NEAR TOWNSHIP ROAD 141 (0.6 KM S); 08-07-014-05-W4,NOT AVAILABLE,AB,NOT AVAILABLE,IN SERVICE,-999,-999,CYPRESS,NOT APPLICABLE,CAN,50.155109,-110.665498
GCOMP1664,RAZOR ENERGY CORPORATION,"HUNT OIL COMPANY OF CANADA, INC. (TABER A)",Technician-02,1/15/2023,1/15/2024,12,55,,,,50,RANGE ROAD 171; 05-36-013-17-W4,NOT AVAILABLE,AB,NOT AVAILABLE,IN SERVICE,-999,-999,TABER,NOT APPLICABLE,CAN,50.127825,-112.210207
GCOMP1665,RAZOR ENERGY CORPORATION,"HUNT OIL COMPANY OF CANADA, INC. (TABER B)",Technician-03,2/15/2023,2/15/2024,6,55,,,,25,NEAR RANGE ROAD 172 (0.6 KM W); 11-23-014-17-W4,NOT AVAILABLE,AB,NOT AVAILABLE,IN SERVICE,-999,-999,TABER,NOT APPLICABLE,CAN,50.187198,-112.223658
GCOMP1666,RAZOR ENERGY CORPORATION,"HUNT OIL COMPANY OF CANADA, INC. (TABER C)",Technician-04,3/15/2023,3/15/2024,12,55,20,,,100,TOWNSHIP ROAD 134; 16-22-013-17-W4,NOT AVAILABLE,AB,NOT AVAILABLE,IN SERVICE,-999,-999,TABER,NOT APPLICABLE,CAN,50.105583,-112.238786
GCOMP1667,RAZOR ENERGY CORPORATION,"HUNT OIL COMPANY OF CANADA, INC. (VULCAN)",Technician-05,4/15/2023,4/15/2024,6,55,,,,100,NEAR RANGE ROAD 180 (0.6 KM W); 03-19-016-17-W4,NOT AVAILABLE,AB,NOT AVAILABLE,IN SERVICE,-999,-999,VULCAN,NOT APPLICABLE,CAN,50.357194,-112.334012
GCOMP1733,REGENT RESOURCES LTD.,REGENT RESOURCES LTD,Technician-06,5/15/2023,5/15/2024,12,55,,,,100,501 HIGHWAY; 01-01-002-19-W4,NOT AVAILABLE,AB,NOT AVAILABLE,ABANDONED,-999,-999,CARDSTON,NOT APPLICABLE,CAN,49.087101,-112.41089
GCOMP1735,ROZSA PETROLEUM LTD.,ROZSA PETROLEUM LTD,Technician-07,6/15/2023,6/15/2024,9,55,,,,100,115043 RANGE ROAD 221; 05-36-011-22-W4,NOT AVAILABLE,AB,NOT AVAILABLE,IN SERVICE,-999,-999,LETHBRIDGE,NOT APPLICABLE,CAN,49.952783,-112.892869
GCOMP1679,SANLING ENERGY LTD.,MEOTA RESOURCES CORP (TABER A),Technician-08,7/15/2023,7/15/2024,6,55,,,,100,NEAR RANGE ROAD 182 (0.6 KMW); 06-23-013-18-W4,NOT AVAILABLE,AB,NOT AVAILABLE,SUSPENDED,-999,-999,TABER,NOT APPLICABLE,CAN,50.09588962,-112.3644059
GCOMP1680,SANLING ENERGY LTD.,MEOTA RESOURCES CORP (TABER B),Technician-09,8/15/2023,8/15/2024,6,55,,,,100,16-29-014-17-W4,NOT AVAILABLE,AB,NOT AVAILABLE,SUSPENDED,-999,-999,TABER,NOT APPLICABLE,CAN,50.206968,-112.280088
GCOMP1681,SANLING ENERGY LTD.,MEOTA RESOURCES CORP (VULCAN),Technician-10,9/15/2023,9/15/2024,12,55,,,,100,TOWNSHIP ROAD 142; 06-16-014-20-W4,NOT AVAILABLE,AB,NOT AVAILABLE,SUSPENDED,-999,-999,VULCAN,NOT APPLICABLE,CAN,50.169228,-112.682107
GCOMP1728,SANLING ENERGY LTD.,PROVIDENT ENERGY LTD. (TABER),Technician-11,10/15/2023,10/15/2024,9,55,,,,100,RANGE ROAD 184; 04-33-015-18-W4,NOT AVAILABLE,AB,NOT AVAILABLE,SUSPENDED,-999,-999,TABER,NOT APPLICABLE,CAN,50.298826,-112.431793
GCOMP1729,SANLING ENERGY LTD.,PROVIDENT ENERGY LTD. (VULCAN),Technician-12,11/15/2023,11/15/2024,12,55,,,,100,539 HIGHWAY; 14-08-017-17-W4,NOT AVAILABLE,AB,NOT AVAILABLE,SUSPENDED,-999,-999,VULCAN,NOT APPLICABLE,CAN,50.423896,-112.309725
GCOMP1758,SANLING ENERGY LTD.,VAL VISTA ENERGY INC (TABER),Technician-13,12/15/2023,12/15/2024,6,55,20,40,,100,NEAR RANGE ROAD 150 (0.6 KM W); 06-31-009-14-W4,NOT AVAILABLE,AB,NOT AVAILABLE,SUSPENDED,-999,-999,TABER,NOT APPLICABLE,CAN,49.775026,-111.895854
GCOMP1766,SANLING ENERGY LTD.,PROVIDENT RETLAW 06-23 GGS,Technician-14,5/19/2023,11/15/2023,6,55,,40,,100,NEAR RANGE ROAD 182 (0.6 KM W); 06-23-013-18-W4,NOT AVAILABLE,AB,NOT AVAILABLE,SUSPENDED,-999,-999,TABER,NOT APPLICABLE,CAN,50.09589069,-112.3643367
GCOMP1741,SHELL CANADA LIMITED,SHELL CANADA LTD. (PINCHER CREEK NO. 9 C),Technician-15,5/5/2023,11/1/2023,6,55,,40,,100,RANGE ROAD 14; 04-04-006-01-W5,NOT AVAILABLE,AB,NOT AVAILABLE,IN SERVICE,-999,-999,PINCHER CREEK NO. 9,NOT APPLICABLE,CAN,49.43810658,-114.0869464
GCOMP1759,SPYGLASS RESOURCES CORPORATION,VAL VISTA ENERGY INC (WARNER NO. 5),Technician-16,5/19/2023,11/15/2023,6,55,,40,,100,6210 RANGE ROAD 162; 01-15-006-16-W4,NOT AVAILABLE,AB,NOT AVAILABLE,IN SERVICE,-999,-999,WARNER NO. 5,NOT APPLICABLE,CAN,49.465568,-112.069712
GCOMP1535,STRATHCONA RESOURCES LTD.,CANADIAN 88 ENERGY CORP,Technician-17,12/4/2022,11/29/2023,12,55,,40,Y,100,15-08-017-29-W4,NOT AVAILABLE,AB,NOT AVAILABLE,IN SERVICE,-999,-999,FOOTHILLS NO. 31,NOT APPLICABLE,CAN,50.423331,-113.950343
GCOMP1575,SURGE ENERGY INC.,CORINTHIAN ENERGY CORP.,Technician-18,12/6/2022,12/1/2023,12,55,,40,,100,122002 TOWNSHIP ROAD 90; 01-03-009-12-W4,NOT AVAILABLE,AB,NOT AVAILABLE,IN SERVICE,-999,-999,FORTY MILE NO. 8,NOT APPLICABLE,CAN,49.699117,-111.54103
GCOMP1522,TAMARACK ACQUISITION CORPORATION,BONAVISTA OIL & GAS LTD. (LETHBRIDGE),Technician-19,12/12/2022,12/7/2023,12,55,,40,,100,85039 RANGE ROAD 224; 05-33-008-22-W4,NOT AVAILABLE,AB,NOT AVAILABLE,IN SERVICE,-999,-999,LETHBRIDGE,NOT APPLICABLE,CAN,49.690954,-112.936323
GCOMP1523,TAMARACK ACQUISITION CORPORATION,BONAVISTA OIL & GAS LTD. (BLOOD),Technician-20,6/18/2023,12/15/2023,6,55,,40,,100,12-22-007-22-W4,NOT AVAILABLE,AB,NOT AVAILABLE,IN SERVICE,-999,-999,BLOOD,NOT APPLICABLE,CAN,49.575083,-112.91367
GCOMP1524,TAMARACK ACQUISITION CORPORATION,BONAVISTA PETROLEUM LTD. (CARDSTON A),Technician-21,1/5/2023,12/31/2023,12,55,,40,,100,RANGE ROAD 224; 01-29-006-22-W4,NOT AVAILABLE,AB,NOT AVAILABLE,IN SERVICE,-999,-999,CARDSTON,NOT APPLICABLE,CAN,49.496994,-112.923844
GCOMP1525,TAMARACK ACQUISITION CORPORATION,BONAVISTA PETROLEUM LTD. (CARDSTON B),Technician-22,1/15/2023,1/15/2024,6,55,,40,,100,65024 RANGE ROAD 222; 08-34-006-22-W4,NOT AVAILABLE,AB,NOT AVAILABLE,IN SERVICE,-999,-999,CARDSTON,NOT APPLICABLE,CAN,49.514114,-112.877932
GCOMP1526,TAMARACK ACQUISITION CORPORATION,BONAVISTA PETROLEUM LTD. (LETHBRIDGE A),Technician-23,2/15/2023,2/15/2024,9,55,20,40,,100,RANGE ROAD 221; 04-36-007-22-W4,NOT AVAILABLE,AB,NOT AVAILABLE,IN SERVICE,-999,-999,LETHBRIDGE,NOT APPLICABLE,CAN,49.599404,-112.867413
GCOMP1527,TAMARACK ACQUISITION CORPORATION,BONAVISTA PETROLEUM LTD. (LETHBRIDGE B),Technician-24,3/15/2023,3/15/2024,12,55,,40,,100,RANGE ROAD 221; 04-36-007-22-W4,NOT AVAILABLE,AB,NOT AVAILABLE,IN SERVICE,-999,-999,LETHBRIDGE,NOT APPLICABLE,CAN,49.599759,-112.867899
GCOMP1528,TAMARACK ACQUISITION CORPORATION,BONAVISTA PETROLEUM LTD. (LETHBRIDGE C),Technician-25,4/15/2023,4/15/2024,6,55,20,40,,100,NEAR TOWNSHIP ROAD 80 (0.6 KM S); 08-02-008-22-W4,NOT AVAILABLE,AB,NOT AVAILABLE,IN SERVICE,-999,-999,LETHBRIDGE,NOT APPLICABLE,CAN,49.617803,-112.874528
GCOMP1529,TAMARACK ACQUISITION CORPORATION,BONAVISTA PETROLEUM LTD. (LETHBRIDGE D),Technician-01,5/15/2023,5/15/2024,12,55,,40,Y,100,06-10-008-22-W4,NOT AVAILABLE,AB,NOT AVAILABLE,IN SERVICE,-999,-999,LETHBRIDGE,NOT APPLICABLE,CAN,49.630648,-112.908766
GCOMP1590,TAMARACK ACQUISITION CORPORATION,ECHOEX LTD,Technician-02,6/15/2023,6/15/2024,6,55,20,,,100,54006 RANGE ROAD 90; 16-24-005-09-W4,NOT AVAILABLE,AB,NOT AVAILABLE,IN SERVICE,-999,-999,FORTY MILE NO. 8,NOT APPLICABLE,CAN,49.406239,-111.083498
GCOMP1725,TAQA NORTH LTD.,PRIMEWEST ENERGY INC. (CYPRESS),Technician-03,7/15/2023,7/15/2024,12,55,,,,100,RANGE ROAD 31; 04-01-016-03-W4,NOT AVAILABLE,AB,NOT AVAILABLE,IN SERVICE,-999,-999,CYPRESS,NOT APPLICABLE,CAN,50.311435,-110.300831
GCOMP1726,TAQA NORTH LTD.,PRIMEWEST ENERGY INC. (FORTY MILE NO. 8 A),Technician-04,8/15/2023,8/15/2024,12,55,,40,,100,TOWNSHIP ROAD 110; 04-04-011-12-W4,NOT AVAILABLE,AB,NOT AVAILABLE,IN SERVICE,-999,-999,FORTY MILE NO. 8,NOT APPLICABLE,CAN,49.873396,-111.596063
GCOMP1727,TAQA NORTH LTD.,PRIMEWEST ENERGY INC. (FORTY MILE NO. 8 B),Technician-05,9/15/2023,9/15/2024,12,55,20,,,100,64045 RANGE ROAD 83; 05-27-006-08-W4,NOT AVAILABLE,AB,NOT AVAILABLE,ABANDONED,-999,-999,FORTY MILE NO. 8,NOT APPLICABLE,CAN,49.501137,-111.013705
GCOMP1755,TEXALTA PETROLEUM LTD.,TEXALTA PETROLEUM LTD,Technician-06,10/15/2023,10/15/2024,12,55,,,,100,14-06-001-11-W4,NOT AVAILABLE,AB,NOT AVAILABLE,IN SERVICE,-999,-999,NOT AVAILABLE,NOT APPLICABLE,CAN,49.011055,-111.466085
GCOMP1611,TORXEN ENERGY LTD.,ENCANA CORPORATION (NEWELL NO. 4 A),Technician-07,11/15/2023,11/15/2024,6,55,,,,100,RANGE ROAD 114; 01-17-016-11-W4,NOT AVAILABLE,AB,NOT AVAILABLE,IN SERVICE,-999,-999,NEWELL NO. 4,NOT APPLICABLE,CAN,50.339325,-111.471841
GCOMP1612,TORXEN ENERGY LTD.,ENCANA CORPORATION (NEWELL NO. 4 B),Technician-08,12/15/2023,12/15/2024,12,55,,,,100,NEAR TOWNHSHIP ROAD 160 (1.4 KM N); 01-34-015-12-W4,NOT AVAILABLE,AB,NOT AVAILABLE,IN SERVICE,-999,-999,NEWELL NO. 4,NOT APPLICABLE,CAN,50.298613,-111.567537
GCOMP1613,TORXEN ENERGY LTD.,ENCANA CORPORATION (NEWELL NO. 4 C),Technician-09,1/15/2023,1/15/2024,6,55,20,40,,100,NEAR RANGE ROAD 134 (0.6 KM E); 02-08-017-13-W4,NOT AVAILABLE,AB,NOT AVAILABLE,IN SERVICE,-999,-999,NEWELL NO. 4,NOT APPLICABLE,CAN,50.412702,-111.756463
GCOMP1614,TORXEN ENERGY LTD.,ENCANA CORPORATION (NEWELL NO. 4 D),Technician-10,2/15/2023,2/15/2024,12,55,,,,100,TOWNSHIP ROAD 14; 03-26-015-13-W4,NOT AVAILABLE,AB,NOT AVAILABLE,IN SERVICE,-999,-999,NEWELL NO. 4,NOT APPLICABLE,CAN,50.28213,-111.69232
GCOMP1615,TORXEN ENERGY LTD.,ENCANA CORPORATION (NEWELL NO. 4 E),Technician-11,3/15/2023,3/15/2024,6,55,,40,,100,RANGE ROAD 132; 04-14-015-13-W4,NOT AVAILABLE,AB,NOT AVAILABLE,IN SERVICE,-999,-999,NEWELL NO. 4,NOT APPLICABLE,CAN,50.253107,-111.699109
GCOMP1616,TORXEN ENERGY LTD.,ENCANA CORPORATION (NEWELL NO. 4 F),Technician-12,4/15/2023,4/15/2024,6,55,,,,100,RANGE ROAD 132; 04-14-016-13-W4,NOT AVAILABLE,AB,NOT AVAILABLE,IN SERVICE,-999,-999,NEWELL NO. 4,NOT APPLICABLE,CAN,50.342371,-111.694986
GCOMP1617,TORXEN ENERGY LTD.,ENCANA CORPORATION (NEWELL NO. 4 G),Technician-13,5/15/2023,5/15/2024,6,55,,,,100,530 HIGHWAY; 04-17-015-15-W4,NOT AVAILABLE,AB,NOT AVAILABLE,SUSPENDED,-999,-999,NEWELL NO. 4,NOT APPLICABLE,CAN,50.255378,-112.042673
GCOMP1618,TORXEN ENERGY LTD.,ENCANA CORPORATION (NEWELL NO. 4 H),Technician-14,6/15/2023,6/15/2024,12,55,20,,,100,153041 36 HIGHWAY; 04-21-015-15-W4,NOT AVAILABLE,AB,NOT AVAILABLE,IN SERVICE,-999,-999,NEWELL NO. 4,NOT APPLICABLE,CAN,50.267361,-112.018988
GCOMP1619,TORXEN ENERGY LTD.,ENCANA CORPORATION (NEWELL NO. 4 I),Technician-15,7/15/2023,7/15/2024,6,55,,40,,100,150055 RANGE ROAD 140; 05-07-015-13-W4,NOT AVAILABLE,AB,NOT AVAILABLE,IN SERVICE,-999,-999,NEWELL NO. 4,NOT APPLICABLE,CAN,50.243809,-111.789526
GCOMP1620,TORXEN ENERGY LTD.,ENCANA CORPORATION (NEWELL NO. 4 J),Technician-16,8/15/2023,8/15/2024,6,55,,,,100,NEAR RANGE ROAD 152 (0.6 KM W); 06-02-016-15-W4,NOT AVAILABLE,AB,NOT AVAILABLE,IN SERVICE,-999,-999,NEWELL NO. 4,NOT APPLICABLE,CAN,50.316578,-111.968139
GCOMP1621,TORXEN ENERGY LTD.,ENCANA CORPORATION (NEWELL NO. 4 K),Technician-17,9/15/2023,9/15/2024,12,55,,,,100,NEAR TOWNSHIP ROAD 174 (0.6 KM S); 06-26-017-11-W4,NOT AVAILABLE,AB,NOT AVAILABLE,IN SERVICE,-999,-999,NEWELL NO. 4,NOT APPLICABLE,CAN,50.462398,-111.414164
GCOMP1622,TORXEN ENERGY LTD.,ENCANA CORPORATION (NEWELL NO. 4 L),Technician-18,10/15/2023,10/15/2024,6,55,,,,100,NEAR RANGE ROAD 162 (0.6 KM E); 07-22-017-16-W4,NOT AVAILABLE,AB,NOT AVAILABLE,IN SERVICE,-999,-999,NEWELL NO. 4,NOT APPLICABLE,CAN,50.445605,-112.120867
GCOMP1623,TORXEN ENERGY LTD.,ENCANA CORPORATION (NEWELL NO. 4 M),Technician-19,11/15/2023,11/15/2024,12,55,,,,100,NEAR TOWNSHIP ROAD (0.6 KM NNE); 09-05-016-13-W4,NOT AVAILABLE,AB,NOT AVAILABLE,IN SERVICE,-999,-999,NEWELL NO. 4,NOT APPLICABLE,CAN,50.319848,-111.748971
GCOMP1624,TORXEN ENERGY LTD.,ENCANA CORPORATION (NEWELL NO. 4 N),Technician-20,12/15/2023,12/15/2024,6,55,20,,,100,NEAR RANGE ROAD 154 (0.6 KM E); 10-08-015-15-W4,NOT AVAILABLE,AB,NOT AVAILABLE,IN SERVICE,-999,-999,NEWELL NO. 4,NOT APPLICABLE,CAN,50.244942,-112.032056
GCOMP1625,TORXEN ENERGY LTD.,ENCANA CORPORATION (NEWELL NO. 4 O),Technician-21,1/15/2023,1/15/2024,12,55,,,,100,NEAR RANGE ROAD 142 (0.6 KM E); 10-22-015-14-W4,NOT AVAILABLE,AB,NOT AVAILABLE,IN SERVICE,-999,-999,NEWELL NO. 4,NOT APPLICABLE,CAN,50.275664,-111.846091
GCOMP1626,TORXEN ENERGY LTD.,ENCANA CORPORATION (NEWELL NO. 4 P),Technician-22,2/15/2023,2/15/2024,9,55,,,,100,NEAR TOWNSHIP ROAD 154 (1.0 KM S); 10-29-015-12-W4,NOT AVAILABLE,AB,NOT AVAILABLE,IN SERVICE,-999,-999,NEWELL NO. 4,NOT APPLICABLE,CAN,50.291453,-111.614833
GCOMP1627,TORXEN ENERGY LTD.,ENCANA CORPORATION (NEWELL NO. 4 Q),Technician-23,3/15/2023,3/15/2024,6,55,,,,100,NEAR RANGE ROAD 114 (0.6 KM ENE); 10-32-017-11-W4,NOT AVAILABLE,AB,NOT AVAILABLE,IN SERVICE,-999,-999,NEWELL NO. 4,NOT APPLICABLE,CAN,50.478544,-111.479566
GCOMP1628,TORXEN ENERGY LTD.,ENCANA CORPORATION (NEWELL NO. 4 R),Technician-24,4/15/2023,4/15/2024,6,55,,,,100,TOWNSHIP ROAD 61; 13-03-016-13-W4,NOT AVAILABLE,AB,NOT AVAILABLE,IN SERVICE,-999,-999,NEWELL NO. 4,NOT APPLICABLE,CAN,50.322953,-111.719843
GCOMP1629,TORXEN ENERGY LTD.,ENCANA CORPORATION (NEWELL NO. 4 S),Technician-25,5/15/2023,5/15/2024,12,55,,,,100,RANGE ROAD 113; 13-15-017-11-W4,NOT AVAILABLE,AB,NOT AVAILABLE,IN SERVICE,-999,-999,NEWELL NO. 4,NOT APPLICABLE,CAN,50.440547,-111.446952
GCOMP1630,TORXEN ENERGY LTD.,ENCANA CORPORATION (NEWELL NO. 4 T),Technician-01,6/15/2023,6/15/2024,9,55,,,,100,RANGE ROAD 143; 13-27-017-14-W4,NOT AVAILABLE,AB,NOT AVAILABLE,IN SERVICE,-999,-999,NEWELL NO. 4,NOT APPLICABLE,CAN,50.469852,-111.859275
GCOMP1631,TORXEN ENERGY LTD.,ENCANA CORPORATION (NEWELL NO. 4 U),Technician-02,7/15/2023,7/15/2024,12,55,20,,,100,TOWNSHIP ROAD 150; 13-35-014-12-W4,NOT AVAILABLE,AB,NOT AVAILABLE,IN SERVICE,-999,-999,NEWELL NO. 4,NOT APPLICABLE,CAN,50.221646,-111.547486
GCOMP1632,TORXEN ENERGY LTD.,ENCANA CORPORATION (NEWELL NO. 4 V),Technician-03,8/15/2023,8/15/2024,6,55,,,,100,TOWNSHIP ROAD 154; 16-23-015-12-W4,NOT AVAILABLE,AB,NOT AVAILABLE,IN SERVICE,-999,-999,NEWELL NO. 4,NOT APPLICABLE,CAN,50.28056894,-111.5400406
GCOMP1633,TORXEN ENERGY LTD.,ENCANA CORPORATION (NEWELL NO. 4 W),Technician-04,9/15/2023,9/15/2024,6,55,,,Y,100,TOWNSHIP ROAD 154; 16-23-015-12-W4,NOT AVAILABLE,AB,NOT AVAILABLE,IN SERVICE,-999,-999,NEWELL NO. 4,NOT APPLICABLE,CAN,50.28046991,-111.5400447
GCOMP1644,TORXEN ENERGY LTD.,ENCANA CORPORATION (STATION D),Technician-05,10/15/2023,10/15/2024,6,55,,,Y,25,15-25-014-15-W4,NOT AVAILABLE,AB,NOT AVAILABLE,IN SERVICE,-999,-999,NOT AVAILABLE,NOT APPLICABLE,CAN,50.215861,-111.909554
GCOMP1695,TUSCANY ENERGY LTD.,NYCAN ENERGY CORPORATION (LETHBRIDGE A),Technician-06,11/15/2023,11/15/2024,6,55,,,,33,NEAR RANGE ROAD 212 (0.6 KM W); 03-35-013-21-W4,NOT AVAILABLE,AB,NOT AVAILABLE,IN SERVICE,-999,-999,LETHBRIDGE,NOT APPLICABLE,CAN,50.12341,-112.7710355
GCOMP1696,TUSCANY ENERGY LTD.,NYCAN ENERGY CORPORATION (LETHBRIDGE B),Technician-07,12/15/2023,12/15/2024,12,55,,,,49,NEAR RANGE ROAD 212 (0.6 KM W); 03-35-013-21-W4,NOT AVAILABLE,AB,NOT AVAILABLE,IN SERVICE,-999,-999,LETHBRIDGE,NOT APPLICABLE,CAN,50.12340756,-112.7709573
GCOMP1531,WEST LAKE ENERGY CORPORATION,BRIGUS RESOURCES LTD,Technician-08,11/20/2022,11/15/2023,12,55,,,Y,51,114043 TOWNSHIP ROAD 112A; 14-08-011-11-W4,NOT AVAILABLE,AB,NOT AVAILABLE,IN SERVICE,-999,-999,FORTY MILE NO. 8,NOT APPLICABLE,CAN,49.901613,-111.471622
GCOMP1561,WEST LAKE ENERGY CORPORATION,CHOICE RESOURCES CORP (PINCHER CREEK NO. 9 A),Technician-09,11/22/2022,11/17/2023,12,55,,,,66,04-36-003-29-W4,NOT AVAILABLE,AB,NOT AVAILABLE,IN SERVICE,-999,-999,PINCHER CREEK NO. 9,NOT APPLICABLE,CAN,49.248428,-113.788766
GCOMP1562,WEST LAKE ENERGY CORPORATION,CHOICE RESOURCES CORP (PINCHER CREEK NO. 9 B),Technician-10,5/23/2023,11/19/2023,6,55,20,,,67,06-19-003-28-W4,NOT AVAILABLE,AB,NOT AVAILABLE,IN SERVICE,-999,-999,PINCHER CREEK NO. 9,NOT APPLICABLE,CAN,49.221824,-113.761004
GCOMP1768,WOLF COULEE RESOURCES INC.,WOLF COULEE RESOURCES INC.,Technician-11,11/26/2022,11/21/2023,12,55,,,,92,NEAR RANGE ROAD 182 (0.6 KM W); 14-14-013-18-W4,NOT AVAILABLE,AB,NOT AVAILABLE,IN SERVICE,-999,-999,TABER,NOT APPLICABLE,CAN,50.08967356,-112.3596168
GCOMP1767,YANGARRA RESOURCES CORPORATION,YANGARRA RESOURCES CORP.,Technician-12,5/27/2023,11/23/2023,6,55,,,,93,9305 BLACK AND WHITE TRAIL; 05-25-009-06-W4,NOT AVAILABLE,AB,NOT AVAILABLE,IN SERVICE,-999,-999,CYPRESS,NOT APPLICABLE,CAN,49.762787,-110.700046
GCOMP1516,ZARGON OIL & GAS LTD.,ATLAS ENERGY LTD. (VULCAN A),Technician-13,2/14/2023,11/11/2023,9,55,,,,94,RANGE ROAD 181; 01-23-016-18-W4,NOT AVAILABLE,AB,NOT AVAILABLE,IN SERVICE,-999,-999,VULCAN,NOT APPLICABLE,CAN,50.354775,-112.36557
GCOMP1563,ZARGON OIL & GAS LTD.,CHURCHILL ENERGY INC.,Technician-14,11/19/2022,11/14/2023,12,55,,,,95,104040 RANGE ROAD 135; 04-29-010-13-W4,NOT AVAILABLE,AB,NOT AVAILABLE,IN SERVICE,-999,-999,TABER,NOT APPLICABLE,CAN,49.845206,-111.744359
GCOMP1753,ZARGON OIL & GAS LTD.,TERRAQUEST ENERGY CORPORATION (LETHBRIDGE),Technician-15,5/19/2023,11/15/2023,6,55,,,,96,NEAR RANGE ROAD 213 (0.6 KMW); 06-22-011-21-W4,NOT AVAILABLE,AB,NOT AVAILABLE,IN SERVICE,-999,-999,LETHBRIDGE,NOT APPLICABLE,CAN,49.92393,-112.792144
GCOMP1754,ZARGON OIL & GAS LTD.,TERRAQUEST ENERGY CORPORATION (VULCAN),Technician-16,11/6/2022,11/1/2023,12,55,,,,97,NEAR 522 HIGHWAY (1.0 KM N); 08-31-013-20-W4,NOT AVAILABLE,AB,NOT AVAILABLE,IN SERVICE,-999,-999,VULCAN,NOT APPLICABLE,CAN,50.12732,-112.714087
GCOMP766,TRANSCONTINENTAL GAS PIPE LINE COMPANY L.L.C.,NO. 100 BILLINGSLEY,Technician-17,5/19/2023,11/15/2023,6,55,,,,98,642 COUNTY ROAD 62; 4521 CHILTON ROAD,BILLINGSLEY,AL,36006,IN SERVICE,6,97880,AUTAUGA,1001,USA,32.670019,-86.720295
GCOMP683,SOUTHERN NATURAL GAS COMPANY L.L.C.,DEARMANVILLE,Technician-18,12/4/2022,11/29/2023,12,55,,,,99,539 CHEVRON ROAD,ANNISTON,AL,36207,IN SERVICE,8,11250,CALHOUN,1015,USA,33.6195056,-85.78042661
GCOMP1188,SOUTHERN NATURAL GAS COMPANY L.L.C.,YORK,Technician-19,12/6/2022,12/1/2023,12,55,20,40,Y,80,NEAR 12962 COUNTY ROAD-10,WARD,AL,36925,IN SERVICE,3,33320,CHOCTAW,1023,USA,32.33993072,-88.28659218
GCOMP1216,TRANSCONTINENTAL GAS PIPE LINE COMPANY L.L.C.,NO. 85 BUTLER,Technician-20,12/12/2022,12/7/2023,12,55,,40,,75,OFF PINEVIEW ROAD/0.6 MILES SE OF BRIGHTWATER ROAD,BUTLER,AL,36904,IN SERVICE,4,38150,CHOCTAW,1023,USA,32.05719511,-88.36144666
GCOMP782,SOUTHERN NATURAL GAS COMPANY L.L.C.,BELL MILLS,Technician-21,12/20/2022,12/15/2023,12,55,,40,,70,661 COUNTY ROAD 60,HEFLAN,AL,36264,IN SERVICE,4,4815,CLEBURNE,1029,USA,33.6403204,-85.44931162
GCOMP267,TEXAS EASTERN TRANSMISSION L.P.,BARTON,Technician-22,7/4/2023,12/31/2023,6,55,,40,,60,1835 MOUNT MILLS ROAD,TUSCUMBIA,AL,35674,IN SERVICE,8,57800,COLBERT,1033,USA,34.6485535,-87.91281452
GCOMP389,TRANSCONTINENTAL GAS PIPE LINE COMPANY L.L.C.,NO. 105 ROCKFORD,Technician-23,11/20/2022,11/15/2023,12,55,,40,,50,235 HIGHWAY 22 EAST,ROCKFORD,AL,35136,IN SERVICE,4,65500,COOSA,1037,USA,32.896258,-86.17155
GCOMP493,SOUTHERN NATURAL GAS COMPANY L.L.C.,SELMA,Technician-24,5/21/2023,11/17/2023,6,55,,40,,25,3096 COUNTY ROAD 84,SELMA,AL,36703,IN SERVICE,3,33320,DALLAS,1047,USA,32.5263541,-86.93088019
GCOMP664,SOUTHERN NATURAL GAS COMPANY L.L.C.,ELMORE,Technician-25,11/24/2022,11/19/2023,12,55,,40,,100,5070 COOSADA PARKWAY,ELMORE,AL,36025,IN SERVICE,5,26200,ELMORE,1051,USA,32.52317,-86.31997
GCOMP231,SOUTHERN NATURAL GAS COMPANY L.L.C.,PROVIDENCE,Technician-01,5/25/2023,11/21/2023,6,55,,40,,100,16547 GROUNDHOG ROAD,ADGER,AL,35006,IN SERVICE,2,10380,JEFFERSON,1073,USA,33.43907407,-87.30385522
GCOMP785,SOUTHERN NATURAL GAS COMPANY L.L.C.,TARRANT,Technician-02,5/27/2023,11/23/2023,6,55,,40,,100,666 SPRINGDALE ROAD,TARRANT,AL,35217,IN SERVICE,8,12050,JEFFERSON,1073,USA,33.59359764,-86.76748807
GCOMP695,SOUTHERN NATURAL GAS COMPANY L.L.C.,AUBURN,Technician-03,5/15/2023,11/11/2023,6,55,,40,,100,5487 COUNTY ROAD 159,AUBURN,AL,36830,IN SERVICE,3,33320,LEE,1081,USA,32.51752167,-85.46837232
GCOMP1114,SOUTHERN NATURAL GAS COMPANY L.L.C.,GALLION,Technician-04,11/19/2022,11/14/2023,12,55,20,40,,100,HIGHWAY 69 1 MILE S OF HIGHWAY 80,GALLION,AL,36742,IN SERVICE,6,28670,MARENGO,1091,USA,32.49959723,-87.71471826
GCOMP11,TRANSCONTINENTAL GAS PIPE LINE COMPANY L.L.C.,NO. 90 MYRTLEWOOD,Technician-05,5/19/2023,11/15/2023,6,55,,40,,100,0.25 MILES NORTH OF AL HIGHWAY 69 AND CAMPGROUND ROAD,MYRTLEWOOD,AL,36763,IN SERVICE,18,80620,MARENGO,1091,USA,32.20317136,-87.94944612
GCOMP630,TENNESSEE GAS PIPELINE COMPANY L.L.C.,#550 - HAMILTON,Technician-06,11/6/2022,11/1/2023,12,55,20,40,,100,455 COUNTY HIGHWAY 56,HAMILTON,AL,35570,IN SERVICE,5,29500,MARION,1093,USA,34.235405,-88.076087
GCOMP161,FLORIDA GAS TRANSMISSION COMPANY L.L.C.,STATION 82,Technician-07,5/19/2023,11/15/2023,6,55,,40,,100,14037 PRINE ROAD,CITRONELLE,AL,36522,IN SERVICE,3,28000,MOBILE,1097,USA,31.04220472,-88.34192386
GCOMP326,FLORIDA GAS TRANSMISSION COMPANY L.L.C.,STATION 11 & 11-A,Technician-08,12/4/2022,11/29/2023,12,55,20,,,100,20451 HIGHWAY 43,MOUNT VERNON,AL,36560,IN SERVICE,11,102400,MOBILE,1097,USA,31.11656918,-88.01223096
GCOMP148,FLORIDA GAS TRANSMISSION COMPANY L.L.C.,STATION 44,Technician-09,6/4/2023,12/1/2023,6,55,,,,100,13535 AIRPORT BOULEVARD,MOBILE,AL,36608,IN SERVICE,1,3335,MOBILE,1097,USA,30.63535988,-88.36307741
GCOMP1230,GULF SOUTH PIPELINE COMPANY L.P.,AIRPORT ROAD,Technician-10,12/12/2022,12/7/2023,12,55,,40,,100,ON AIRPORT ROAD EAST OF GRAND BAY WILMER ROAD,MOBILE,AL,36608,IN SERVICE,2,7105,MOBILE,1097,USA,30.63528788,-88.36310541
GCOMP517,GULF SOUTH PIPELINE COMPANY L.P.,WHISTLER JCT.,Technician-11,3/20/2023,12/15/2023,9,55,20,,,100,3350 SUNCREST ROAD-EIGHT MILE BR,MOBILE,AL,36613,IN SERVICE,4,45400,MOBILE,1097,USA,30.758979,-88.153686
GCOMP756,GULFSTREAM NATURAL GAS SYSTEM L.L.C.,GNGS #410,Technician-12,7/4/2023,12/31/2023,6,55,,,,100,6310 ROCK ROAD (COUNTY HIGHWAY 10),CODEN,AL,36523,IN SERVICE,4,128688,MOBILE,1097,USA,30.394751,-88.188323
GCOMP91,TRANSCONTINENTAL GAS PIPE LINE COMPANY L.L.C.,NO. 83 CITRONELLE,Technician-13,5/19/2023,11/15/2023,6,55,,,,25,11500 BEVERLY JEFFRIES HIGHWAY,CITRONELLE,AL,36522,IN SERVICE,1,16000,MOBILE,1097,USA,31.084024,-88.319371
GCOMP708,TRANSCONTINENTAL GAS PIPE LINE COMPANY L.L.C.,NO. 82 CODEN,Technician-14,11/22/2022,11/17/2023,12,55,,,,33,5600 ROCK ROAD,CODEN,AL,36523,IN SERVICE,3,25766,MOBILE,1097,USA,30.400318,-88.175624
GCOMP1072,SOUTHERN NATURAL GAS COMPANY L.L.C.,REFORM,Technician-15,2/22/2023,11/19/2023,9,55,20,40,,49,HIGHWAY 17 SOUTH,REFORM,AL,35481,IN SERVICE,13,21950,PICKENS,1107,USA,33.35989371,-88.01800649
GCOMP171,TRANSCONTINENTAL GAS PIPE LINE COMPANY L.L.C.,NO. 110 WADLEY,Technician-16,11/26/2022,11/21/2023,12,55,,,,51,1440 COUNTY ROAD 41,WADLEY,AL,36276,IN SERVICE,17,82850,RANDOLPH,1111,USA,33.152202,-85.511693
GCOMP853,SOUTHERN NATURAL GAS COMPANY L.L.C.,HOLY TRINITY,Technician-17,5/27/2023,11/23/2023,6,55,,40,,66,78 HOLY TRINITY ROAD,HOLY TRINITY,AL,36859,IN SERVICE,2,2400,RUSSELL,1113,USA,32.21017497,-85.00098488
GCOMP1115,SOUTHERN NATURAL GAS COMPANY L.L.C.,PELL CITY,Technician-18,5/15/2023,11/11/2023,6,55,,,,67,HIGHWAY 78 TO PLEASANT VALLEY ROAD,PELL CITY,AL,35125,IN SERVICE,2,10390,SAINT CLAIR,1115,USA,33.60136844,-86.25483524
GCOMP159,SOUTHERN NATURAL GAS COMPANY L.L.C.,DUNCANVILLE,Technician-19,5/18/2023,11/14/2023,6,55,,,,92,13987 BEAR CREEK ROAD,TUSCALOOSA,AL,35406,IN SERVICE,2,2600,TUSCALOOSA,1125,USA,33.07837978,-87.47171479
GCOMP254,SOUTHERN NATURAL GAS COMPANY L.L.C.,MCCONNELLS,Technician-20,5/19/2023,11/15/2023,6,55,20,,,93,17828 MORMON ROAD,NORTHPORT,AL,35475,IN SERVICE,6,8472,TUSCALOOSA,1125,USA,33.42708571,-87.71605253
GCOMP592,CENTERPOINT ENERGY - MISSISSIPPI RIVER TRANSMISSION L.L.C.,FOUNTAIN HILL,Technician-21,11/6/2022,11/1/2023,12,55,,40,,94,409 ASHLEY 88 ROAD,HAMBURG,AR,71646,IN SERVICE,7,81500,ASHLEY,5003,USA,33.334671,-91.933171
GCOMP859,CENTERPOINT ENERGY GAS TRANSMISSION COMPANY L.L.C.,BEIRNE,Technician-22,11/20/2022,11/15/2023,12,55,,,,95,7994 US 67 HIGHWAY S,GURDON,AR,71743,IN SERVICE,1,6280,CLARK,5019,USA,33.905842,-93.198407
GCOMP564,TEXAS EASTERN TRANSMISSION L.P.,POLLARD,Technician-23,12/4/2022,11/29/2023,12,55,,,,96,380 CLAY 320 ROAD,POLLARD,AR,72456,IN SERVICE,3,4500,CLAY,5021,USA,36.4970954,-90.28772597
GCOMP132,CENTERPOINT ENERGY GAS TRANSMISSION COMPANY L.L.C.,TAYLOR,Technician-24,6/4/2023,12/1/2023,6,55,,,,97,13000 HIGHWAY 160,MAGNOLIA,AR,71861,IN SERVICE,7,10500,COLUMBIA,5027,USA,33.0919,-93.396387
GCOMP50,CENTERPOINT ENERGY GAS TRANSMISSION COMPANY L.L.C.,ROUND MOUNTAIN,Technician-25,12/12/2022,12/7/2023,12,55,,,,98,1030 LANTY ROAD,HATTIEVILLE,AR,72063,IN SERVICE,5,37300,CONWAY,5029,USA,35.33517181,-92.67364517
GCOMP420,ENABLE OKLAHOMA INTERSTATE TRANSMISSION L.L.C.,NOARK,Technician-01,6/18/2023,12/15/2023,6,55,20,,,99,2509 PLUM STREET,OZARK,AR,72949,IN SERVICE,6,11412,FRANKLIN,5047,USA,35.40262658,-93.74784434
GCOMP662,CENTERPOINT ENERGY GAS TRANSMISSION COMPANY L.L.C.,MALVERN,Technician-02,4/5/2023,12/31/2023,9,55,,,,80,5063 RIDGE ROAD,MALVERN,AR,72104,IN SERVICE,4,14750,HOT SPRING,5059,USA,34.2690969,-92.82526802
GCOMP703,NATURAL GAS PIPELINE COMPANY OF AMERICA L.L.C.,STATION 306 - MALVERN,Technician-03,11/20/2022,11/15/2023,12,55,,,,75,5560 RIDGE ROAD,MALVERN,AR,72104,IN SERVICE,9,29650,HOT SPRING,5059,USA,34.27116434,-92.8152233
GCOMP478,TEXAS EASTERN TRANSMISSION L.P.,DONALDSON,Technician-04,5/21/2023,11/17/2023,6,55,,,,70,2997 PUMPING STATION ROAD,MALVERN,AR,72104,IN SERVICE,4,8000,HOT SPRING,5059,USA,34.1672637,-92.82700434
GCOMP930,ENBRIDGE INC.,STANDING ROCK,Technician-05,11/24/2022,11/19/2023,12,55,,,,60,AR-69/SOUTH OF W STELLA ROAD,MOUNT PLEASANT,AR,72561,IN SERVICE,2,6500,IZARD,5065,USA,35.98984307,-91.79947542
GCOMP605,CENTERPOINT ENERGY - MISSISSIPPI RIVER TRANSMISSION L.L.C.,TUCKERMAN,Technician-06,5/25/2023,11/21/2023,6,55,,,,50,424 COUNTY ROAD-62,TUCKERMAN,AR,72473,IN SERVICE,7,11095,JACKSON,5067,USA,35.71503843,-91.22044346
GCOMP437,TEXAS EASTERN TRANSMISSION L.P.,WALNUT RIDGE,Technician-07,11/28/2022,11/23/2023,12,55,,,,25,269 STATE HIGHWAY 349,WALNUT RIDGE,AR,72476,IN SERVICE,4,8000,LAWRENCE,5075,USA,35.92474565,-90.90418495
GCOMP994,CENTERPOINT ENERGY - MISSISSIPPI RIVER TRANSMISSION L.L.C.,GLENDALE,Technician-08,11/16/2022,11/11/2023,12,55,20,,,100,COUNTY ROAD 17/HIGHWAY 54,STAR CITY,AR,71667,IN SERVICE,6,6600,LINCOLN,5079,USA,33.96284095,-91.95569177
GCOMP833,CENTERPOINT ENERGY GAS TRANSMISSION COMPANY L.L.C.,DUNN,Technician-09,11/19/2022,11/14/2023,12,55,,,,100,7386 N AR 109 HIGHWAY,MAGAZINE,AR,72943,IN SERVICE,4,13500,LOGAN,5083,USA,35.235173,-93.767949
GCOMP399,CENTERPOINT ENERGY - MISSISSIPPI RIVER TRANSMISSION L.L.C.,CARLISLE,Technician-10,11/20/2022,11/15/2023,12,55,,,,100,2397 HILLMAN ROAD,CARLISLE,AR,72024,IN SERVICE,8,8600,LONOKE,5085,USA,34.67243194,-91.79716502
GCOMP670,NATURAL GAS PIPELINE COMPANY OF AMERICA L.L.C.,STATION 305 - TEXARKANA,Technician-11,5/5/2023,11/1/2023,6,55,,,,100,5121 JOEY LANE,TEXARKANA,AR,71854,IN SERVICE,9,29650,MILLER,5091,USA,33.470209,-93.944582
GCOMP570,TEXAS EASTERN TRANSMISSION L.P.,HOPE,Technician-12,11/20/2022,11/15/2023,12,55,,,,100,393 NEVADA 112,EMMET,AR,71835,IN SERVICE,8,8300,NEVADA,5099,USA,33.58550486,-93.43687976
GCOMP875,CENTERPOINT ENERGY GAS TRANSMISSION COMPANY L.L.C.,COVE,Technician-13,6/2/2023,11/29/2023,6,55,,,,100,834 POLK 20 W (2.3 MILES WEST OF COVE),COVE,AR,71937,IN SERVICE,1,14801,POLK,5113,USA,34.430939,-94.449142
GCOMP711,TEXAS EASTERN TRANSMISSION L.P.,NORTH LITTLE ROCK,Technician-14,12/6/2022,12/1/2023,12,55,,,,100,5700 LYNCH DRIVE,NORTH LITTLE ROCK,AR,72117,IN SERVICE,4,7750,PULASKI,5119,USA,34.75451915,-92.199835
GCOMP446,CENTERPOINT ENERGY - MISSISSIPPI RIVER TRANSMISSION L.L.C.,BIGGERS,Technician-15,6/10/2023,12/7/2023,6,55,,,,100,278 GAS PLANT ROAD,BIGGERS,AR,72413,IN SERVICE,5,37300,RANDOLPH,5121,USA,36.319321,-90.827454
GCOMP151,NATURAL GAS PIPELINE COMPANY OF AMERICA L.L.C.,STATION 308 - BIGGERS,Technician-16,6/18/2023,12/15/2023,6,55,20,,,100,138 GAZAWAY ROAD,BIGGERS,AR,72413,IN SERVICE,9,30850,RANDOLPH,5121,USA,36.29842712,-90.83782889
GCOMP870,CENTERPOINT ENERGY - MISSISSIPPI RIVER TRANSMISSION L.L.C.,WEST POINT,Technician-17,7/4/2023,12/31/2023,6,55,,,,100,823 AR-36,SEARCY,AR,72143,IN SERVICE,6,6000,WHITE,5145,USA,35.19998263,-91.6050495
GCOMP1015,FAYETTEVILLE EXPRESS PIPELINE L.L.C.,RUSSELL COMPRESSOR STA.,Technician-18,11/20/2022,11/15/2023,12,55,,,,100,CURTIS DAVIS ROAD AND US-67,BALD KNOB,AR,72010,IN SERVICE,10,71465,WHITE,5145,USA,35.344091,-91.514908
GCOMP364,NATURAL GAS PIPELINE COMPANY OF AMERICA L.L.C.,STATION 307 - SEARCY,Technician-19,5/21/2023,11/17/2023,6,55,,,,100,2227 HIGHWAY 267 SOUTH,SEARCY,AR,72143,IN SERVICE,9,30850,WHITE,5145,USA,35.20593446,-91.77026637
GCOMP1074,TEXAS EASTERN TRANSMISSION L.P.,BALD KNOB,Technician-20,11/24/2022,11/19/2023,12,55,,,,100,HIGHWAY 258 EAST,BALD KNOB,AR,72010,IN SERVICE,8,8800,WHITE,5145,USA,35.32554552,-91.52634597
GCOMP774,TEXAS GAS TRANSMISSION L.L.C.,BALD KNOB,Technician-21,5/25/2023,11/21/2023,6,55,,,,25,655 TAYLOR ROAD,BALD KNOB,AR,72010,IN SERVICE,2,26660,WHITE,5145,USA,35.34558122,-91.49955328
GCOMP1120,KINDER MORGAN INC.,NAVAJO,Technician-22,11/28/2022,11/23/2023,12,55,,,,33,INDIAN ROUTE 9205 (7.6 MILES NE OF GREASEWOOD),GREASEWOOD,AZ,86502,IN SERVICE,4,41020,APACHE,4001,USA,35.554986,-109.727265
GCOMP1039,KINDER MORGAN INC.,WINDOW ROCK,Technician-23,5/15/2023,11/11/2023,6,55,,,,49,EL PASO STATION ROAD/WEST OF INDIAN ROUTE 12,WINDOW ROCK,AZ,86511,IN SERVICE,13,36000,APACHE,4001,USA,35.61583764,-109.1249656
GCOMP1328,TRANSWESTERN PIPELINE COMPANY L.L.C.,STATION 4,Technician-24,11/19/2022,11/14/2023,12,55,,,,51,TRANSWESTERN PIPELINE ROAD; 10 MILES NORTHEAST OF KLAGETOH,KLAGETOH,AZ,86505,IN SERVICE,3,15000,APACHE,4001,USA,35.565625,-109.393514
GCOMP1215,KINDER MORGAN INC.,CIMARRON,Technician-25,2/18/2023,11/15/2023,9,55,20,40,,66,OFF PAGE RANGE ROAD/11.7 MILES WEST OF BOWIE,BOWIE,AZ,85605,IN SERVICE,1,15000,COCHISE,4003,USA,32.316549,-109.68817
GCOMP335,KINDER MORGAN INC.,SAN SIMON,Technician-01,5/5/2023,11/1/2023,6,55,,40,,67,2091 CAVOT ROAD,SAN SIMON,AZ,85632,IN SERVICE,3,20010,COCHISE,4003,USA,32.21424002,-109.0844818
GCOMP1128,KINDER MORGAN INC.,WILCOX,Technician-02,5/19/2023,11/15/2023,6,55,,40,,92,KANSAS SETTLEMENT; 3 MILES SOUTH OF MP-63 ON I-10,WILLCOX,AZ,85643,IN SERVICE,2,28000,COCHISE,4003,USA,32.10886131,-109.6623006
GCOMP27,KINDER MORGAN INC.,CASTLE DOME,Technician-03,12/4/2022,11/29/2023,12,55,,40,,93,1.5 MILES SOUTH OF QUARTZSITE,QUARTZSITE,AZ,85346,IN SERVICE,1,1590,COCONINO,4005,USA,33.5368,-114.1857
GCOMP480,KINDER MORGAN INC.,FLAGSTAFF,Technician-04,3/6/2023,12/1/2023,9,55,,40,,94,3 EL PASO FLAGSTAFF ROAD,FLAGSTAFF,AZ,86004,IN SERVICE,2,11000,COCONINO,4005,USA,35.22850021,-111.555894
GCOMP1151,KINDER MORGAN INC.,LEUPP,Technician-05,12/12/2022,12/7/2023,12,55,,40,,95,LEUPP ROAD,LEUPP,AZ,86035,IN SERVICE,18,43260,COCONINO,4005,USA,35.30554,-111.093967
GCOMP1191,TRANSWESTERN PIPELINE COMPANY L.L.C.,STATION 2,Technician-06,6/18/2023,12/15/2023,6,55,,40,Y,96,NF-160,BELLEMONT,AZ,86015,IN SERVICE,1,31500,COCONINO,4005,USA,35.28703714,-111.8672995
GCOMP1327,TRANSWESTERN PIPELINE COMPANY L.L.C.,STATION 3,Technician-07,7/4/2023,12/31/2023,6,55,,40,,97,TRANSWESTERN PIPELINE ROAD; ROUTE 61 (NAVAJO ROUTE 15),LEUPP,AZ,86035,IN SERVICE,1,31500,COCONINO,4005,USA,35.304138,-110.8470327
GCOMP1038,KINDER MORGAN INC.,WENDEN,Technician-08,5/19/2023,11/15/2023,6,55,,40,,98,EL PASO NATURAL GAS COMPANY ACCESS ROAD (SOUTH OF I 10 AT MP 63),WENDEN,AZ,85348,IN SERVICE,2,15760,LA PAZ,4012,USA,33.539606,-113.455861
GCOMP973,KINDER MORGAN INC.,ALAMO LAKE,Technician-09,5/21/2023,11/17/2023,6,55,,40,,99,COLORADO RIVER ROAD (17.3 MILES NORTH OF WENDEN) NEAR ALAMO LAKE,WENDEN,AZ,85357,IN SERVICE,2,20500,LA PAZ,4012,USA,34.06813464,-113.6109687
GCOMP663,NORTH BAJA PIPELINE L.L.C.,EHRENBERG,Technician-10,11/24/2022,11/19/2023,12,55,20,40,,80,50650 COLORADO RIVER ROAD,EHRENBURG,AZ,85334,IN SERVICE,2,14500,LA PAZ,4012,USA,33.59609,-114.530225
GCOMP656,KINDER MORGAN INC.,WILLIAMS,Technician-11,11/26/2022,11/21/2023,12,55,,40,,75,5 MILES EAST OF WILLIAMS,WILLIAMS,AZ,85046,IN SERVICE,6,43400,MARICOPA,4013,USA,35.30545566,-112.0604407
GCOMP1232,KINDER MORGAN INC.,DUTCH FLAT,Technician-12,11/28/2022,11/23/2023,12,55,20,40,,70,ON PIPELINE ROAD /SOUTH OF DUTCH FLAT ROAD,LAKE HAVASU,AZ,86403,IN SERVICE,2,12150,MOHAVE,4015,USA,34.574577,-113.993329
GCOMP1248,KINDER MORGAN INC.,HACKBERRY,Technician-13,5/15/2023,11/11/2023,6,55,,40,,60,PUMP HOUSE ROAD/ROUND VALLEY ROAD; 20 MILES E OF KINGMAN,HACKBERRY,AZ,86411,IN SERVICE,2,15270,MOHAVE,4015,USA,35.170894,-113.702709
GCOMP17,KINDER MORGAN INC.,TOPOCK - ARIZONA,Technician-14,11/19/2022,11/14/2023,12,55,20,,,50,1 MILE NORTHEAST OF TOPOCK,TOPOCK,AZ,86436,IN SERVICE,3,12240,MOHAVE,4015,USA,34.726328,-114.4636719
GCOMP348,TRANSWESTERN PIPELINE COMPANY L.L.C.,STATION 1,Technician-15,5/19/2023,11/15/2023,6,55,,,Y,25,21721 FORT ROCK ROAD,KINGMAN,AZ,86401,IN SERVICE,1,31500,MOHAVE,4015,USA,35.197448,-113.362777
GCOMP1119,KINDER MORGAN INC.,DILKON,Technician-16,2/4/2023,11/1/2023,9,55,,40,,100,INDIAN ROUTE 60/INDIAN ROUTE 15,DILKON,AZ,86047,IN SERVICE,2,27450,NAVAJO,4017,USA,35.396403,-110.335022
GCOMP1285,KINDER MORGAN INC.,VAIL,Technician-17,11/20/2022,11/15/2023,12,55,20,,,100,S RITA ROAD/ SOUTH OF E OLD VAIL ROAD,VAIL,AZ,85641,IN SERVICE,3,20010,PIMA,4019,USA,32.066215,-110.80983
GCOMP1023,KINDER MORGAN INC.,PICACHO STATION - ARIZONA,Technician-18,6/2/2023,11/29/2023,6,55,,,,100,E RANDOLPH ROAD/5TH AVENUE,RANDOLPH,AZ,85128,IN SERVICE,3,8290,PINAL,4021,USA,32.924043,-111.509205
GCOMP578,KINDER MORGAN INC.,CASA GRANDE,Technician-19,12/6/2022,12/1/2023,12,55,,,,100,4 MILES N OF HIGHWAY 84 AND 17 MILES W OF CASA GRANDE,MARICOPA,AZ,85139,IN SERVICE,5,33710,PINAL,4021,USA,32.92972,-112.06417
GCOMP1172,KINDER MORGAN INC.,ORACLE,Technician-20,6/10/2023,12/7/2023,6,55,,,,100,N. ORACLE TURBINE STATION ROAD; 2308 S. TURBINE ROAD,ORACLE,AZ,85623,IN SERVICE,1,13450,PINAL,4021,USA,32.62282,-110.755806
GCOMP1293,KINDER MORGAN INC.,TOM MIX,Technician-21,12/20/2022,12/15/2023,12,55,20,40,,100,"SECTION 21, TOWNSHIP 8 SOUTH, RANGE 13 EAST; 5 MILES E STATE ROUTE 79, 20 MILES E MAMMOTH",TOM MIX,AZ,85623,IN SERVICE,2,20620,PINAL,4021,USA,32.72817842,-111.0048855
GCOMP1013,KINDER MORGAN INC.,SELIGMAN,Technician-22,1/5/2023,12/31/2023,12,55,,,,100,CROOKTON ROAD; 9 MI EAST OF SELIGMAN,SELIGMAN,AZ,86337,IN SERVICE,2,22110,YAVAPAI,4025,USA,35.288728,-112.754677
GCOMP1497,FORTIS BC ENERGY INC.,FORTIS LANGLEY C-002-H/092-G-01 001,Technician-23,11/20/2022,11/15/2023,12,55,,40,,100,25255 48 AVENUE,LANGLEY,BC,NOT AVAILABLE,IN SERVICE,-999,-999,NOT APPLICABLE,NOT APPLICABLE,CAN,49.087405,-122.524682
GCOMP1498,FORTIS BC ENERGY INC.,FORTIS COQUITLAM V1 C-075-C/092-G-07 001,Technician-24,11/22/2022,11/17/2023,12,55,,,,100,2645 EAGLE MOUNTAIN DRIVE,COQUITLAM,BC,NOT AVAILABLE,IN SERVICE,-999,-999,NOT APPLICABLE,NOT APPLICABLE,CAN,49.315078,-122.810323
GCOMP1499,FORTIS BC ENERGY INC.,FORTIS TEXADA C-051-B/092-F-15 001,Technician-25,5/23/2023,11/19/2023,6,55,,,,100,CLAM BAY ROAD,BLUBBER BAY,BC,NOT AVAILABLE,IN SERVICE,-999,-999,NOT APPLICABLE,NOT APPLICABLE,CAN,49.797665,-124.633049
GCOMP1500,FORTIS BC ENERGY INC.,FORTIS HEDLEY A-052-G/092-H-08 001,Technician-01,11/26/2022,11/21/2023,12,55,20,,,100,CROWSNEST 3 HIGHWAY,HEDLEY,BC,NOT AVAILABLE,IN SERVICE,-999,-999,NOT APPLICABLE,NOT APPLICABLE,CAN,49.375997,-120.142929
GCOMP1501,FORTIS BC ENERGY INC.,FORTIS ARMSTRONG B-063-F/082-L-06 001,Technician-02,5/27/2023,11/23/2023,6,55,,40,,100,NEAR EVANS ROAD (0.5 KM N),SPALLUMCHEEN,BC,NOT AVAILABLE,IN SERVICE,-999,-999,NOT APPLICABLE,NOT APPLICABLE,CAN,50.386948,-119.28813
GCOMP1502,FORTIS BC ENERGY INC.,FORTIS PORT MELLON C-020-D/092-G-11 001,Technician-03,11/16/2022,11/11/2023,12,55,,,,100,NORTH DAKOTA FOREST SERVICE ROAD,PORT MELLON,BC,NOT AVAILABLE,IN SERVICE,-999,-999,NOT APPLICABLE,NOT APPLICABLE,CAN,49.512729,-123.501046
GCOMP1372,PACIFIC GAS AND ELECTRIC,BETHANY,Technician-04,5/18/2023,11/14/2023,6,55,,,,25,14750 KELSO ROAD,BYRON,CA,94514,IN SERVICE,-999,-999,ALAMEDA,6001,USA,37.79691753,-121.6016047
GCOMP1371,PACIFIC GAS AND ELECTRIC,DELEVAN,Technician-05,5/19/2023,11/15/2023,6,55,,,,33,5001 DELEVAN ROAD,MAXWELL,CA,95955,IN SERVICE,-999,-999,COLUSA,6011,USA,39.368,-122.269
GCOMP1373,PACIFIC GAS AND ELECTRIC,KETTLEMAN,Technician-06,5/5/2023,11/1/2023,6,55,,,,49,34453 PLYMOUTH AVENUE,AVENAL,CA,93204,IN SERVICE,-999,-999,KINGS,6031,USA,36.07042,-120.0873
GCOMP1383,SOUTHERN CALIFORNIA GAS COMPANY (SOCALGAS),PLAYA DEL REY,Technician-07,11/20/2022,11/15/2023,12,55,20,,,51,8141 GULANA AVENUE,PLAYA DEL REY,CA,90293,IN SERVICE,-999,-999,LOS ANGELES,6037,USA,33.96316,-118.4383
GCOMP1389,SOUTHERN CALIFORNIA GAS COMPANY (SOCALGAS),ALISO CANYON,Technician-08,6/2/2023,11/29/2023,6,55,,,,66,"LIME KILN CANYON ROAD, NORTH OF PORTER RANCH AND NORTHRIDGE",NORTH RIDGE,CA,91326,IN SERVICE,-999,-999,LOS ANGELES,6037,USA,34.30669,-118.5536
GCOMP1388,SOUTHERN CALIFORNIA GAS COMPANY (SOCALGAS),HONOR RANCHO,Technician-09,12/6/2022,12/1/2023,12,55,,,,67,EDISON ROAD/BRADY PARKWAY,CASTAIC JUNCTION,CA,91355,IN SERVICE,-999,-999,LOS ANGELES,6037,USA,34.44508,-118.5905
GCOMP1386,SOUTHERN CALIFORNIA GAS COMPANY (SOCALGAS),WHEELER RIDGE,Technician-10,6/10/2023,12/7/2023,6,55,,,,92,NOT AVAILABLE,LEBEC,CA,93243,IN SERVICE,-999,-999,LOS ANGELES,6037,USA,34.80298,-118.807
GCOMP1368,PACIFIC GAS AND ELECTRIC,TIONESTA,Technician-11,12/20/2022,12/15/2023,12,55,,,,93,3.5 MILES EAST OF HIGHWAY 139,TULELAKE,CA,96134,IN SERVICE,-999,-999,MODOC,6049,USA,41.64898,-121.3179
GCOMP1376,SEMPRA ENERGY,MORENO,Technician-12,7/4/2023,12/31/2023,6,55,,,,94,14196 VIRGINA STREET,MORENO VALLEY,CA,92555,IN SERVICE,-999,-999,RIVERSIDE,6065,USA,33.91509,-117.1207
GCOMP1387,SOUTHERN CALIFORNIA GAS COMPANY (SOCALGAS),BLYTHE,Technician-13,11/20/2022,11/15/2023,12,55,,,,95,13100 WEST 14TH AVENUE,BLYTHE,CA,92225,IN SERVICE,-999,-999,RIVERSIDE,6065,USA,33.60298,-114.6409
GCOMP553,KERN RIVER GAS TRANSMISSION COMPANY,DAGGETT,Technician-14,2/20/2023,11/17/2023,9,55,20,,,96,37379 COUNTY ROUTE 66,DAGGETT,CA,92327,IN SERVICE,1,4000,SAN BERNARDINO,6071,USA,34.85095029,-116.8499036
GCOMP1374,PACIFIC GAS AND ELECTRIC,HINKLEY,Technician-15,5/23/2023,11/19/2023,6,55,,,,97,35863 FAIRVIEW ROAD,HINKLEY,CA,92347,IN SERVICE,-999,-999,SAN BERNADINO,6071,USA,34.90069,-117.1589
GCOMP1375,PACIFIC GAS AND ELECTRIC,TOPOCK,Technician-16,5/25/2023,11/21/2023,6,55,,,,98,12 MILES SW OF NEEDLES,TOPOCK,CA,92363,IN SERVICE,-999,-999,SAN BERNADINO,6071,USA,34.71412,-114.4928
GCOMP1382,SOUTHERN CALIFORNIA GAS COMPANY (SOCALGAS),ADELANTO,Technician-17,11/28/2022,11/23/2023,12,55,,,,99,9880 RANCH ROAD,ADELANTO,CA,92301,IN SERVICE,-999,-999,SAN BERNADINO,6071,USA,34.55717,-117.4504
GCOMP1380,SOUTHERN CALIFORNIA GAS COMPANY (SOCALGAS),KELSO,Technician-18,2/14/2023,11/11/2023,9,55,,,Y,80,NOT AVAILABLE,BAKER,CA,92309,IN SERVICE,-999,-999,SAN BERNADINO,6071,USA,34.89734,-115.6513
GCOMP1378,SOUTHERN CALIFORNIA GAS COMPANY (SOCALGAS),NORTH NEEDLES,Technician-19,11/19/2022,11/14/2023,12,55,,,Y,75,4528 NEEDLES HIGHWAY,NEEDLES,CA,92363,IN SERVICE,-999,-999,SAN BERNADINO,6071,USA,34.90831,-114.6434
GCOMP1379,SOUTHERN CALIFORNIA GAS COMPANY (SOCALGAS),SOUTH NEEDLES,Technician-20,5/19/2023,11/15/2023,6,55,,,,70,US HIGHWAY 95,NEEDLES,CA,92363,IN SERVICE,-999,-999,SAN BERNADINO,6071,USA,34.69514,-114.6112
GCOMP1381,SOUTHERN CALIFORNIA GAS COMPANY (SOCALGAS),NEWBERRY,Technician-21,5/5/2023,11/1/2023,6,55,,,,60,48400B CENTER ROAD,NEWBERRY SPRINGS,CA,92365,IN SERVICE,-999,-999,SAN BERNADINO,6071,USA,34.77999,-116.5951
GCOMP1377,SEMPRA ENERGY,RAINBOW,Technician-22,5/19/2023,11/15/2023,6,55,20,,Y,50,47824 US HIGHWAY 395,RAINBOW,CA,92028,IN SERVICE,-999,-999,SAN DIEGO,6073,USA,33.43255,-117.1405
GCOMP1385,SOUTHERN CALIFORNIA GAS COMPANY (SOCALGAS),LA GOLETA,Technician-23,6/2/2023,11/29/2023,6,55,,,,25,MORE RANCH ROAD,SANTA BARBARA,CA,93111,IN SERVICE,-999,-999,SANTA BARBARA,6083,USA,34.42102,-119.8183
GCOMP1369,PACIFIC GAS AND ELECTRIC,BURNEY,Technician-24,12/6/2022,12/1/2023,12,55,,,,100,BURNEY COMPRESSOR ROAD AND HIGHWAY 299,BURNEY,CA,96013,IN SERVICE,-999,-999,SHASTA,6089,USA,40.89723,-121.6353
GCOMP1370,PACIFIC GAS AND ELECTRIC,GERBER,Technician-25,12/12/2022,12/7/2023,12,55,,,,100,.05 EAST OF INTERSTATE 5 NEAR GERBER,GERBER,CA,96035,IN SERVICE,-999,-999,TEHMA,6103,USA,40.06308,-122.2143
GCOMP1384,SOUTHERN CALIFORNIA GAS COMPANY (SOCALGAS),VENTURA,Technician-01,12/20/2022,12/15/2023,12,55,,,,100,1689 OLIVE STREET,VENTURA,CA,93001,IN SERVICE,-999,-999,VENTURA,6111,USA,34.29869,-119.3006
GCOMP1020,COLORADO INTERSTATE GAS COMPANY L.L.C.,TOTEM,Technician-02,7/4/2023,12/31/2023,6,55,,,,100,E 104TH AVENUE AND YULLE ROAD; NE NW SEC 17 T2S R62W,BENNET,CO,80102,IN SERVICE,2,9470,ADAMS,8001,USA,39.88251024,-104.3506591
GCOMP1297,COLORADO INTERSTATE GAS COMPANY L.L.C.,WATKINS,Technician-03,11/20/2022,11/15/2023,12,55,,,,100,SMITH ROAD AND E. 119TH AVENUE,WATKINS,CO,80137,IN SERVICE,4,10800,ADAMS,8001,USA,39.745279,-104.698509
GCOMP810,COLORADO INTERSTATE GAS COMPANY L.L.C.,LATIGO,Technician-04,5/21/2023,11/17/2023,6,55,,,,100,69500 E COUNTY ROAD 38,BYERS,CO,80103,IN SERVICE,4,4400,ARAPAHOE,8005,USA,39.60756653,-104.1758255
GCOMP1002,COLORADO INTERSTATE GAS COMPANY L.L.C.,FLANK,Technician-05,2/22/2023,11/19/2023,9,55,,,,100,COUNTY ROAD K AND COUNTY ROAD H,CAMPO,CO,81029,IN SERVICE,6,7250,BACA,8009,USA,37.114997,-102.182431
GCOMP1340,CITATION O&G,CITATION O&G CORP - N ARAPAHOE SEC REC,Technician-06,11/26/2022,11/21/2023,12,55,20,40,,100,US-40 (SW SEC 9 T14S R42W),ARAPAHOE,CO,80802,IN SERVICE,1,738,CHEYENNE,8017,USA,38.84452462,-102.1276116
GCOMP491,COLORADO INTERSTATE GAS COMPANY L.L.C.,KIT CARSON,Technician-07,5/27/2023,11/23/2023,6,55,,40,,100,3073 US HIGHWAY 287,KIT CARSON,CO,80825,IN SERVICE,10,12360,CHEYENNE,8017,USA,38.660351,-102.788791
GCOMP1776,COLORADO INTERSTATE GAS COMPANY L.L.C.,LEFTHAND NO. 2,Technician-08,11/16/2022,11/11/2023,12,55,,40,Y,100,3073 US-287,EADS,CO,81036,IN SERVICE,-999,-999,CHEYENNE,8017,USA,38.65972052,-102.7885468
GCOMP1218,TRANSCOLORADO GAS TRANSMISSION COMPANY L.L.C.,DOLORES,Technician-09,5/18/2023,11/14/2023,6,55,,40,,100,OFF US HIGHWAY FS ROAD 532/EAST OF HIGHWAY 526 (14 MILES NE OF DOLORES),DOLORES,CO,81323,IN SERVICE,3,9363,DOLORES,8033,USA,37.65349957,-108.3938995
GCOMP1775,COLORADO INTERSTATE GAS COMPANY L.L.C.,DRENNAN ROAD AIR INJECTION,Technician-10,11/20/2022,11/15/2023,12,55,,40,,100,6845-7899 DRENNAN ROAD,COLORADO SPRINGS,CO,80925,IN SERVICE,-999,-999,EL PASO,8041,USA,38.78021686,-104.6740184
GCOMP1122,COLORADO INTERSTATE GAS COMPANY L.L.C.,PARACHUTE,Technician-11,11/6/2022,11/1/2023,12,55,,40,,100,INTERSECTION OF HIGHWAY 215 AND GARDEN GULCH ROAD,PARACHUTE,CO,81635,NOT AVAILABLE,0,2936,GARFIELD,8045,USA,39.469555,-108.075757
GCOMP1794,KINDER MORGAN INC.,PICEANCE/GREASEWOOD,Technician-12,11/20/2022,11/15/2023,12,55,,40,,25,5300 COUNTY ROAD 3,RIFLE,CO,81650,IN SERVICE,2,5664,GARFIELD,8045,USA,39.85767237,-108.1054826
GCOMP742,QUESTAR PIPELINE COMPANY,COLORADO - RIFLE,Technician-13,12/4/2022,11/29/2023,12,55,,40,,33,613 COUNTY ROAD 264,RIFLE,CO,81650,IN SERVICE,2,650,GARFIELD,8045,USA,39.53284408,-107.8338046
GCOMP977,TRANSCOLORADO GAS TRANSMISSION COMPANY L.L.C.,CONN CREEK,Technician-14,6/4/2023,12/1/2023,6,55,,40,,49,CONN CREEK ROAD,DE BEQUE,CO,81630,IN SERVICE,2,5900,GARFIELD,8045,USA,39.47391008,-108.2481488
GCOMP1291,KINDER MORGAN INC.,BONDAD,Technician-15,12/12/2022,12/7/2023,12,55,,40,,51,"SEC 24 T33N R10W IN DURANGO, 9.1 MILES OF CO",IGNACIO,CO,81137,IN SERVICE,3,18825,LA PLATA,8067,USA,37.08931843,-107.8827718
GCOMP347,NORTHWEST PIPELINE G.P.,LA PLATA A,Technician-16,6/18/2023,12/15/2023,6,55,20,40,,66,2165 COUNTY ROAD-318,IGNACIO,CO,81137,IN SERVICE,2,12500,LA PLATA,8067,USA,37.09809987,-107.7699637
GCOMP555,NORTHWEST PIPELINE G.P.,LA PLATA B,Technician-17,1/5/2023,12/31/2023,12,55,,40,,67,3743 COUNTY ROAD-307; SE SEC 35 T34N R9W,DURANGO,CO,81301,IN SERVICE,4,45400,LA PLATA,8067,USA,37.14389,-107.78756
GCOMP561,TRANSWESTERN PIPELINE COMPANY L.L.C.,LAPLATA A,Technician-18,5/19/2023,11/15/2023,6,55,20,40,,92,3775 COUNTY ROAD 307,DURANGO,CO,81303,IN SERVICE,2,12500,LA PLATA,8067,USA,37.145557,-107.78756
GCOMP1337,COLORADO INTERSTATE GAS COMPANY L.L.C.,KIM,Technician-19,5/21/2023,11/17/2023,6,55,,40,,93,US-160,KIM,CO,81049,IN SERVICE,2,8900,LAS ANIMAS,8071,USA,37.216681,-103.501954
GCOMP226,COLORADO INTERSTATE GAS COMPANY L.L.C.,TRINIDAD,Technician-20,5/23/2023,11/19/2023,6,55,20,,,94,16250 US HIGHWAY 350,TRINIDAD,CO,81082,IN SERVICE,1,4860,LAS ANIMAS,8071,USA,37.22084986,-104.4019093
GCOMP879,SOUTHERN STAR CENTRAL GAS PIPELINE INC.,574 MERINO,Technician-21,11/26/2022,11/21/2023,12,55,,,,95,8426 COUNTY ROAD 6,MERINO,CO,80741,IN SERVICE,1,3950,LOGAN,8075,USA,40.46337016,-103.4183227
GCOMP459,TALLGRASS INTERSTATE GAS TRANSMISSION L.L.C.,STERLING,Technician-22,5/27/2023,11/23/2023,6,55,,40,,96,28822 US-6,FLEMING,CO,80728,IN SERVICE,5,37300,LOGAN,8075,USA,40.65414536,-103.0311854
GCOMP559,TRAILBLAZER PIPELINE COMPANY L.L.C.,STATION 601 - PEETZ,Technician-23,11/16/2022,11/11/2023,12,55,20,,,97,37564 COUNTY ROAD 78,PEETZ,CO,80726,IN SERVICE,2,20000,LOGAN,8075,USA,40.99247,-102.85429
GCOMP365,TRANSCOLORADO GAS TRANSMISSION COMPANY L.L.C.,WHITEWATER,Technician-24,5/18/2023,11/14/2023,6,55,,,,98,2233 WHITEWATER CREEK ROAD,WHITEWATER,CO,81527,IN SERVICE,1,4287,MESA,8077,USA,38.991547,-108.389964
GCOMP1001,QUESTAR PIPELINE COMPANY,COLORADO - SKULL CREEK DEW POINT PLANT,Technician-25,11/20/2022,11/15/2023,12,55,,,,99,COUNTY ROAD 4; SW SE SEC 32 T12N R97W,MAYBELL,CO,81640,IN SERVICE,1,100,MOFFAT,8081,USA,40.95055734,-108.3119263
GCOMP995,QUESTAR PIPELINE COMPANY,COLORADO - STATE LINE,Technician-01,5/5/2023,11/1/2023,6,55,,,,80,COUNTY ROAD 21N; SEC 21 T12N R95W,MAYBELL,CO,81640,IN SERVICE,1,1085,MOFFAT,8081,USA,40.99117073,-108.0737876
GCOMP1008,ROCKIES EXPRESS PIPELINE L.L.C.,R28184002/102 AT BIG HOLE,Technician-02,11/20/2022,11/15/2023,12,55,20,40,,75,COUNTY ROAD 4/WEST OF COUNTY-192N,CRAIG,CO,81625,IN SERVICE,2,17695,MOFFAT,8081,USA,40.97797509,-107.9742719
GCOMP1007,WYOMING INTERSTATE COMPANY L.L.C.,SNAKE RIVER,Technician-03,3/4/2023,11/29/2023,9,55,,,,70,COUNTY ROAD-4; SEC 20 29 T12N R94W,CRAIG,CO,81625,IN SERVICE,2,13664,MOFFAT,8081,USA,40.97826974,-107.9744661
GCOMP264,NORTHWEST PIPELINE G.P.,PLEASANT VIEW,Technician-04,6/4/2023,12/1/2023,6,55,,40,,60,18162 COUNTY ROAD BB; NW NW SEC 10 T38N R17W 1879-264 ROAD,PLEASANT VIEW,CO,81331,IN SERVICE,2,8780,MONTEZUMA,8083,USA,37.572456,-108.716988
GCOMP998,TRANSCOLORADO GAS TRANSMISSION COMPANY L.L.C.,MANCOS,Technician-05,6/10/2023,12/7/2023,6,55,,,,50,COUNTY ROAD 316 (4.8 MILES EAST OF MANCOS); SW1/4 SEC29 T36N R12W,MANCOS,CO,81328,IN SERVICE,2,5786,MONTEZUMA,8083,USA,37.34835465,-108.2040139
GCOMP79,TRANSCOLORADO GAS TRANSMISSION COMPANY L.L.C.,OLATHE,Technician-06,12/20/2022,12/15/2023,12,55,,,,25,11100 TRANSFER ROAD,OLATHE,CO,81425,IN SERVICE,1,3873,MONTROSE,8085,USA,38.53336205,-108.0764614
GCOMP526,TRANSCOLORADO GAS TRANSMISSION COMPANY L.L.C.,REDVALE,Technician-07,4/5/2023,12/31/2023,9,55,20,,,100,34141 COUNTY ROAD FF31,REDVALE,CO,81431,IN SERVICE,1,4044,MONTROSE,8085,USA,38.17339092,-108.4455427
GCOMP344,COLORADO INTERSTATE GAS COMPANY L.L.C.,FORT MORGAN,Technician-08,11/20/2022,11/15/2023,12,55,,40,,100,21509 COUNTY ROAD 17,FORT MORGAN,CO,80701,IN SERVICE,6,6551,MORGAN,8087,USA,40.188127,-103.816618
GCOMP880,COLORADO INTERSTATE GAS COMPANY L.L.C.,SPRINGFIELD,Technician-09,5/21/2023,11/17/2023,6,55,,,,100,8438 COUNTY ROAD 1,LAMAR,CO,81052,IN SERVICE,4,5400,PROWERS,8099,USA,37.750768,-102.745361
GCOMP12,CENTERPOINT ENERGY GAS TRANSMISSION COMPANY L.L.C.,WHITE RIVER,Technician-10,5/23/2023,11/19/2023,6,55,,,,100,0.75 MILES SOUTH OF 18834 COUNTY ROAD 5 ADDRESS,MEEKER,CO,81641,IN SERVICE,2,4700,RIO BLANCO,8103,USA,39.83523772,-108.2411908
GCOMP1153,COLORADO INTERSTATE GAS COMPANY L.L.C.,GREASEWOOD,Technician-11,5/25/2023,11/21/2023,6,55,,,,100,LITTLE CORRAL GULCH SPRING,MEEKER,CO,81650,IN SERVICE,1,5278,RIO BLANCO,8103,USA,39.89858818,-108.1911704
GCOMP789,NORTHWEST PIPELINE G.P.,RANGELY,Technician-12,5/27/2023,11/23/2023,6,55,,,,100,67221 COUNTY-139; SEC 5 T2S R96W,RANGELY,CO,81648,IN SERVICE,4,8000,RIO BLANCO,8103,USA,40.04605473,-108.7735307
GCOMP1189,QUESTAR PIPELINE COMPANY,COLORADO - GREASEWOOD,Technician-13,11/16/2022,11/11/2023,12,55,20,,,100,NEAR CORNER OF COUNTY ROAD 76 AND COUNTY ROAD 3A; SE SE SEC 5 T2S R96W,MEEKER,CO,81641,IN SERVICE,2,7100,RIO BLANCO,8103,USA,39.898463,-108.191171
GCOMP991,TRANSCOLORADO GAS TRANSMISSION COMPANY L.L.C.,GREASEWOOD,Technician-14,11/19/2022,11/14/2023,12,55,,,,100,COUNTY ROAD 3A/ HIGHWAY 76,GREASEWOOD,CO,86505,IN SERVICE,2,1920,RIO BLANCO,8103,USA,39.89724147,-108.1946591
GCOMP257,WYOMING INTERSTATE COMPANY L.L.C.,GREASEWOOD,Technician-15,11/20/2022,11/15/2023,12,55,,,,100,18 MILES SW OF MEEKER,MEEKER,CO,81641,IN SERVICE,1,31206,RIO BLANCO,8103,USA,39.903605,-108.198972
GCOMP37,ROCKIES EXPRESS PIPELINE L.L.C.,R28244006 AT JULESBURG,Technician-16,5/5/2023,11/1/2023,6,55,,,,100,10093 COUNTY ROAD 55,JULESBURG,CO,80737,IN SERVICE,2,35000,SEDGWICK,8115,USA,40.896615,-102.132797
GCOMP1003,COLORADO INTERSTATE GAS COMPANY L.L.C.,NIOBRARA,Technician-17,11/20/2022,11/15/2023,12,55,,,,100,COUNTY ROAD QQ AND HIGHWAY 22,AKRON,CO,80720,IN SERVICE,1,1800,WASHINGTON,8121,USA,39.890189,-102.993106
GCOMP778,CHEYENNE PLAINS GAS PIPELINE COMPANY L.L.C.,CHEYENNE,Technician-18,6/2/2023,11/29/2023,6,55,,,,100,65657 HIGHWAY 85 NE OFCARR,CARR,CO,80612,IN SERVICE,3,30900,WELD,8123,USA,40.954297,-104.796732
GCOMP771,COLORADO INTERSTATE GAS COMPANY L.L.C.,CHEYENNE,Technician-19,3/6/2023,12/1/2023,9,55,,,,100,65000 COUNTY ROAD 29 (US-85),CARR,CO,80612,IN SERVICE,7,22630,WELD,8123,USA,40.953774,-104.798156
GCOMP206,COLORADO INTERSTATE GAS COMPANY L.L.C.,FORT LUPTON,Technician-20,12/12/2022,12/7/2023,12,55,20,,,100,15732 COUNTY ROAD 16,FORT LUPTON,CO,80621,IN SERVICE,4,11125,WELD,8123,USA,40.097537,-104.762109
GCOMP776,ROCKIES EXPRESS PIPELINE L.L.C.,R28214005 AT CHEYENNE,Technician-21,6/18/2023,12/15/2023,6,55,,,,100,65537 US-85,CARR,CO,80612,IN SERVICE,2,35000,WELD,8123,USA,40.949487,-104.796943
GCOMP806,SOUTHERN STAR CENTRAL GAS PIPELINE INC.,573 CHEYENNE,Technician-22,1/5/2023,12/31/2023,12,55,,,,100,68604 I-25 ACCESS ROAD,CARR,CO,80612,IN SERVICE,1,2400,WELD,8123,USA,40.99047805,-104.9080818
GCOMP775,TALLGRASS INTERSTATE GAS TRANSMISSION L.L.C.,ROCKPORT,Technician-23,5/19/2023,11/15/2023,6,55,,,,100,65537 HIGHWAY 85,CARR,CO,80612,IN SERVICE,2,3096,WELD,8123,USA,40.95164057,-104.7999687
GCOMP772,WYOMING INTERSTATE COMPANY L.L.C.,CHEYENNE,Technician-24,11/22/2022,11/17/2023,12,55,,,,100,65018 US-85,CARR,CO,80612,IN SERVICE,4,10800,WELD,8123,USA,40.953293,-104.802017
GCOMP127,CHEYENNE PLAINS GAS PIPELINE COMPANY L.L.C.,KIRK,Technician-25,11/24/2022,11/19/2023,12,55,,,,100,12730 COUNTY ROAD 2,KIRK,CO,80824,IN SERVICE,1,10310,YUMA,8125,USA,39.59862737,-102.5566105
GCOMP784,SOUTHERN STAR CENTRAL GAS PIPELINE INC.,575 YUMA,Technician-01,11/26/2022,11/21/2023,12,55,,,,100,6651 COUNTY ROAD 45,YUMA,CO,80759,IN SERVICE,1,2400,YUMA,8125,USA,40.218886,-102.6869208
GCOMP765,WILLIAMS NATURAL GAS COMPANY,YUMA,Technician-02,11/28/2022,11/23/2023,12,55,,,,100,6418 COUNTY ROAD 45; NE SEC 24 T3N R48W,YUMA,CO,80759,IN SERVICE,2,2000,YUMA,8125,USA,40.218923,-102.686916
GCOMP794,IPOC AS AGENT/IROQUOIS GAS TRANSMISSION SYSTEM L.P.,BROOKFIELD,Technician-03,5/15/2023,11/11/2023,6,55,20,,,100,68 HIGH MEADOW ROAD,BROOKFIELD,CT,6804,IN SERVICE,2,18010,FAIRFIELD,9001,USA,41.43357308,-73.37338811
GCOMP422,ENBRIDGE INC.,CROMWELL,Technician-04,11/19/2022,11/14/2023,12,55,,,,100,252 SHUNPIKE ROAD,CROMWELL,CT,6416,IN SERVICE,5,37300,MIDDLESEX,9007,USA,41.63214,-72.673458
GCOMP584,ENBRIDGE INC.,OXFORD,Technician-05,5/19/2023,11/15/2023,6,55,,,,100,40 WOODRUFF HILL ROAD,OXFORD,CT,6478,IN SERVICE,4,45400,NEW HAVEN,9009,USA,41.48569868,-73.12041481
GCOMP919,IPOC AS AGENT/IROQUOIS GAS TRANSMISSION SYSTEM L.P.,MILFORD,Technician-06,11/6/2022,11/1/2023,12,55,,,,100,969 ORONOQUE ROAD,MILFORD,CT,6460,IN SERVICE,2,20620,NEW HAVEN,9009,USA,41.2365117,-73.09815344
GCOMP684,ENBRIDGE INC.,CHAPLIN,Technician-07,5/19/2023,11/15/2023,6,55,,,,100,539 TOWER HILL ROAD,CHAPLIN,CT,6235,IN SERVICE,4,29400,WINDHAM,9015,USA,41.81760531,-72.15898492
GCOMP158,FLORIDA GAS TRANSMISSION COMPANY L.L.C.,STATION 16,Technician-08,6/2/2023,11/29/2023,6,55,,,,100,13956 SW COUNTY ROAD 231,BROOKER,FL,32622,IN SERVICE,8,26200,BRADFORD,12007,USA,29.92269,-82.325162
GCOMP524,FLORIDA GAS TRANSMISSION COMPANY L.L.C.,STATION 19,Technician-09,6/4/2023,12/1/2023,6,55,,,,100,3400 RANCH ROAD,WEST MELBOURNE,FL,32904,IN SERVICE,3,10000,BREVARD,12009,USA,28.05095698,-80.70580702
GCOMP410,FLORIDA GAS TRANSMISSION COMPANY L.L.C.,STATION 26,Technician-10,11/20/2022,11/15/2023,12,55,,,,100,245 N MAYLEN AVENUE,LECANTO,FL,34461,IN SERVICE,3,42800,CITRUS,12017,USA,28.86574,-82.502748
GCOMP548,FLORIDA GAS TRANSMISSION COMPANY L.L.C.,STATION 14 & 14-A,Technician-11,5/21/2023,11/17/2023,6,55,,,,100,3690 HOSFORD HIGHWAY,QUINCY,FL,32351,IN SERVICE,9,61900,GADSDEN,12039,USA,30.50534,-84.709594
GCOMP660,FLORIDA GAS TRANSMISSION COMPANY L.L.C.,STATION 24,Technician-12,11/24/2022,11/19/2023,12,55,20,40,,100,5030 S HIGHWAY 129,TRENTON,FL,32693,IN SERVICE,3,42700,GILCHRIST,12041,USA,29.66417,-82.846821
GCOMP318,FLORIDA GAS TRANSMISSION COMPANY L.L.C.,STATION 29,Technician-13,5/25/2023,11/21/2023,6,55,,40,,100,20179 STATE ROUTE-70,OKEECHOBEE,FL,34972,IN SERVICE,2,15600,HIGHLANDS,12055,USA,27.23785,-81.046694
GCOMP438,GULFSTREAM NATURAL GAS SYSTEM L.L.C.,GNGS #430,Technician-14,11/28/2022,11/23/2023,12,55,,40,,100,2706 SCRUBPENS ROAD,LORIDA,FL,33857,IN SERVICE,1,7700,HIGHLANDS,12055,USA,27.49860032,-81.2783433
GCOMP659,FLORIDA GAS TRANSMISSION COMPANY L.L.C.,STATION 30,Technician-15,5/15/2023,11/11/2023,6,55,,40,,100,5011 BUDDY ROGERS WAY,PLANT CITY,FL,33565,IN SERVICE,3,3210,HILLSBOROUGH,12057,USA,28.08278125,-82.09974114
GCOMP42,FLORIDA GAS TRANSMISSION COMPANY L.L.C.,STATION 27,Technician-16,11/19/2022,11/14/2023,12,55,,40,,100,10171 COUNTY ROAD 579,THONOTOSASSA,FL,33592,IN SERVICE,3,36400,HILLSBOROUGH,12057,USA,28.04452215,-82.30194456
GCOMP634,GULFSTREAM NATURAL GAS SYSTEM L.L.C.,GNGS #420,Technician-17,2/18/2023,11/15/2023,9,55,,40,,100,4610 BUCKEYE ROAD,PALMETTO,FL,34221,IN SERVICE,3,50500,MANATEE,12081,USA,27.62443258,-82.51722177
GCOMP294,FLORIDA GAS TRANSMISSION COMPANY L.L.C.,STATION 17,Technician-18,5/5/2023,11/1/2023,6,55,,40,,100,19555 NE HIGHWAY 314,FORT MCCOY,FL,32134,IN SERVICE,6,26100,MARION,12083,USA,29.298701,-81.833153
GCOMP1036,FLORIDA GAS TRANSMISSION COMPANY L.L.C.,STATION 22,Technician-19,5/19/2023,11/15/2023,6,55,,40,,100,EAST OF LEHMAN FACILITY AT 6801 NW 72ND AVENUE,HIALEAH,FL,33166,IN SERVICE,2,8500,MIAMI-DADE,12086,USA,25.8314665,-80.31201443
GCOMP139,FLORIDA GAS TRANSMISSION COMPANY L.L.C.,STATION 32,Technician-20,12/4/2022,11/29/2023,12,55,,40,Y,100,13353 WEWAHOOTEE ROAD,LAKE HART,FL,32832,IN SERVICE,2,15000,ORANGE,12095,USA,28.427252,-81.192921
GCOMP858,FLORIDA GAS TRANSMISSION COMPANY L.L.C.,STATION 18,Technician-21,3/6/2023,12/1/2023,9,55,,40,,100,7990 STEER LAKE ROAD,ORLANDO,FL,32835,IN SERVICE,6,17900,ORANGE,12095,USA,28.520974,-81.489792
GCOMP823,FLORIDA GAS TRANSMISSION COMPANY L.L.C.,STATION 31,Technician-22,12/12/2022,12/7/2023,12,55,20,40,,100,710 S OLD LAKE WILSON ROAD,KISSIMMEE,FL,34741,IN SERVICE,1,2500,OSCEOLA,12097,USA,28.28287067,-81.58798619
GCOMP793,FLORIDA GAS TRANSMISSION COMPANY L.L.C.,STATION 21,Technician-23,6/18/2023,12/15/2023,6,55,,40,,100,6789 BELVEDERE ROAD,WEST PALM BEACH,FL,33413,IN SERVICE,2,13000,PALM BEACH,12099,USA,26.695651,-80.15193694
GCOMP893,FLORIDA GAS TRANSMISSION COMPANY L.L.C.,STATION 20,Technician-24,7/4/2023,12/31/2023,6,55,20,40,,100,8701 ORANGE AVENUE,FORT PIERCE,FL,34945,IN SERVICE,5,11400,SAINT LUCIE,12111,USA,27.445631,-80.415021
GCOMP134,FLORIDA GAS TRANSMISSION COMPANY L.L.C.,STATION 12 & 12-A,Technician-25,5/21/2023,11/17/2023,6,55,,40,,100,13100 MUNSON HIGHWAY,MILTON,FL,32570,IN SERVICE,9,68200,SANTA ROSA,12113,USA,30.911124,-86.885695
GCOMP330,FLORIDA GAS TRANSMISSION COMPANY L.L.C.,STATION 15 & 15-A,Technician-01,5/23/2023,11/19/2023,6,55,20,,,100,2065 PISGAH ROAD,PERRY,FL,32347,IN SERVICE,9,58200,TAYLOR,12123,USA,30.162596,-83.606081
GCOMP419,FLORIDA GAS TRANSMISSION COMPANY L.L.C.,STATION 13 & 13-A,Technician-02,11/26/2022,11/21/2023,12,55,,,,100,2508 RIVER ROAD,CARYVILLE,FL,32425,IN SERVICE,9,64700,WASHINGTON,12133,USA,30.676842,-85.844047
GCOMP258,SOUTHERN NATURAL GAS COMPANY L.L.C.,HALL GATE,Technician-03,11/28/2022,11/23/2023,12,55,,40,,100,180 J M WALKER ROAD NE,MILLEDGEVILLE,GA,31061,IN SERVICE,3,11530,BALDWIN,13009,USA,33.0616,-83.05511
GCOMP710,SOUTHERN NATURAL GAS COMPANY L.L.C.,OCMULGEE,Technician-04,11/16/2022,11/11/2023,12,55,20,,Y,100,5676 ARKWRIGHT ROAD,MACON,GA,36925,IN SERVICE,6,9000,BIBB,13021,USA,32.93702479,-83.71158923
GCOMP38,SOUTHERN NATURAL GAS COMPANY L.L.C.,PAVO,Technician-05,5/18/2023,11/14/2023,6,55,,,,100,10102 TALLOKAS ROAD,PAVO,GA,31778,IN SERVICE,1,4390,BROOKS,13027,USA,30.98980835,-83.65524118
GCOMP667,TRANSCONTINENTAL GAS PIPE LINE COMPANY L.L.C.,NO. 115 NEWNAN,Technician-06,11/20/2022,11/15/2023,12,55,,,,100,510 KEITH ROAD,NEWNAN,GA,30263,IN SERVICE,3,62950,COWETA,13077,USA,33.369413,-84.911028
GCOMP218,SOUTHERN NATURAL GAS COMPANY L.L.C.,ALBANY,Technician-07,5/5/2023,11/1/2023,6,55,,,,100,1610 LIBERTY EXPRESSWAY,ALBANY,GA,31705,IN SERVICE,3,3912,DOUGHERTY,13095,USA,31.50113196,-84.11479279
GCOMP66,SOUTHERN NATURAL GAS COMPANY L.L.C.,WOODCLIFF,Technician-08,2/18/2023,11/15/2023,9,55,20,40,,25,1068 BLUE JAY ROAD,RINCON,GA,31326,IN SERVICE,1,5278,EFFINGHAM,13103,USA,32.27053384,-81.28266751
GCOMP819,SOUTHERN NATURAL GAS COMPANY L.L.C.,ROME,Technician-09,12/4/2022,11/29/2023,12,55,,,,33,706 MORAN LAKE ROAD NORTH EAST,ROME,GA,30161,IN SERVICE,1,3755,FLOYD,13115,USA,34.27304838,-85.10409355
GCOMP807,SOUTHERN NATURAL GAS COMPANY L.L.C.,TRANSMISSION:BROOKMAN,Technician-10,6/4/2023,12/1/2023,6,55,,40,,49,6864 US-82 W,BRUNSWICK,GA,31523,IN SERVICE,1,10000,GLYNN,13127,USA,31.21247518,-81.70261211
GCOMP88,SOUTHERN NATURAL GAS COMPANY L.L.C.,ELLERSLIE,Technician-11,12/12/2022,12/7/2023,12,55,,,,51,11480 WARM SPRINGS ROAD,ELLERSLIE,GA,31807,IN SERVICE,8,22200,HARRIS,13145,USA,32.61312706,-84.82044491
GCOMP801,TRANSCONTINENTAL GAS PIPE LINE COMPANY L.L.C.,NO. 120 STOCKBRIDGE,Technician-12,6/18/2023,12/15/2023,6,55,,,,66,683 VALLEY HILL ROAD,STOCKBRIDGE,GA,30281,IN SERVICE,18,71530,HENRY,13151,USA,33.571159,-84.253475
GCOMP49,SOUTHERN NATURAL GAS COMPANY L.L.C.,WRENS,Technician-13,1/5/2023,12/31/2023,12,55,20,,,67,1028 USRY PLACE ROAD,WRENS,GA,30833,IN SERVICE,5,9170,JEFFERSON,13163,USA,33.248958,-82.412919
GCOMP1058,SOUTHERN NATURAL GAS COMPANY L.L.C.,RICEBORO,Technician-14,11/20/2022,11/15/2023,12,55,,40,,92,GA HIGHWAY 119,RICEBORO,GA,31323,IN SERVICE,2,12400,LIBERTY,13179,USA,31.752741,-81.516018
GCOMP100,TRANSCONTINENTAL GAS PIPE LINE COMPANY L.L.C.,NO. 130 COMER,Technician-15,11/22/2022,11/17/2023,12,55,,,,93,117 WINNS LAKE ROAD,COMER,GA,30629,IN SERVICE,18,59290,MADISON,13195,USA,34.15155107,-83.14267953
GCOMP680,SOUTHERN NATURAL GAS COMPANY L.L.C.,THOMASTON,Technician-16,11/24/2022,11/19/2023,12,55,,,,94,5276 HIGHWAY 19 SOUTH,THOMASTON,GA,30286,IN SERVICE,5,21460,UPSON,13293,USA,32.7877,-84.2544
GCOMP32,TRANSCONTINENTAL GAS PIPE LINE COMPANY L.L.C.,NO. 125 MONROE,Technician-17,5/25/2023,11/21/2023,6,55,,,,95,1001 JAMES HUFF ROAD,MONROE,GA,30656,IN SERVICE,5,49800,WALTON,13297,USA,33.83088,-83.690779
GCOMP190,NORTHERN NATURAL GAS COMPANY,WATERLOO,Technician-18,11/28/2022,11/23/2023,12,55,,,,96,1508 EAST SCHROCK ROAD,WATERLOO,IA,50701,IN SERVICE,8,16250,BLACK HAWK,19013,USA,42.39405473,-92.3265752
GCOMP739,NORTHERN NATURAL GAS COMPANY,OGDEN,Technician-19,5/15/2023,11/11/2023,6,55,20,,,97,608 210TH STREET,OGDEN,IA,50212,IN SERVICE,10,30400,BOONE,19015,USA,42.04694,-94.04538
GCOMP604,NORTHERN NATURAL GAS COMPANY,PAULLINA,Technician-20,11/19/2022,11/14/2023,12,55,,,,98,4213 J AVENUE,PAULLINA,IA,51046,IN SERVICE,5,4400,OBRIEN,19041,USA,42.9084,-95.6798
GCOMP405,NORTHERN NATURAL GAS COMPANY,REDFIELD,Technician-21,5/19/2023,11/15/2023,6,55,,,,99,2420 G AVENUE,REDFIELD,IA,50233,IN SERVICE,7,16760,DALLAS,19049,USA,41.68476416,-94.16138472
GCOMP360,ALLIANCE PIPELINE,MANCHESTER,Technician-22,5/5/2023,11/1/2023,6,55,,,,80,220TH STREET/EAST OF 110TH AVENUE,MANCHESTER,IA,52057,IN SERVICE,1,31206,DELAWARE,19055,USA,42.46690082,-91.55097072
GCOMP394,NORTHERN NATURAL GAS COMPANY,EARLVILLE,Technician-23,5/19/2023,11/15/2023,6,55,,,,75,2379 260TH AVENUE,DELHI,IA,52223,IN SERVICE,1,15000,DELAWARE,19055,USA,42.43861441,-91.28730418
GCOMP370,TC PIPELINES L.P.,#14 - GRUNDY COUNTY,Technician-24,12/4/2022,11/29/2023,12,55,,,,70,22510 F AVENUE,GRUNDY CENTER,IA,50638,IN SERVICE,1,13000,GRUNDY,19075,USA,42.3746381,-92.92245467
GCOMP1018,NORTHERN NATURAL GAS COMPANY,GUTHRIE CENTER,Technician-25,6/4/2023,12/1/2023,6,55,,,,60,DOGWOOD AVENUE; NORTH OF 250TH STREET,ADAIR,IA,50002,IN SERVICE,1,7700,GUTHRIE,19077,USA,41.65732052,-94.68720901
GCOMP404,NORTHERN NATURAL GAS COMPANY,VENTURA,Technician-01,12/12/2022,12/7/2023,12,55,20,,,50,2415 270TH STREET,GARNER,IA,50438,IN SERVICE,5,12330,HANCOCK,19081,USA,43.157017,-93.512543
GCOMP343,NORTHERN NATURAL GAS COMPANY,HUBBARD,Technician-02,6/18/2023,12/15/2023,6,55,,,,25,21497 290TH STREET,HUBBARD,IA,50122,IN SERVICE,1,8000,HARDIN,19083,USA,42.28203459,-93.28136723
GCOMP449,ANR PIPELINE COMPANY,BIRMINGHAM,Technician-03,1/5/2023,12/31/2023,12,55,,,,100,2795 LOCUST AVENUE,BIRMINGHAM,IA,52535,IN SERVICE,8,13100,JEFFERSON,19101,USA,40.90281098,-91.96524191
GCOMP332,NATURAL GAS PIPELINE COMPANY OF AMERICA L.L.C.,STATION 109 - HARPER,Technician-04,1/15/2023,1/15/2024,6,55,,,,100,20743 285TH AVENUE,HARPER,IA,52231,IN SERVICE,6,29650,KEOKUK,19107,USA,41.35716434,-92.05760485
GCOMP325,TC PIPELINES L.P.,#16 - JOHNSON COUNTY,Technician-05,2/15/2023,2/15/2024,12,55,,,,100,20425 285TH AVENUE,HARPER,IA,52231,IN SERVICE,1,16000,KEOKUK,19107,USA,41.359376,-92.05728
GCOMP351,NATURAL GAS PIPELINE COMPANY OF AMERICA L.L.C.,STATION 214 - COLUMBUS JUNCTION,Technician-06,3/15/2023,3/15/2024,9,55,,,,100,21840 120TH STREET,COLUMBUS JUNCTION,IA,52738,IN SERVICE,1,3500,LOUISA,19115,USA,41.235085,-91.349109
GCOMP353,NATURAL GAS PIPELINE COMPANY OF AMERICA L.L.C.,STATION 204 - COLUMBUS JUNCTION,Technician-07,4/15/2023,4/15/2024,6,55,,,Y,100,"21864 120TH STREET, STATION 204",COLUMBUS JUNCTION,IA,52738,IN SERVICE,7,19780,LOUISA,19115,USA,41.234218,-91.349914
GCOMP416,NATURAL GAS PIPELINE COMPANY OF AMERICA L.L.C.,STATION 199 - LETTS,Technician-08,5/15/2023,5/15/2024,6,55,,,Y,100,2482 JASPER AVENUE,LETTS,IA,52754,IN SERVICE,2,24500,LOUISA,19115,USA,41.38056395,-91.19404744
GCOMP224,NATURAL GAS PIPELINE COMPANY OF AMERICA L.L.C.,STATION 198 - KNOXVILLE,Technician-09,6/15/2023,6/15/2024,12,55,20,,,100,1616 165TH AVENUE (NEWBOLD & OREGAN),KNOXVILLE,IA,50138,IN SERVICE,2,24000,MARION,19125,USA,41.28930638,-93.03237826
GCOMP366,NATURAL GAS PIPELINE COMPANY OF AMERICA L.L.C.,STATION 117 - MILLS CO,Technician-10,7/15/2023,7/15/2024,9,55,,,,100,22371 KANE AVENUE,GLENWOOD,IA,51534,IN SERVICE,1,3550,MILLS,19129,USA,41.01203125,-95.75508356
GCOMP569,NATURAL GAS PIPELINE COMPANY OF AMERICA L.L.C.,STATION 107 - EMERSON,Technician-11,8/15/2023,8/15/2024,12,55,,,Y,100,39080 HUTCHINGS AVENUE,HASTINGS,IA,51540,IN SERVICE,7,28300,MILLS,19129,USA,41.05871104,-95.44920384
GCOMP636,NORTHERN NATURAL GAS COMPANY,OAKLAND,Technician-12,9/15/2023,9/15/2024,6,55,,,,100,46299 HIGHWAY 6,OAKLAND,IA,51560,IN SERVICE,6,30500,POTTAWATTAMIE,19155,USA,41.31668827,-95.30085503
GCOMP388,TC PIPELINES L.P.,#17 - SCOTT COUNTY,Technician-13,10/15/2023,10/15/2024,6,55,,,,100,23387 230TH AVENUE,ELDRIDGE,IA,52748,IN SERVICE,1,15000,SCOTT,19163,USA,41.64915685,-90.45062656
GCOMP225,NATURAL GAS PIPELINE COMPANY OF AMERICA L.L.C.,STATION 108 - TRURO,Technician-14,11/15/2023,11/15/2024,6,55,,,,100,1620 COUNTY ROAD-G64,NEW VIRGINIA,IA,50210,IN SERVICE,5,26000,WARREN,19181,USA,41.22558713,-93.77770739
GCOMP92,NATURAL GAS PIPELINE COMPANY OF AMERICA L.L.C.,STATION 205 - KEOTA,Technician-15,12/15/2023,12/15/2024,6,55,,,,100,1155 200TH STREET,KEOTA,IA,52248,IN SERVICE,5,6670,KEOKUK,19183,USA,41.365552,-91.91847171
GCOMP456,ANR PIPELINE COMPANY,LINEVILLE,Technician-16,11/20/2022,11/15/2023,12,55,,,,25,2868 15TH STREET,LINEVILLE,IA,50147,IN SERVICE,9,13410,WAYNE,19185,USA,40.630044,-93.540108
GCOMP450,NORTHWEST PIPELINE G.P.,BOISE,Technician-17,11/22/2022,11/17/2023,12,55,,,,33,28001 SOUTH ORCHARD ACCESS ROAD,BOISE,ID,83716,IN SERVICE,2,13000,ADA,16001,USA,43.34701362,-116.0061692
GCOMP786,NORTHWEST PIPELINE G.P.,LAVA HOT SPRINGS,Technician-18,11/24/2022,11/19/2023,12,55,20,40,,49,6680 E. OLD OREGON ROAD,LAVA HOT SPRINGS,ID,83246,IN SERVICE,2,8807,BANNOCK,16005,USA,42.63041854,-112.0912529
GCOMP558,NORTHWEST PIPELINE G.P.,SODA SPRINGS,Technician-19,5/25/2023,11/21/2023,6,55,,40,,51,37538 US HIGHWAY 30,GEORGETOWN,ID,83239,IN SERVICE,4,12000,BEAR LAKE,16007,USA,42.54302138,-111.4198716
GCOMP436,NORTHWEST PIPELINE G.P.,PEGRAM,Technician-20,11/28/2022,11/23/2023,12,55,,40,,66,2685 SORENSON ROH ROAD; S14 T15S R45E,PEGRAM,ID,83254,IN SERVICE,2,9090,BEAR LAKE,16007,USA,42.12399268,-111.1594803
GCOMP393,GAS TRANSMISSION NORTHWEST L.L.C.,#4 - SANDPOINT,Technician-21,5/15/2023,11/11/2023,6,55,,40,,67,237 SAMUELS ROAD,SANDPOINT,ID,83864,IN SERVICE,3,97200,BONNER,16017,USA,48.4351632,-116.486372
GCOMP1117,GAS TRANSMISSION NORTHWEST L.L.C.,#3- EASTPORT,Technician-22,2/17/2023,11/14/2023,9,55,,40,Y,92,HIGHWAY 95 2 MILES S OF EASTPORT,BONNERS FERRY,ID,83805,IN SERVICE,2,103000,BOUNDARY,16021,USA,48.966614,-116.173813
GCOMP834,NORTHWEST PIPELINE G.P.,CALDWELL,Technician-23,11/20/2022,11/15/2023,12,55,,40,,93,7405 EL PASO ROAD,CALDWELL,ID,83607,IN SERVICE,4,6300,CANYON,16027,USA,43.81223151,-116.690739
GCOMP269,NORTHWEST PIPELINE G.P.,MOUNTAIN HOME,Technician-24,5/5/2023,11/1/2023,6,55,,40,,94,18648 OLD OREGON TRAIL ROAD,MOUNTAIN HOME,ID,83647,IN SERVICE,3,6000,ELMORE,16039,USA,43.03831621,-115.4569814
GCOMP402,GAS TRANSMISSION NORTHWEST L.L.C.,#5 - ATHOL,Technician-25,11/20/2022,11/15/2023,12,55,,40,,95,2400 E SEASONS ROAD,ATHOL,ID,83801,IN SERVICE,1,98600,KOOTENAI,16055,USA,47.91672306,-116.7546918
GCOMP1321,NORTHWEST PIPELINE G.P.,OWYHEE,Technician-01,6/2/2023,11/29/2023,6,55,20,40,,96,T14S R2W S36 SE1/4,RIDDLE,ID,83604,IN SERVICE,3,4029,OWYHEE,16073,USA,42.16218113,-116.5125446
GCOMP942,NORTHWEST PIPELINE G.P.,LITTLE VALLEY,Technician-02,12/6/2022,12/1/2023,12,55,,40,,97,BOB TINDALE ROAD,GRAND VIEW,ID,83624,IN SERVICE,2,2483,OWYHEE,16073,USA,42.7729275,-115.9598123
GCOMP1060,NORTHWEST PIPELINE G.P.,POCATELLO,Technician-03,11/20/2022,11/15/2023,12,55,20,,,98,GAS LINE ROAD,POCATELLO,ID,83204,IN SERVICE,4,9400,POWER,16077,USA,42.81772995,-112.699929
GCOMP1022,NORTHWEST PIPELINE G.P.,BUHL,Technician-04,11/22/2022,11/17/2023,12,55,,,,99,E 4900 N,BUHL,ID,83316,IN SERVICE,2,10200,TWIN FALLS,16083,USA,42.70955754,-114.8869868
GCOMP541,NORTHWEST PIPELINE G.P.,BURLEY,Technician-05,11/24/2022,11/19/2023,12,55,,40,,80,359 S. 1300 W.,MURTAUGH,ID,83344,IN SERVICE,2,17480,TWIN FALLS,16083,USA,42.48131028,-114.048534
GCOMP230,NATURAL GAS PIPELINE COMPANY OF AMERICA L.L.C.,STATION 116 - BELVIDERE,Technician-06,5/25/2023,11/21/2023,6,55,20,,,75,1650 STONE QUARRY ROAD,BELVIDERE,IL,61008,IN SERVICE,1,4925,BOONE,17007,USA,42.17732566,-88.86422304
GCOMP392,TC PIPELINES L.P.,#18 - BUREAU COUNTY,Technician-07,11/28/2022,11/23/2023,12,55,,,,70,23688 2950 EAST STREET,LA MOILLE,IL,61330,IN SERVICE,1,13000,BUREAU,17011,USA,41.48866391,-89.28497179
GCOMP418,ROCKIES EXPRESS PIPELINE L.L.C.,R28334011 AT BLUE MOUND,Technician-08,5/15/2023,11/11/2023,6,55,,,,60,2488 N 1400E ROAD,BLUE MOUND,IL,62513,IN SERVICE,5,35724,CHRISTIAN,17021,USA,39.712245,-89.269176
GCOMP1303,CENTERPOINT ENERGY - MISSISSIPPI RIVER TRANSMISSION L.L.C.,SHATTUC,Technician-09,11/19/2022,11/14/2023,12,55,,,,50,SOUTHEAST OF HIGHWAY 50 ON 1200 NORTH,SHATTUC,IL,62231,IN SERVICE,1,3280,CLINTON,17027,USA,38.59672684,-89.215639
GCOMP194,GUARDIAN PIPELINE L.L.C.,ILLINOIS - SYCAMORE - DEKALB COUNTY,Technician-10,5/19/2023,11/15/2023,6,55,20,40,,25,15201 STORY ROAD,GENOA,IL,60135,IN SERVICE,1,39000,DEKALB,17037,USA,42.05926166,-88.65446012
GCOMP542,NATURAL GAS PIPELINE COMPANY OF AMERICA L.L.C.,STATION 203 - ARCOLA,Technician-11,5/5/2023,11/1/2023,6,55,,,,100,360 E COUNTY ROAD 000 N,ARCOLA,IL,61910,IN SERVICE,4,3250,DOUGLAS,17041,USA,39.65254,-88.39885
GCOMP713,PANHANDLE EASTERN PIPE LINE COMPANY L.P.,ILLINOIS-TUSCOLA-DOUGLAS COUNTY,Technician-12,5/19/2023,11/15/2023,6,55,,40,,100,575 E US HIGHWAY 36,TUSCOLA,IL,61953,IN SERVICE,11,26800,DOUGLAS,17041,USA,39.790242,-88.358652
GCOMP907,TRUNKLINE GAS COMPANY L.L.C.,ILLINOIS - TUSCOLA - DOUGLAS COUNTY,Technician-13,12/4/2022,11/29/2023,12,55,,,,100,927 N COUNTY ROAD 800 E,TUSCOLA,IL,61953,IN SERVICE,5,10700,DOUGLAS,17041,USA,39.790097,-88.324234
GCOMP458,MIDWESTERN GAS TRANSMISSION COMPANY,#2115 PARIS,Technician-14,6/4/2023,12/1/2023,6,55,,,,100,2874 MIDWESTERN GAS STREET,PARIS,IL,61944,IN SERVICE,3,8000,EDGAR,17045,USA,39.520105,-87.568189
GCOMP990,NATURAL GAS PIPELINE COMPANY OF AMERICA L.L.C.,STATION 206 - ST ELMO,Technician-15,5/19/2023,11/15/2023,6,55,20,,,100,COUNTY ROAD 2100 E/COUNTY ROAD 2500 N,WRIGHTS CORNER,IL,62414,IN SERVICE,5,8400,FAYETTE,17051,USA,39.102213,-88.860062
GCOMP475,ANR PIPELINE COMPANY,NEW WINDSOR,Technician-16,11/22/2022,11/17/2023,12,55,,40,,100,296 NORTH 600 AVENUE,NEW WINDSOR,IL,61465,IN SERVICE,8,13100,HENRY,17073,USA,41.239556,-90.429929
GCOMP236,NATURAL GAS PIPELINE COMPANY OF AMERICA L.L.C.,STATION 110 - GENESEO,Technician-17,5/23/2023,11/19/2023,6,55,,,,100,16648 ILLINOIS HIGHWAY 82,GENESEO,IL,61254,IN SERVICE,7,34600,HENRY,17073,USA,41.391835,-90.168719
GCOMP693,NORTHERN NATURAL GAS COMPANY,GALENA,Technician-18,11/26/2022,11/21/2023,12,55,,,,100,5444 N MENOMINEE ROAD,EAST DUBUQUE,IL,61025,IN SERVICE,2,7600,JO DAVIESS,17085,USA,42.4543,-90.51443
GCOMP709,NATURAL GAS PIPELINE COMPANY OF AMERICA L.L.C.,STATION 201 - HERSCHER,Technician-19,5/27/2023,11/23/2023,6,55,,,,100,5611 S 12000 W ROAD,HERSCHER,IL,60941,IN SERVICE,15,53820,KANKAKEE,17091,USA,41.03493637,-88.09037513
GCOMP538,NATURAL GAS PIPELINE COMPANY OF AMERICA L.L.C.,STATION 202 - HERSCHER,Technician-20,11/16/2022,11/11/2023,12,55,,,,100,355 S 17000W ROAD,HERSCHER,IL,60961,IN SERVICE,5,37300,KANKAKEE,17091,USA,41.10927999,-88.19169337
GCOMP783,ANR PIPELINE COMPANY,SANDWICH,Technician-21,2/17/2023,11/14/2023,9,55,20,,,100,6650 SANDY BLUFF ROAD,SANDWICH,IL,60548,IN SERVICE,5,22190,KENDALL,17093,USA,41.62295,-88.581275
GCOMP196,ANR PIPELINE COMPANY,WOODSTOCK,Technician-22,5/19/2023,11/15/2023,6,55,,,,100,15313 WEST SOUTH STREET; ON S. ROSE FARM ROAD,WOODSTOCK,IL,60098,IN SERVICE,7,38546,MCHENRY,17111,USA,42.28834,-88.49539
GCOMP1162,CENTERPOINT ENERGY - MISSISSIPPI RIVER TRANSMISSION L.L.C.,HORSESHOE LAKE,Technician-23,5/5/2023,11/1/2023,6,55,,,,100,MADISON COUNTY TRANSIT SCHOOLHOUSE TRAIL; 2.5 MILES EAST/NORTH OF VENICE,VENICE,IL,62090,IN SERVICE,4,5580,MADISON,17119,USA,38.68215041,-90.12525872
GCOMP615,CENTERPOINT ENERGY - MISSISSIPPI RIVER TRANSMISSION L.L.C.,ST. JACOB,Technician-24,11/20/2022,11/15/2023,12,55,,,,25,438 SUMMERFIELD ROAD,SAINT JACOB,IL,62281,IN SERVICE,1,3280,MADISON,17119,USA,38.67158,-89.75179
GCOMP845,NATURAL GAS PIPELINE COMPANY OF AMERICA L.L.C.,STATION 310 - CENTRALIA,Technician-25,3/4/2023,11/29/2023,9,55,,,,33,7609 HUEY ROAD,CENTRALIA,IL,62801,IN SERVICE,9,30600,MARION,17121,USA,38.53131748,-89.26610677
GCOMP338,TRUNKLINE GAS COMPANY L.L.C.,ILLINOIS - JOPPA - MASSAC COUNTY,Technician-01,12/6/2022,12/1/2023,12,55,,,,49,2101 PORTLAND ROAD,JOPPA,IL,62953,IN SERVICE,7,25450,MASSAC,17127,USA,37.223581,-88.864824
GCOMP724,NATURAL GAS PIPELINE COMPANY OF AMERICA L.L.C.,STATION 311 - HAMMOND,Technician-02,6/10/2023,12/7/2023,6,55,,,,51,586 E ROUTE 36,HAMMOND,IL,61929,IN SERVICE,8,27800,PIATT,17147,USA,39.794034,-88.636165
GCOMP188,PANHANDLE EASTERN PIPE LINE COMPANY L.P.,ILLINOIS-PLEASANT HILL-PIKE COUNTY,Technician-03,6/18/2023,12/15/2023,6,55,20,,,66,14906 IL-96,PLEASANT HILL,IL,62366,IN SERVICE,7,25896,PIKE,17149,USA,39.47177614,-90.91411189
GCOMP97,PANHANDLE EASTERN PIPE LINE COMPANY L.P.,ILLINOIS-GLENARM-SANGAMON COUNTY,Technician-04,7/4/2023,12/31/2023,6,55,,,,67,11615 OLD ROUTE 66,GLENARM,IL,62536,IN SERVICE,7,23500,SANGAMON,17167,USA,39.63285,-89.6309
GCOMP1167,MIDWESTERN GAS TRANSMISSION COMPANY,#2118 POTOMAC,Technician-05,5/19/2023,11/15/2023,6,55,,,,92,N 620 E ROAD,POTOMAC,IL,61865,IN SERVICE,4,9540,VERMILION,17183,USA,40.26168,-87.82273
GCOMP941,TRUNKLINE GAS COMPANY L.L.C.,ILLINOIS - JOHNSONVILLE - WAYNE COUNTY,Technician-06,11/22/2022,11/17/2023,12,55,,,,93,BLACK TOP ROAD,JOHNSONVILLE,IL,62850,IN SERVICE,8,30001,WAYNE,17191,USA,38.48800965,-88.55311248
GCOMP1104,TEXAS EASTERN TRANSMISSION L.P.,NORRIS CITY,Technician-07,11/24/2022,11/19/2023,12,55,,,,94,HIGHWAY 1 AND BY-PASS 45,NORRIS CITY,IL,62869,IN SERVICE,7,7000,WHITE,17193,USA,37.98274573,-88.31475602
GCOMP718,ALLIANCE PIPELINE,TAMPICO,Technician-08,11/26/2022,11/21/2023,12,55,,,,95,580 TAMPICO ROAD,TAMPICO,IL,61283,IN SERVICE,1,31206,WHITESIDE,17195,USA,41.59254,-89.78497
GCOMP390,GUARDIAN PIPELINE L.L.C.,ILLINOIS - JOLIET - WILL COUNTY,Technician-09,5/27/2023,11/23/2023,6,55,,,,96,23537 AMOCO ROAD,CHANNAHON,IL,60410,IN SERVICE,5,22225,WILL,17197,USA,41.450515,-88.182755
GCOMP396,MIDWESTERN GAS TRANSMISSION COMPANY,#2125 WILL COUNTY,Technician-10,11/16/2022,11/11/2023,12,55,,,,97,23823 W AMOCO ROAD,CHANNAHON,IL,60410,IN SERVICE,2,2900,WILL,17197,USA,41.448383,-88.19146
GCOMP285,NATURAL GAS PIPELINE COMPANY OF AMERICA L.L.C.,STATION 113 - SHOREWOOD,Technician-11,5/18/2023,11/14/2023,6,55,20,,,98,19132 COUNTY FARM ROAD,JOILIET,IL,60431,IN SERVICE,9,13050,WILL,17197,USA,41.506431,-88.191762
GCOMP382,TC PIPELINES L.P.,DES PLAINES - WILL COUNTY,Technician-12,2/18/2023,11/15/2023,9,55,,,,99,23132 SOUTH YOUNGS ROAD,CHANNAHON,IL,60410,IN SERVICE,1,1600,WILL,17197,USA,41.463119,-88.177666
GCOMP423,PANHANDLE EASTERN PIPE LINE COMPANY L.P.,INDIANA-EDGERTON-ALLEN COUNTY,Technician-13,11/6/2022,11/1/2023,12,55,,,,80,25419 PAULDING ROAD,MONROEVILLE,IN,46773,IN SERVICE,12,22400,ALLEN,18003,USA,41.03775678,-84.80966459
GCOMP55,TRUNKLINE GAS COMPANY L.L.C.,INDIANA - AMBIA - BENTON COUNTY,Technician-14,5/19/2023,11/15/2023,6,55,,,,75,10483 W 600 S,AMBIA,IN,47917,IN SERVICE,4,9000,BENTON,18007,USA,40.522661,-87.518301
GCOMP64,TEXAS GAS TRANSMISSION L.L.C.,DILLSBORO,Technician-15,12/4/2022,11/29/2023,12,55,,,,70,10622 TEXAS GAS ROAD,DILSBORO,IN,47001,IN SERVICE,10,22560,DEARBORN,18029,USA,39.018066,-85.013149
GCOMP177,ANR PIPELINE COMPANY,CELESTINE,Technician-16,6/4/2023,12/1/2023,6,55,,,,60,146 S CELESTINE ROAD S,CELESTINE,IN,47521,IN SERVICE,8,30687,DUBOIS,18037,USA,38.378623,-86.776802
GCOMP857,TEXAS GAS TRANSMISSION L.L.C.,PETERSBURG,Technician-17,12/12/2022,12/7/2023,12,55,,,,50,7935 WEST STATE ROAD 56,PETERSBURG,IN,47640,IN SERVICE,6,3760,GIBSON,18051,USA,38.484813,-87.425528
GCOMP1185,TEXAS EASTERN TRANSMISSION L.P.,GAS CITY,Technician-18,11/20/2022,11/15/2023,12,55,,,,25,NE OF COUNTY ROAD 500W AND STATE ROUTE 40,GAS CITY,IN,46933,IN SERVICE,3,12300,GRANT,18053,USA,40.425293,-85.575735
GCOMP747,ANR PIPELINE COMPANY,SULPHUR SPRINGS,Technician-19,11/22/2022,11/17/2023,12,55,,,,100,6180 N COUNTY ROAD 300 W,SULPHUR SPRINGS,IN,47388,IN SERVICE,3,16615,HENRY,18065,USA,40.02237026,-85.4407384
GCOMP43,TEXAS EASTERN TRANSMISSION L.P.,SEYMOUR,Technician-20,11/24/2022,11/19/2023,12,55,20,40,,100,10197 E 1000 N,SEYMOUR,IN,47274,IN SERVICE,2,4000,JACKSON,18071,USA,39.0258742,-85.85087391
GCOMP736,ANR PIPELINE COMPANY,PORTLAND,Technician-21,5/25/2023,11/21/2023,6,55,,40,,100,6059 W STATE ROAD 26,PORTLAND,IN,47371,IN SERVICE,9,34880,JAY,18075,USA,40.44291389,-85.09695663
GCOMP174,TEXAS GAS TRANSMISSION L.L.C.,OAKTOWN FIELD,Technician-22,11/28/2022,11/23/2023,12,55,,40,,100,14535 N COUNTY ROAD 50 W,OAKTOWN,IN,47561,IN SERVICE,1,590,KNOX,18083,USA,38.886175,-87.472607
GCOMP371,ANR PIPELINE COMPANY,LAGRANGE,Technician-23,5/15/2023,11/11/2023,6,55,,40,,100,2255 W US 20,LAGRANGE,IN,46761,IN SERVICE,3,25400,LAGRANGE,18087,USA,41.64439644,-85.46949859
GCOMP51,ANR PIPELINE COMPANY,SAINT JOHN,Technician-24,11/19/2022,11/14/2023,12,55,,40,,100,10313 WHITE OAK AVENUE,SAINT JOHN,IN,46373,IN SERVICE,7,32200,LAKE,18089,USA,41.43161641,-87.48602781
GCOMP619,VECTOR PIPELINE L.P.,SPRINGVILLE - LAPORTE COUNTY,Technician-25,5/19/2023,11/15/2023,6,55,,40,,100,4446 N FAIL ROAD,SPRINGVILLE,IN,46350,IN SERVICE,2,30000,LAPORTE,18091,USA,41.6722931,-86.67872787
GCOMP889,TEXAS GAS TRANSMISSION L.L.C.,LEESVILLE,Technician-01,5/5/2023,11/1/2023,6,55,,40,,100,857 ERIE CHURCH ROAD,BEDFORD,IN,47421,IN SERVICE,4,6400,LAWRENCE,18093,USA,38.884775,-86.397881
GCOMP911,PANHANDLE EASTERN PIPE LINE COMPANY L.P.,INDIANA-ZIONSVILLE-MARION COUNTY,Technician-02,5/19/2023,11/15/2023,6,55,,40,,100,9371 ZIONSVILLE ROAD,INDIANAPOLIS,IN,46268,IN SERVICE,8,26950,MARION,18097,USA,39.92066804,-86.25902227
GCOMP85,TEXAS EASTERN TRANSMISSION L.P.,FRENCH LICK,Technician-03,12/4/2022,11/29/2023,12,55,,40,,100,11409 W STATE ROUTE 56,FRENCH LICK,IN,47432,IN SERVICE,7,7000,ORANGE,18117,USA,38.521049,-86.669647
GCOMP432,PANHANDLE EASTERN PIPE LINE COMPANY L.P.,INDIANA-MONTEZUMA-PARKE COUNTY,Technician-04,6/4/2023,12/1/2023,6,55,,40,,100,2623 N COUNTY ROAD 600 W,MONTEZUMA,IN,47862,IN SERVICE,6,36100,PARKE,18121,USA,39.80265896,-87.35008924
GCOMP1055,MIDWESTERN GAS TRANSMISSION COMPANY,#2110 PETERSBURG,Technician-05,6/10/2023,12/7/2023,6,55,20,40,,100,FORTY DOLLAR ROAD/ NORTH OF E DOANE LANE,PETERSBURG,IN,47567,IN SERVICE,4,11640,PIKE,18125,USA,38.506708,-87.225853
GCOMP799,ROCKIES EXPRESS PIPELINE L.L.C.,R28354012 AT BAINBRIDGE,Technician-06,12/20/2022,12/15/2023,12,55,,40,,100,6821 N COUNTY ROAD 25 W,BAINBRIDGE,IN,46105,IN SERVICE,2,31654,PUTNAM,18133,USA,39.75863,-86.850277
GCOMP249,TEXAS EASTERN TRANSMISSION L.P.,BATESVILLE,Technician-07,7/4/2023,12/31/2023,6,55,20,40,,25,1764 IN-46,BATESVILLE,IN,47006,IN SERVICE,2,3500,RIPLEY,18137,USA,39.287102,-85.185087
GCOMP696,ANR PIPELINE COMPANY,SHELBYVILLE,Technician-08,11/24/2022,11/19/2023,12,55,,40,,33,5500 SMITHLAND ROAD,SHELBYVILLE,IN,46176,IN SERVICE,8,30990,SHELBY,18145,USA,39.43913389,-85.8762517
GCOMP781,TRUNKLINE GAS COMPANY L.L.C.,INDIANA - NORTH JUDSON - STARKE COUNTY,Technician-09,5/25/2023,11/21/2023,6,55,20,,Y,49,6580 S 200 E,KNOX,IN,46534,IN SERVICE,4,8700,STARKE,18149,USA,41.206023,-86.657914
GCOMP184,MIDWESTERN GAS TRANSMISSION COMPANY,#2113 SULLIVAN,Technician-10,11/28/2022,11/23/2023,12,55,,,,51,148 E COUNTY ROAD 475 S,CARLISLE,IN,47838,IN SERVICE,1,9100,SULLIVAN,18153,USA,39.01250778,-87.40762223
GCOMP540,TEXAS GAS TRANSMISSION L.L.C.,WILFRED FIELD,Technician-11,2/14/2023,11/11/2023,9,55,,40,,66,3570 E COUNTY ROAD 750 N,SHELBURN,IN,47879,IN SERVICE,4,45400,SULLIVAN,18153,USA,39.19431178,-87.34260178
GCOMP748,SOUTHERN STAR CENTRAL GAS PIPELINE INC.,591 HUMBOLDT,Technician-12,5/18/2023,11/14/2023,6,55,20,,,67,620 GEORGIA ROAD,HUMBOLDT,KS,66748,IN SERVICE,1,9300,ALLEN,20001,USA,37.81386474,-95.48681212
GCOMP1366,SOUTHERN STAR CENTRAL GAS PIPELINE INC.,413 WEST COLONY,Technician-13,5/19/2023,11/15/2023,6,55,,,,92,WYOMING ROAD/1400TH STREET,COLONY,KS,66015,IN SERVICE,1,220,ANDERSON,20003,USA,38.038725,-95.407921
GCOMP1195,SOUTHERN STAR CENTRAL GAS PIPELINE INC.,414 N WELDA,Technician-14,11/6/2022,11/1/2023,12,55,,,,93,NORTH OF 1100 ROAD; WEST OF SW MARYLAND ROAD,WELDA,KS,66091,IN SERVICE,1,265,ANDERSON,20003,USA,38.2128146,-95.29484573
GCOMP1319,SOUTHERN STAR CENTRAL GAS PIPELINE INC.,412 S WELDA,Technician-15,2/18/2023,11/15/2023,9,55,,,,94,SW 800TH ROAD/LOUISIANA ROAD,WELDA,KS,66091,IN SERVICE,1,660,ANDERSON,20003,USA,38.14049153,-95.31818258
GCOMP287,SOUTHERN STAR CENTRAL GAS PIPELINE INC.,411 WELDA,Technician-16,12/4/2022,11/29/2023,12,55,20,40,,95,19209 SW MARYLAND ROAD,WELDA,KS,66091,IN SERVICE,9,25607,ANDERSON,20003,USA,38.172946,-95.298455
GCOMP817,SOUTHERN STAR CENTRAL GAS PIPELINE INC.,501 ATCHISON,Technician-17,6/4/2023,12/1/2023,6,55,,,,96,7002 LOGEMAN ROAD,ATCHISON,KS,66002,IN SERVICE,1,660,ATCHISON,20005,USA,39.54295493,-95.13258895
GCOMP884,NATURAL GAS PIPELINE COMPANY OF AMERICA L.L.C.,STATION 104 - GREAT BEND,Technician-18,6/10/2023,12/7/2023,6,55,,40,Y,97,850 NW 40TH ROAD,GREAT BEND,KS,67530,IN SERVICE,3,20500,BARTON,20009,USA,38.42135146,-98.93032881
GCOMP1133,SOUTHERN STAR CENTRAL GAS PIPELINE INC.,576 SAINT FRANCIS,Technician-19,6/18/2023,12/15/2023,6,55,,,,98,KS-27,SAINT FRANCIS,KS,67756,IN SERVICE,1,2400,CHEYENNE,20023,USA,39.92724789,-101.9374442
GCOMP280,CIMARRON RIVER PIPELINE L.L.C.,CLARK COUNTY 2,Technician-20,7/4/2023,12/31/2023,6,55,,,,99,1895 COUNTY ROAD 30,ASHLAND,KS,67831,IN SERVICE,2,1300,CLARK,20025,USA,37.207458,-99.5814
GCOMP925,CIMARRON RIVER PIPELINE L.L.C.,CLARK COUNTY 1,Technician-21,11/20/2022,11/15/2023,12,55,20,,,80,989 ANGLE ROAD,ASHLAND,KS,67831,IN SERVICE,3,1840,CLARK,20025,USA,37.058791,-99.946701
GCOMP122,NATURAL GAS PIPELINE COMPANY OF AMERICA L.L.C.,STATION 103 - MINNEOLA,Technician-22,11/22/2022,11/17/2023,12,55,,40,,75,12653 114TH ROAD,MINNEOLA,KS,67865,IN SERVICE,5,20111,CLARK,20025,USA,37.52279595,-99.96504826
GCOMP477,NORTHERN NATURAL GAS COMPANY,CLIFTON,Technician-23,11/24/2022,11/19/2023,12,55,,,,70,2994 GAS CITY ROAD,CLIFTON,KS,66937,IN SERVICE,5,24200,CLAY,20027,USA,39.54959619,-97.25363814
GCOMP791,NATURAL GAS PIPELINE COMPANY OF AMERICA L.L.C.,STATION 105 - GLASCO,Technician-24,5/25/2023,11/21/2023,6,55,,,,60,673 DEER ROAD,GLASCO,KS,67445,IN SERVICE,3,17100,CLOUD,20029,USA,39.36682801,-97.79980622
GCOMP1281,ANR PIPELINE COMPANY,BUTTERMILK,Technician-25,11/28/2022,11/23/2023,12,55,,,,50,RURAL ROUTE 1,COLDWATER,KS,67029,IN SERVICE,2,6000,COMANCHE,20033,USA,37.03165622,-99.38253087
GCOMP221,ANR PIPELINE COMPANY,ENTERPRISE,Technician-01,5/15/2023,11/11/2023,6,55,,,,25,1615 NAIL ROAD,ENTERPRISE,KS,67441,IN SERVICE,9,13410,DICKINSON,20041,USA,38.82904169,-97.09477762
GCOMP1138,NATURAL GAS PIPELINE COMPANY OF AMERICA L.L.C.,STATION 193 - KINSLEY,Technician-02,2/17/2023,11/14/2023,9,55,20,,,100,L ROAD,KINSLEY,KS,67547,IN SERVICE,1,14500,EDWARDS,20047,USA,37.928986,-99.504193
GCOMP204,NATURAL GAS PIPELINE COMPANY OF AMERICA L.L.C.,STATION 194 - WILSON,Technician-03,11/20/2022,11/15/2023,12,55,,,,100,156 5TH ROAD,WILSON,KS,67490,IN SERVICE,1,14500,ELLSWORTH,20053,USA,38.86107364,-98.41095172
GCOMP914,NORTHERN NATURAL GAS COMPANY,HOLCOMB,Technician-04,5/5/2023,11/1/2023,6,55,,,,100,9480 W HIGHWAY 50,HOLCOMB,KS,67851,IN SERVICE,1,556,FINNEY,20055,USA,38.003257,-101.033206
GCOMP910,TALLGRASS INTERSTATE GAS TRANSMISSION L.L.C.,HOLCOMB,Technician-05,11/20/2022,11/15/2023,12,55,,,,100,9366 US-400; S4-T24S-R34W,HOLCOMB,KS,67851,IN SERVICE,9,12010,FINNEY,20055,USA,38.002398,-101.048997
GCOMP508,SOUTHERN STAR CENTRAL GAS PIPELINE INC.,555 OTTAWA,Technician-06,6/2/2023,11/29/2023,6,55,,,,100,3243 NEBRASKA ROAD,OTTAWA,KS,66067,IN SERVICE,2,8500,FRANKLIN,20059,USA,38.61858687,-95.2289355
GCOMP666,PANHANDLE EASTERN PIPE LINE COMPANY L.P.,KANSAS-COLUMBIAN-GRANT COUNTY,Technician-07,12/6/2022,12/1/2023,12,55,,,,100,5079 S ROAD S,ULYSSES,KS,67880,IN SERVICE,2,7030,GRANT,20067,USA,37.51680439,-101.1995242
GCOMP126,SOUTHERN STAR CENTRAL GAS PIPELINE INC.,529 UNITED,Technician-08,12/12/2022,12/7/2023,12,55,,,,100,12717 US-160,ULYSSES,KS,67880,IN SERVICE,6,4000,GRANT,20067,USA,37.55729333,-101.1297471
GCOMP1284,TALLGRASS INTERSTATE GAS TRANSMISSION L.L.C.,GRANT #1,Technician-09,12/20/2022,12/15/2023,12,55,20,,,100,S ROAD M/NORTH OF EAST OKLAHOMA AVENUE (KS-160),ULYSSES,KS,67880,IN SERVICE,2,1544,GRANT,20067,USA,37.5708931,-101.3107445
GCOMP468,SOUTHERN STAR CENTRAL GAS PIPELINE INC.,538NTEZUMA,Technician-10,1/5/2023,12/31/2023,12,55,,,,100,29406 12TH ROAD,MONTEZUMA,KS,67867,IN SERVICE,3,6000,GRAY,20069,USA,37.58443952,-100.4509117
GCOMP963,DISCOVERY GAS TRANSMISSION L.L.C.,NORTH TRIBUNE C2,Technician-11,5/19/2023,11/15/2023,6,55,,,,100,COUNTY HIGHWAY 17 AND NORTH OF COUNTY HIGHWAY L (19),TRIBUNE,KS,67879,IN SERVICE,1,1050,GREELEY,20071,USA,38.55328345,-101.7326907
GCOMP162,TALLGRASS INTERSTATE GAS TRANSMISSION L.L.C.,SYRACUSE,Technician-12,12/4/2022,11/29/2023,12,55,,,,100,14059 KS-27,SYRACUSE,KS,67878,IN SERVICE,2,2400,HAMILTON,20075,USA,38.17593422,-101.7607026
GCOMP846,SOUTHERN STAR CENTRAL GAS PIPELINE INC.,536 HESSTON,Technician-13,6/4/2023,12/1/2023,6,55,,,,100,7616 WEST DUTCH AVENUE,HESSTON,KS,67062,IN SERVICE,8,11100,HARVEY,20079,USA,38.14713393,-97.4534625
GCOMP1341,PANHANDLE EASTERN PIPE LINE COMPANY L.P.,KANSAS-SATANTA-HASKELL COUNTY,Technician-14,12/12/2022,12/7/2023,12,55,,,,100,US-56,SATANTA,KS,67870,IN SERVICE,10,8177,HASKELL,20081,USA,37.40061315,-101.0293202
GCOMP187,COLORADO INTERSTATE GAS COMPANY L.L.C.,LAKIN,Technician-15,6/18/2023,12/15/2023,6,55,,,,25,1487 HIGHWAY 50,LAKIN,KS,67860,IN SERVICE,6,7200,KEARNY,20093,USA,37.943119,-101.289413
GCOMP337,TALLGRASS INTERSTATE GAS TRANSMISSION L.L.C.,LAKIN,Technician-16,7/4/2023,12/31/2023,6,55,,,,33,2096 ROAD 25,LAKIN,KS,67860,IN SERVICE,4,12005,KEARNY,20093,USA,37.91581432,-101.1771128
GCOMP321,NORTHERN NATURAL GAS COMPANY,CUNNINGHAM,Technician-17,5/18/2023,11/14/2023,6,55,20,,,49,20307 NORTHEAST 150 AVENUE,CUNNINGHAM,KS,67035,IN SERVICE,7,16450,KINGMAN,20095,USA,37.68248894,-98.46677159
GCOMP1123,ANR PIPELINE COMPANY,GREENSBURG,Technician-18,11/20/2022,11/15/2023,12,55,,,,51,INTERSECTION OF US 183 AND US 54,GREENSBURG,KS,67054,IN SERVICE,9,13750,KIOWA,20097,USA,37.614245,-99.322987
GCOMP981,NORTHERN NATURAL GAS COMPANY,MULLINVILLE,Technician-19,5/5/2023,11/1/2023,6,55,,,,66,CORNER OF 17TH AVENUE AND US-400; S20-T28S-R19W,GREENSBURG,KS,67054,IN SERVICE,7,29300,KIOWA,20097,USA,37.587197,-99.413976
GCOMP303,PANHANDLE EASTERN PIPE LINE COMPANY L.P.,KANSAS-GREENSBURG-KIOWA COUNTY,Technician-20,5/19/2023,11/15/2023,6,55,,,,67,19TH AVENUE/NORTH OF J STREET,GREENSBURG,KS,67054,IN SERVICE,6,26400,KIOWA,20097,USA,37.61421763,-99.39695547
GCOMP315,SOUTHERN STAR CENTRAL GAS PIPELINE INC.,542 TONGANOXIE,Technician-21,12/4/2022,11/29/2023,12,55,,,Y,92,20031 207TH STREET,TONGANOXIE,KS,66086,IN SERVICE,3,5750,LEAVENWORTH,20103,USA,39.13695314,-95.06081911
GCOMP924,PANHANDLE EASTERN PIPE LINE COMPANY L.P.,KANSAS-OLPE-LYON COUNTY,Technician-22,6/4/2023,12/1/2023,6,55,,,Y,93,985 ROAD 90,OLPE,KS,66865,IN SERVICE,6,39810,LYON,20111,USA,38.28982019,-96.19255619
GCOMP341,SOUTHERN STAR CENTRAL GAS PIPELINE INC.,532 AMERICUS,Technician-23,12/12/2022,12/7/2023,12,55,,,,94,2141 ROAD E,AMERICUS,KS,66835,IN SERVICE,4,8000,LYON,20111,USA,38.47011215,-96.28175427
GCOMP452,ANR PIPELINE COMPANY,MEADE,Technician-24,6/18/2023,12/15/2023,6,55,,,,95,28111 11 ROAD,MEADE,KS,67864,IN SERVICE,9,13240,MEADE,20119,USA,37.074148,-100.472115
GCOMP464,PANHANDLE EASTERN PIPE LINE COMPANY L.P.,KANSAS-LOUISBURG-MIAMI COUNTY,Technician-25,1/5/2023,12/31/2023,12,55,,,Y,96,29115 METCALF ROAD,LOUISBURG,KS,66053,IN SERVICE,11,33280,MIAMI,20121,USA,38.60005985,-94.67337189
GCOMP521,SOUTHERN STAR CENTRAL GAS PIPELINE INC.,515 GRABHAM,Technician-01,1/15/2023,1/15/2024,9,55,20,40,,97,3380 3400 ROAD,INDEPENDENCE,KS,67301,IN SERVICE,6,14135,MONTGOMERY,20125,USA,37.15151573,-95.75023379
GCOMP99,SOUTHERN STAR CENTRAL GAS PIPELINE INC.,416 ELK CITY,Technician-02,2/15/2023,2/15/2024,6,55,,40,,98,1166 HIGHWAY 160,ELK CITY,KS,67344,IN SERVICE,1,6283,MONTGOMERY,20125,USA,37.320222,-95.9501
GCOMP16,COLORADO INTERSTATE GAS COMPANY L.L.C.,GREENWOOD FIELD,Technician-03,3/15/2023,3/15/2024,6,55,,40,,99,1 MILE NORTH OF COUNTY ROAD P,ELKHART,KS,67950,NOT AVAILABLE,0,5278,MORTON,20129,USA,37.199361,-102.007801
GCOMP24,COLORADO INTERSTATE GAS COMPANY L.L.C.,BOEHM,Technician-04,4/15/2023,4/15/2024,12,55,,40,,80,1.4 MILES EAST OF HIGHWAY 51,RICHFIELD,KS,67953,IN SERVICE,2,3100,MORTON,20129,USA,37.184948,-101.874489
GCOMP471,COLORADO INTERSTATE GAS COMPANY L.L.C.,MORTON,Technician-05,5/15/2023,5/15/2024,9,55,,40,,75,295 ROAD P,RICHFIELD,KS,67953,IN SERVICE,6,7980,MORTON,20129,USA,37.183857,-102.030214
GCOMP802,NORTHERN NATURAL GAS COMPANY,TESCOTT,Technician-06,6/15/2023,6/15/2024,12,55,,40,,70,685 N 40TH ROAD,TESCOTT,KS,67484,IN SERVICE,2,20252,OTTAWA,20143,USA,39.05573399,-97.85629601
GCOMP131,NORTHERN NATURAL GAS COMPANY,MACKSVILLE,Technician-07,7/15/2023,7/15/2024,6,55,,40,,60,130 F ROAD; SECT 12 TWNSHP 23S RNG 15W,LARNED,KS,67550,IN SERVICE,5,33900,PAWNEE,20145,USA,38.07082309,-98.9195631
GCOMP302,ANR PIPELINE COMPANY,HAVENSVILLE,Technician-08,8/15/2023,8/15/2024,6,55,,40,,50,19955 ENGLISH RIDGE ROAD,HAVENSVILLE,KS,66432,IN SERVICE,2,14700,POTTAWATOMIE,20149,USA,39.49168034,-96.04408623
GCOMP1287,SOUTHERN STAR CENTRAL GAS PIPELINE INC.,577 LEVANT,Technician-09,9/15/2023,9/15/2024,6,55,,40,,25,S24-T5S-R35W,MCDONALD,KS,67745,IN SERVICE,1,2400,RAWLINS,20153,USA,39.610761,-101.204617
GCOMP1134,TALLGRASS INTERSTATE GAS TRANSMISSION L.L.C.,HERNDON,Technician-10,10/15/2023,10/15/2024,6,55,,40,,100,KS-314/3.7 MILES EAST OF ROAD 28,HERNDON,KS,67739,IN SERVICE,2,6670,RAWLINS,20153,USA,39.91540387,-100.8367899
GCOMP1131,PANHANDLE EASTERN PIPE LINE COMPANY L.P.,KANSAS-HAVEN-RENO COUNTY,Technician-11,11/15/2023,11/15/2024,12,55,20,40,Y,100,KENT ROAD AND HIGHWAY K-96,HAVEN,KS,67543,IN SERVICE,7,38200,RENO,20155,USA,37.90639418,-97.80912409
GCOMP340,ANR PIPELINE COMPANY,ALDEN,Technician-12,12/15/2023,12/15/2024,12,55,,40,,100,2135 11TH ROAD,ALDEN,KS,67512,IN SERVICE,9,13410,RICE,20159,USA,38.225499,-98.290914
GCOMP856,NORTHERN NATURAL GAS COMPANY,BUSHTON,Technician-13,1/15/2023,1/15/2024,12,55,20,40,,100,790 AVENUE Y,BUSHTON,KS,67427,IN SERVICE,10,42900,RICE,20159,USA,38.523205,-98.354771
GCOMP253,SOUTHERN STAR CENTRAL GAS PIPELINE INC.,431 LYONS,Technician-14,2/15/2023,2/15/2024,6,55,,40,,100,"1775 E ""M"" AVENUE",LYONS,KS,67554,IN SERVICE,1,2400,RICE,20159,USA,38.34858641,-98.17034238
GCOMP462,TALLGRASS INTERSTATE GAS TRANSMISSION L.L.C.,LATON,Technician-15,3/15/2023,3/15/2024,12,55,20,,,100,2899 W ROAD,NATOMA,KS,67651,IN SERVICE,5,37300,ROOKS,20163,USA,39.26280459,-99.01744877
GCOMP1000,SOUTHERN STAR CENTRAL GAS PIPELINE INC.,583 OTIS,Technician-16,4/15/2023,4/15/2024,6,55,,,,100,COUNTY ROAD 390; S11-T17S-R16W,OTIS,KS,67565,IN SERVICE,1,2400,RUSH,20165,USA,38.58435805,-99.05227397
GCOMP596,TALLGRASS INTERSTATE GAS TRANSMISSION L.L.C.,SCOTT CITY,Technician-17,5/15/2023,5/15/2024,9,55,,40,,100,4100 W HIGHWAY 96,SCOTT CITY,KS,67871,IN SERVICE,5,17300,SCOTT,20171,USA,38.48368703,-100.9825652
GCOMP1338,NORTHERN NATURAL GAS COMPANY,SUBLETTE,Technician-18,6/15/2023,6/15/2024,12,55,20,,,100,US-160; S1-T32S-R33W,LIBERAL,KS,67901,IN SERVICE,4,12360,SEWARD,20175,USA,37.29754533,-100.866648
GCOMP1286,PANHANDLE EASTERN PIPE LINE COMPANY L.P.,KANSAS-LIBERAL-SEWARD COUNTY,Technician-19,7/15/2023,7/15/2024,6,55,,,,100,"S23,24,25-T33S-R32W; PANHANDLE ROAD",LIBERAL,KS,67901,IN SERVICE,4,20150,SEWARD,20175,USA,37.15477542,-100.7556654
GCOMP744,SOUTHERN STAR CENTRAL GAS PIPELINE INC.,578 HOXIE,Technician-20,8/15/2023,8/15/2024,12,55,,,,100,6135 S ROAD 20 W,HOXIE,KS,67740,IN SERVICE,1,2400,SHERIDAN,20179,USA,39.276301,-100.48035
GCOMP901,SOUTHERN STAR CENTRAL GAS PIPELINE INC.,557 STAFFORD,Technician-21,9/15/2023,9/15/2024,6,55,,,,100,902 SOUTHEAST 60TH STREET,STAFFORD,KS,67578,IN SERVICE,3,6000,STAFFORD,20185,USA,37.866895,-98.579023
GCOMP141,SOUTHERN STAR CENTRAL GAS PIPELINE INC.,518 HUGOTON,Technician-22,10/15/2023,10/15/2024,12,55,20,40,,100,1338 S CEMETERY ROAD,HUGOTON,KS,67951,IN SERVICE,6,19489,STEVENS,20189,USA,37.16763222,-101.327729
GCOMP276,TALLGRASS INTERSTATE GAS TRANSMISSION L.L.C.,COLBY,Technician-23,11/15/2023,11/15/2024,12,55,,,,100,1894 COUNTY ROAD 27,COLBY,KS,67701,NOT AVAILABLE,3,2140,THOMAS,20193,USA,39.39387732,-100.9073739
GCOMP381,SOUTHERN STAR CENTRAL GAS PIPELINE INC.,579 OGALLAH,Technician-24,12/15/2023,12/15/2024,12,55,,40,,100,23090 KS-147,OGALLAH,KS,67656,IN SERVICE,1,2400,TREGO,20195,USA,38.928848,-99.742073
GCOMP631,NATURAL GAS PIPELINE COMPANY OF AMERICA L.L.C.,STATION 195 - HADDAM,Technician-25,1/15/2023,1/15/2024,12,55,,,,100,456 16TH ROAD,HADDAM,KS,66944,IN SERVICE,1,12000,WASHINGTON,20201,USA,39.798476,-97.326874
GCOMP346,TEXAS EASTERN TRANSMISSION L.P.,OWINGSVILLE,Technician-01,2/15/2023,2/15/2024,6,55,,,,100,216 OLD OAKLEY PEBBLE ROAD,OWINGSVILLE,KY,40360,IN SERVICE,5,50500,BATH,21011,USA,38.229159,-83.704513
GCOMP470,TENNESSEE GAS PIPELINE COMPANY L.L.C.,#114 - CATLETTSBURG,Technician-02,3/15/2023,3/15/2024,12,55,20,,,100,29450 MAYO TRAIL ROAD,CATLETTSBURG,KY,41129,IN SERVICE,11,34801,BOYD,21019,USA,38.271462,-82.576237
GCOMP248,TEXAS EASTERN TRANSMISSION L.P.,DANVILLE,Technician-03,4/15/2023,4/15/2024,6,55,,40,,100,1745 AIRPORT BOULEVARD HIGHWAY 1273,DANVILLE,KY,40422,IN SERVICE,13,52970,BOYLE,21021,USA,37.57991574,-84.75046249
GCOMP671,TEXAS GAS TRANSMISSION L.L.C.,HARDINSBURG,Technician-04,5/15/2023,5/15/2024,12,55,,,,100,514 US-60 WEST,HARDINSBURG,KY,40143,IN SERVICE,10,48963,BRECKINRIDGE,21027,USA,37.786962,-86.485582
GCOMP242,COLUMBIA GULF TRANSMISSION COMPANY,CLEMENTSVILLE,Technician-05,6/15/2023,6/15/2024,6,55,,,,100,170 JACKIE HOLLOW ROAD,LIBERTY,KY,42539,IN SERVICE,9,38638,CASEY,21045,USA,37.30994074,-85.06061268
GCOMP1136,COLUMBIA GAS TRANSMISSION L.L.C.,STATION CAMP,Technician-06,7/15/2023,7/15/2024,6,55,,,,100,KY ROUTE 1209/NW OF SEARCY BRANCH ROAD,STATION CAMP,KY,40336,IN SERVICE,4,920,ESTILL,21065,USA,37.604542,-83.924517
GCOMP939,TENNESSEE GAS PIPELINE COMPANY L.L.C.,#200 - GREENUP,Technician-07,8/15/2023,8/15/2024,6,55,,,,100,BIG WHITE OAK CREEK ROAD AND ROUTE 7; (7 STUART LANE),GREENUP,KY,41144,IN SERVICE,13,24200,GREENUP,21089,USA,38.563991,-82.954653
GCOMP757,TEXAS GAS TRANSMISSION L.L.C.,DIXIE FIELD,Technician-08,9/15/2023,9/15/2024,12,55,20,,,100,6321 HIGHWAY 145,CORYDON,KY,42406,IN SERVICE,3,1800,HENDERSON,21101,USA,37.6711604,-87.66882207
GCOMP838,ANR PIPELINE COMPANY,MADISONVILLE,Technician-09,10/15/2023,10/15/2024,6,55,,,,100,7500 NEBO ROAD,MADISONVILLE,KY,42431,IN SERVICE,6,19500,HOPKINS,21107,USA,37.3823,-87.6177
GCOMP822,TEXAS GAS TRANSMISSION L.L.C.,HANSON FIELD,Technician-10,11/15/2023,11/15/2024,6,55,,,,100,7095 BRAUN ROAD,HANSON,KY,42413,IN SERVICE,2,3550,HOPKINS,21107,USA,37.41805608,-87.41448924
GCOMP52,TEXAS GAS TRANSMISSION L.L.C.,JEFFERSONTOWN,Technician-11,12/15/2023,12/15/2024,12,55,,,,100,10327 GASLIGHT WAY,LOUISVILLE,KY,40299,IN SERVICE,10,26830,JEFFERSON,21111,USA,38.216777,-85.565484
GCOMP761,COLUMBIA GAS TRANSMISSION L.L.C.,WALBRIDGE,Technician-12,5/15/2023,11/11/2023,6,55,,,,100,638 HIGHWAY 1690,LOUISA,KY,41230,IN SERVICE,1,500,LAWRENCE,21127,USA,38.074643,-82.590094
GCOMP908,TEXAS GAS TRANSMISSION L.L.C.,CALVERT CITY,Technician-13,11/19/2022,11/14/2023,12,55,,,,100,93 TEXAS GAS LANE,CALVERT CITY,KY,42025,IN SERVICE,8,29440,MARSHALL,21157,USA,36.963063,-88.383418
GCOMP1316,COLUMBIA GAS TRANSMISSION L.L.C.,INEZ,Technician-14,5/19/2023,11/15/2023,6,55,,,,100,STATE ROUTE 3/ KY-40,INEZ,KY,41224,IN SERVICE,1,880,MARTIN,21159,USA,37.869485,-82.541418
GCOMP1325,TENNESSEE GAS PIPELINE COMPANY L.L.C.,#107A - NORTH MEANS,Technician-15,11/6/2022,11/1/2023,12,55,20,,,100,TOWN BRANCH ROAD AND DOUBLE GATE ROAD,MEANS,KY,40346,IN SERVICE,2,4390,MENIFEE,21165,USA,37.994212,-83.804579
GCOMP288,TEXAS EASTERN TRANSMISSION L.P.,TOMPKINSVILLE,Technician-16,2/18/2023,11/15/2023,9,55,,,,100,1921 PIPELINE ROAD,SUMMER SHADE,KY,42166,IN SERVICE,3,46875,METCALFE,21169,USA,36.83091851,-85.66828375
GCOMP1137,TEXAS GAS TRANSMISSION L.L.C.,MIDLAND FIELD,Technician-17,6/2/2023,11/29/2023,6,55,,,,100,KY-175/KY-70,GRAHAM,KY,42344,IN SERVICE,8,27000,MUHLENBERG,21177,USA,37.296641,-87.3138
GCOMP1063,TEXAS GAS TRANSMISSION L.L.C.,GRAHAM LAKE FIELD,Technician-18,6/4/2023,12/1/2023,6,55,,,,100,GOSSETT LANE AND HIGHWAY 601,GREENVILLE,KY,42345,IN SERVICE,2,990,MUHLENBERG,21177,USA,37.259505,-87.250065
GCOMP369,TEXAS GAS TRANSMISSION L.L.C.,WEST GREENVILLE TRANSMISSION STATION,Technician-19,1/15/2023,1/15/2024,12,55,,,,100,2245 US HIGHWAY 62 WEST,GREENVILLE,KY,42345,IN SERVICE,3,3760,MUHLENBERG,21177,USA,37.210694,-87.208167
GCOMP1135,MIDWESTERN GAS TRANSMISSION COMPANY,#2105 HARTFORD,Technician-20,2/15/2023,2/15/2024,9,55,,,,100,KY HIGHWAY 69 PO BOX 185,HARTFORD,KY,42347,IN SERVICE,2,15590,OHIO,21183,USA,37.50613073,-86.83829896
GCOMP1103,COLUMBIA GAS TRANSMISSION L.L.C.,BOLDMAN,Technician-21,3/15/2023,3/15/2024,12,55,,,,100,HURRICANE ROAD AND PORTER ROAD,BOLDMAN,KY,41635,IN SERVICE,4,6000,PIKE,21195,USA,37.531712,-82.616386
GCOMP350,TENNESSEE GAS PIPELINE COMPANY L.L.C.,#1871 - DRY CREEK,Technician-22,4/15/2023,4/15/2024,6,55,,,,100,2184 DRY CREEK ROAD,ELKHORN,KY,42733,IN SERVICE,2,2400,PIKE,21195,USA,37.34473199,-85.11097791
GCOMP489,COLUMBIA GULF TRANSMISSION COMPANY,STANTON,Technician-23,5/15/2023,5/15/2024,6,55,20,,,100,3066 MORRIS CREEK ROAD,STANTON,KY,40380,IN SERVICE,6,40600,POWELL,21197,USA,37.89,-83.8625
GCOMP47,TENNESSEE GAS PIPELINE COMPANY L.L.C.,#106 - CLAY CITY,Technician-24,6/15/2023,6/15/2024,6,55,,,,100,10205 WINCHESTER ROAD,CLAY CITY,KY,40312,IN SERVICE,18,59800,POWELL,21197,USA,37.91743587,-83.98495515
GCOMP844,TENNESSEE GAS PIPELINE COMPANY L.L.C.,#110 - MOREHEAD,Technician-25,7/15/2023,7/15/2024,6,55,,,,100,7600 CRANSTON ROAD,MOREHEAD,KY,40351,IN SERVICE,4,37100,ROWAN,21205,USA,38.285879,-83.401169
GCOMP152,TENNESSEE GAS PIPELINE COMPANY L.L.C.,#96 - CAMPBELLSVILLE,Technician-01,8/15/2023,8/15/2024,12,55,,,,100,1380 HOBSON ROAD,CAMPBELLSVILLE,KY,42718,IN SERVICE,21,41200,TAYLOR,21217,USA,37.414386,-85.39522
GCOMP153,TENNESSEE GAS PIPELINE COMPANY L.L.C.,#871 - CAMPBELLSVILLE,Technician-02,9/15/2023,9/15/2024,12,55,,,,100,1380 HOBSON ROAD,CAMPBELLSVILLE,KY,42718,IN SERVICE,3,13500,TAYLOR,21217,USA,37.41496,-85.396031
GCOMP539,TEXAS GAS TRANSMISSION L.L.C.,SLAUGHTERS,Technician-03,1/15/2023,1/15/2024,12,55,,,,100,3562 STATE ROUTE 1405,SLAUGHTERS,KY,42456,IN SERVICE,11,42448,WEBSTER,21233,USA,37.508759,-87.501119
GCOMP716,COLUMBIA GULF TRANSMISSION COMPANY,RAYNE,Technician-04,2/15/2023,2/15/2024,6,55,,,,100,5799 CHURCH POINT HIGHWAY,RAYNE,LA,70578,IN SERVICE,12,58050,ACADIA PARISH,22001,USA,30.32121763,-92.2639501
GCOMP1777,KINDER MORGAN LOUISIANA PIPELINE L.L.C.,CS 760,Technician-05,3/15/2023,3/15/2024,12,55,,,,100,ERIK LANE,ACADIA,LA,70515,IN SERVICE,2,31800,ACADIA PARISH,22001,USA,30.45194,-92.53052
GCOMP200,TENNESSEE GAS PIPELINE COMPANY L.L.C.,#823 - KINDER,Technician-06,4/15/2023,4/15/2024,6,55,,,,100,15449 PARISH LINE ROAD,KINDER,LA,70648,IN SERVICE,13,32650,ALLEN PARISH,22003,USA,30.435376,-92.876376
GCOMP862,GULF SOUTH PIPELINE COMPANY L.P.,NAPOLEONVILLE,Technician-07,5/15/2023,5/15/2024,9,55,20,40,,100,808 HIGHWAY 401,NAPOLEONVILLE,LA,70390,IN SERVICE,2,2200,ASSUMPTION PARISH,22007,USA,29.90582229,-91.06180907
GCOMP292,GULF SOUTH PIPELINE COMPANY L.P.,MARKSVILLE,Technician-08,6/15/2023,6/15/2024,12,55,,40,,100,195 UNITED GAS LANE,PINEVILLE,LA,71360,IN SERVICE,4,13200,RAPIDES PARISH,22009,USA,31.16328118,-92.20122051
GCOMP368,TEXAS EASTERN TRANSMISSION L.P.,GILLIS,Technician-09,7/15/2023,7/15/2024,6,55,,40,,100,2240 T. E. ROAD,RAGLEY,LA,70657,IN SERVICE,1,15600,BEAUREGARD PARISH,22011,USA,30.45963268,-93.14450579
GCOMP246,TRANSCONTINENTAL GAS PIPE LINE COMPANY L.L.C.,NO. 45 LAKE CHARLES,Technician-10,8/15/2023,8/15/2024,12,55,,40,,100,17333 HIGHWAY 171,RAGLEY,LA,70657,IN SERVICE,8,19750,BEAUREGARD PARISH,22011,USA,30.433924,-93.229962
GCOMP84,TRUNKLINE GAS COMPANY L.L.C.,LOUISIANA - LONGVILLE - BEAUREGARD PARISH,Technician-11,9/15/2023,9/15/2024,6,55,,40,,25,11383 HIGHWAY 171,LONGVILLE,LA,70652,IN SERVICE,11,36750,BEAUREGARD PARISH,22011,USA,30.596727,-93.229171
GCOMP1017,ETC TIGER PIPELINE L.L.C.,BIENVILLE,Technician-12,10/15/2023,10/15/2024,12,55,,40,,33,DIVIDE ROAD/ PAR ROAD 719,CASTOR,LA,71016,IN SERVICE,7,50370,BIENVILLE PARISH,22013,USA,32.29604949,-93.0516681
GCOMP1212,GULF SOUTH PIPELINE COMPANY L.P.,CASTOR,Technician-13,11/15/2023,11/15/2024,12,55,,40,,49,"OFF LITTLE HOPE ROAD, 8.6 MILE NE",CASTOR,LA,70000,IN SERVICE,1,1350,BIENVILLE PARISH,22013,USA,32.29132495,-93.06626404
GCOMP600,GULF SOUTH PIPELINE COMPANY L.P.,HALL SUMMIT (RECIP),Technician-14,12/15/2023,12/15/2024,12,55,,40,,51,419 US-371,COUSHATTA,LA,71019,IN SERVICE,3,7200,BIENVILLE PARISH,22013,USA,32.247526,-93.283009
GCOMP588,GULF SOUTH PIPELINE COMPANY L.P.,HALL SUMMIT,Technician-15,1/15/2023,1/15/2024,12,55,,40,,66,407 HIGHWAY 371,RINGGOLD,LA,71068,IN SERVICE,1,8180,BIENVILLE PARISH,22013,USA,32.24714313,-93.28297083
GCOMP944,GULF SOUTH PIPELINE COMPANY L.P.,BISTINEAU,Technician-16,2/15/2023,2/15/2024,6,55,,40,,67,BP-439 (UNITED GAS ROAD)/5.8 MILES NW OF RINGGOLD,RINGGOLD,LA,71068,IN SERVICE,5,34000,BIENVILLE PARISH,22013,USA,32.378072,-93.359377
GCOMP1112,SOUTHERN NATURAL GAS COMPANY L.L.C.,SOUTHERN NATURAL GAS - BIENVILLE STATION,Technician-17,3/15/2023,3/15/2024,12,55,20,40,,92,HIGHWAY 507 3.75 MILES N OF HIGHWAY 9,BIENVILLE,LA,71008,IN SERVICE,4,4800,BIENVILLE PARISH,22013,USA,32.37523,-92.942441
GCOMP21,CENTERPOINT ENERGY GAS TRANSMISSION COMPANY L.L.C.,RED CHUTE,Technician-18,4/15/2023,4/15/2024,6,55,,40,,93,1 MILE WEST OF 2146 BELLEVUE ROAD,HAUGHTON,LA,71037,IN SERVICE,2,1100,BOSSIER PARISH,22015,USA,32.58846517,-93.61452196
GCOMP598,GULF SOUTH PIPELINE COMPANY L.P.,KORAN #2,Technician-19,5/15/2023,5/15/2024,12,55,20,40,,94,4135 CAMP JOY ROAD,HAUGHTON,LA,71037,IN SERVICE,4,4000,BOSSIER PARISH,22015,USA,32.41721167,-93.44225538
GCOMP891,GULF SOUTH PIPELINE COMPANY L.P.,SLIGO - 20%,Technician-20,6/15/2023,6/15/2024,6,55,,40,,95,860 UNION TEXAS ROAD,HAUGHTON,LA,71037,IN SERVICE,4,2640,BOSSIER PARISH,22015,USA,32.51710899,-93.53152977
GCOMP745,TEXAS GAS TRANSMISSION L.L.C.,HAUGHTON,Technician-21,7/15/2023,7/15/2024,6,55,20,,,96,6172 HIGHWAY 157 SOUTH,HAUGHTON,LA,71037,IN SERVICE,3,12338,BOSSIER PARISH,22015,USA,32.473141,-93.508601
GCOMP595,CENTERPOINT ENERGY GAS TRANSMISSION COMPANY L.L.C.,BUCKLEY,Technician-22,8/15/2023,8/15/2024,6,55,,,,97,4094 L Q BUCKLEY COMP STATION ROAD; 10 MILES NW,SHREVEPORT,LA,71107,IN SERVICE,1,4200,CADDO PARISH,22017,USA,32.57475044,-93.91869124
GCOMP250,GULF CROSSING PIPELINE COMPANY L.L.C.,MIRA,Technician-23,9/15/2023,9/15/2024,12,55,,40,Y,98,17664 ATLANTA MIRA ROAD,IDA,LA,71044,IN SERVICE,2,35500,CADDO PARISH,22017,USA,32.968047,-93.910552
GCOMP852,SABINE PIPE LINE L.L.C.,HOLMWOOD,Technician-24,10/15/2023,10/15/2024,6,55,20,,,99,7745 HIGHWAY 397,LAKE CHARLES,LA,70607,IN SERVICE,2,3550,CALCASIEU PARISH,22019,USA,30.124206,-93.145097
GCOMP940,TENNESSEE GAS PIPELINE COMPANY L.L.C.,#820 - STARKS,Technician-25,11/15/2023,11/15/2024,6,55,,,,80,BIG WOODS VINTON ROAD AND OLD NO. 7 ROAD,VINTON,LA,70668,IN SERVICE,2,9150,CALCASIEU PARISH,22019,USA,30.283533,-93.602365
GCOMP633,TEXAS GAS TRANSMISSION L.L.C.,COLUMBIA,Technician-01,12/15/2023,12/15/2024,12,55,,,,75,4583 HIGHWAY 165 NORTH,COLUMBIA,LA,71418,IN SERVICE,9,32341,CALDWELL PARISH,22021,USA,32.158091,-92.090968
GCOMP689,ANR PIPELINE COMPANY,LAKE ARTHUR,Technician-02,5/19/2023,11/15/2023,6,55,,,,70,541 LOWRY HIGHWAY 3056,LOWRY,LA,70631,IN SERVICE,2,2300,CAMERON PARISH,22023,USA,30.01724038,-92.78342868
GCOMP286,ANR PIPELINE COMPANY,GRAND CHENIER,Technician-03,11/6/2022,11/1/2023,12,55,20,40,,60,192 MERMENTAU RIVER ROAD,GRAND CHENIER,LA,70643,IN SERVICE,1,8100,CAMERON PARISH,22023,USA,29.77679521,-92.99888384
GCOMP637,NATURAL GAS PIPELINE COMPANY OF AMERICA L.L.C.,STATION 346 - GUEYDAN,Technician-04,5/19/2023,11/15/2023,6,55,,,,50,465 HARRYS ROAD,GUEYDAN,LA,70542,IN SERVICE,4,9800,VERMILION PARISH,22023,USA,30.010114,-92.729723
GCOMP704,NATURAL GAS PIPELINE COMPANY OF AMERICA L.L.C.,STATION 342 - JOHNSON BAYOU,Technician-05,12/4/2022,11/29/2023,12,55,,40,,25,5564 GULF BEACH HIGHWAY,JOHNSONS BAYOU,LA,70631,IN SERVICE,6,19700,CAMERON PARISH,22023,USA,29.79344762,-93.74789507
GCOMP650,STINGRAY PIPELINE COMPANY L.L.C.,OTHER: STATION 701 (ON SHORE) - CAMERON,Technician-06,3/6/2023,12/1/2023,9,55,,,,100,4918 LA-82,CAMERON,LA,70631,IN SERVICE,3,13232,CAMERON PARISH,22023,USA,29.76207178,-93.6041497
GCOMP136,TEXAS EASTERN TRANSMISSION L.P.,GRAND CHENIER,Technician-07,6/10/2023,12/7/2023,6,55,,,Y,100,1324 HIGHWAY 1143,CREOLE,LA,70632,IN SERVICE,1,27550,CAMERON PARISH,22023,USA,29.81635697,-93.04062832
GCOMP706,TRANSCONTINENTAL GAS PIPE LINE COMPANY L.L.C.,NO. 44 JOHNSON'S BAYOU,Technician-08,6/18/2023,12/15/2023,6,55,20,,,100,5575 GULF BEACH HIGHWAY,CAMERON,LA,70631,IN SERVICE,5,43085,CAMERON PARISH,22023,USA,29.76075685,-93.63981266
GCOMP398,SOUTHERN NATURAL GAS COMPANY L.L.C.,LOGANSPORT,Technician-09,1/5/2023,12/31/2023,12,55,,40,,100,239 NATURAL GAS ROAD,LOGANSPORT,LA,71049,IN SERVICE,3,3300,DE SOTO PARISH,22031,USA,31.979691,-93.944229
GCOMP193,TENNESSEE GAS PIPELINE COMPANY L.L.C.,#703A - MANSFIELD,Technician-10,1/15/2023,1/15/2024,9,55,,,,100,1518 LA-513,MANSFIELD,LA,71052,IN SERVICE,1,7700,DE SOTO PARISH,22031,USA,32.01301727,-93.70043701
GCOMP878,FLORIDA GAS TRANSMISSION COMPANY L.L.C.,STATION 8,Technician-11,2/15/2023,2/15/2024,12,55,,,,100,8406 LOWER ZACHARY ROAD,ZACHARY,LA,70791,IN SERVICE,6,17865,EAST BATON ROUGE PARISH,22033,USA,30.632789,-91.11729
GCOMP946,TENNESSEE GAS PIPELINE COMPANY L.L.C.,#838 - LAKE PROVIDENCE,Technician-12,3/15/2023,3/15/2024,6,55,,,,100,BULL RUN ROAD/ SOUTH OF HIGHWAY 881,LAKE PROVIDENCE,LA,71254,IN SERVICE,8,16350,EAST CARROLL PARISH,22035,USA,32.66807896,-91.23280749
GCOMP1084,TRANSCONTINENTAL GAS PIPE LINE COMPANY L.L.C.,NO. 61 ETHEL,Technician-13,4/15/2023,4/15/2024,6,55,,,,100,HIGHWAY 68 AND HOWELL LANE,JACKSON,LA,70748,IN SERVICE,2,3050,EAST FELICIANA PARISH,22037,USA,30.763097,-91.218573
GCOMP476,TRANSCONTINENTAL GAS PIPE LINE COMPANY L.L.C.,NO. 60 ST. FRANCISVILLE,Technician-14,5/15/2023,5/15/2024,6,55,20,,,100,2988 HIGHWAY 964,JACKSON,LA,70748,IN SERVICE,13,37640,EAST FELICIANA PARISH,22037,USA,30.744502,-91.266232
GCOMP1076,TEXAS GAS TRANSMISSION L.L.C.,MAMOU,Technician-15,6/15/2023,6/15/2024,6,55,,,,100,HIGHWAY 374,MAMOU,LA,70554,IN SERVICE,2,2216,EVANGELINE PARISH,22039,USA,30.55975303,-92.50171759
GCOMP474,TRANSCONTINENTAL GAS PIPE LINE COMPANY L.L.C.,NO. 50 EUNICE,Technician-16,7/15/2023,7/15/2024,12,55,,,,100,2959 VETERAN MEMORIAL HIGHWAY,MAMOU,LA,70554,IN SERVICE,1,10310,EVANGELINE PARISH,22039,USA,30.575395,-92.429964
GCOMP700,TENNESSEE GAS PIPELINE COMPANY L.L.C.,#834 - WINNSBORO,Technician-17,8/15/2023,8/15/2024,12,55,,,,100,552 HIGHWAY 873,EXTENSION,LA,71243,IN SERVICE,7,11350,FRANKLIN PARISH,22041,USA,31.962804,-91.82152
GCOMP511,TRUNKLINE GAS COMPANY L.L.C.,LOUISIANA - POLLOCK - GRANT PARISH,Technician-18,9/15/2023,9/15/2024,12,55,,,,100,328 FORESTRY ROAD 120,POLLOCK,LA,71467,IN SERVICE,7,28101,GRANT PARISH,22043,USA,31.600878,-92.430862
GCOMP516,SOUTHERN NATURAL GAS COMPANY L.L.C.,WHITE CASTLE,Technician-19,10/15/2023,10/15/2024,6,55,,,,25,33480 HIGHWAY 405,WHITE CASTLE,LA,70788,IN SERVICE,7,12600,IBERVILLE PARISH,22047,USA,30.19648996,-91.10106635
GCOMP698,TEXAS EASTERN TRANSMISSION L.P.,WHITE CASTLE,Technician-20,11/15/2023,11/15/2024,12,55,,,,33,55095 GRAND ROAD,WHITE CASTLE,LA,70788,IN SERVICE,1,19800,IBERVILLE PARISH,22047,USA,30.11081865,-91.13500356
GCOMP417,CENTERPOINT ENERGY GAS TRANSMISSION COMPANY L.L.C.,VERNON,Technician-21,12/15/2023,12/15/2024,6,55,20,,,49,2488 LA-811,JONESBORO,LA,71251,IN SERVICE,3,35620,JACKSON PARISH,22049,USA,32.29057,-92.62618
GCOMP795,ETC TIGER PIPELINE L.L.C.,CHATHAM,Technician-22,1/15/2023,1/15/2024,9,55,,,,51,681 LA-146; 2.12 MILES NW OF CHATHAM,CHATHAM,LA,71226,IN SERVICE,7,46925,JACKSON PARISH,22049,USA,32.32352778,-92.45968541
GCOMP864,TEXAS EASTERN TRANSMISSION L.P.,IOWA GAS PLANT,Technician-23,2/15/2023,2/15/2024,12,55,,,,66,8101 HIGHWAY 3059,IOWA,LA,70647,IN SERVICE,1,27550,JEFFERSON DAVIS PARISH,22053,USA,30.27353301,-93.02478059
GCOMP324,TEXAS GAS TRANSMISSION L.L.C.,WOODLAWN,Technician-24,3/15/2023,3/15/2024,6,55,,,,67,20421 HIGHWAY 101,WOODLAWN,LA,70647,IN SERVICE,1,896,JEFFERSON DAVIS PARISH,22053,USA,30.288471,-92.959577
GCOMP618,TEXAS GAS TRANSMISSION L.L.C.,YOUNGSVILLE,Technician-25,4/15/2023,4/15/2024,12,55,,,,92,4443 VEROT SCHOOL ROAD,YOUNGSVILLE,LA,70592,IN SERVICE,7,11960,LAFAYETTE PARISH,22055,USA,30.088266,-92.030941
GCOMP424,COLUMBIA GULF TRANSMISSION COMPANY,HOUMA,Technician-01,5/15/2023,5/15/2024,6,55,,,,93,255 MITCHELL DRIVE,HOUMA,LA,70364,IN SERVICE,2,3000,LAFOURCHE PARISH,22057,USA,29.61516,-90.659578
GCOMP427,TENNESSEE GAS PIPELINE COMPANY L.L.C.,#524 - LEEVILLE,Technician-02,6/15/2023,6/15/2024,12,55,,,,94,25750 HIGHWAY. 1,GOLDEN MEADOW,LA,70357,IN SERVICE,4,45400,LAFOURCHE PARISH,22057,USA,29.21612006,-90.21631764
GCOMP1016,TEXAS EASTERN TRANSMISSION L.P.,LAROSE,Technician-03,7/15/2023,7/15/2024,12,55,,,,95,DELTA FARM ROAD (HIGHWAY 657 E),LAROSE,LA,70373,IN SERVICE,1,19800,LAFOURCHE PARISH,22057,USA,29.58778,-90.36861
GCOMP1139,ANR PIPELINE COMPANY,JENA,Technician-04,8/15/2023,8/15/2024,12,55,20,,,96,LA-127,JENA,LA,71342,IN SERVICE,7,34830,LA SALLE PARISH,22059,USA,31.52750643,-92.21219226
GCOMP281,GULF SOUTH PIPELINE COMPANY L.P.,OLLA,Technician-05,9/15/2023,9/15/2024,12,55,,,,97,190 TURBINE ROAD,OLLA,LA,71465,IN SERVICE,2,15000,LA SALLE PARISH,22059,USA,31.87568947,-92.26198981
GCOMP467,CENTERPOINT ENERGY - MISSISSIPPI RIVER TRANSMISSION L.L.C.,WEST UNIONVILLE,Technician-06,10/15/2023,10/15/2024,6,55,,,,98,294 OAK STREET,DUBACH,LA,71235,IN SERVICE,4,45400,LINCOLN PARISH,22061,USA,32.68973426,-92.66299131
GCOMP1239,CENTERPOINT ENERGY GAS TRANSMISSION COMPANY L.L.C.,RUSTON,Technician-07,11/15/2023,11/15/2024,12,55,,,,99,PARISH ROAD 560/LIZAROAD ROAD; 293 HOWAROAD ROAD,RUSTON,LA,71270,IN SERVICE,2,8735,LINCOLN PARISH,22061,USA,32.62532429,-92.61140882
GCOMP841,TEXAS GAS TRANSMISSION L.L.C.,SHARON,Technician-08,12/15/2023,12/15/2024,6,55,,,,80,757 SHARON ROAD,DUBACH,LA,71235,IN SERVICE,4,10240,LINCOLN PARISH,22061,USA,32.765864,-92.767001
GCOMP1210,GULF SOUTH PIPELINE COMPANY L.P.,TALLULAH,Technician-09,1/15/2023,1/15/2024,12,55,,,,75,OFF HIGHWAY 602 SE OF,TALLULAH,LA,70000,IN SERVICE,4,60802,MADISON PARISH,22065,USA,32.37219889,-91.1868425
GCOMP579,SOUTHEAST SUPPLY HEADER L.L.C.,DELHI,Technician-10,2/15/2023,2/15/2024,6,55,,,Y,70,4 MILES SOUTH OF DELHI,DELHI,LA,71232,IN SERVICE,3,45000,MADISON PARISH,22065,USA,32.409805,-91.48708
GCOMP629,CENTERPOINT ENERGY GAS TRANSMISSION COMPANY L.L.C.,PERRYVILLE,Technician-11,3/15/2023,3/15/2024,6,55,,,Y,60,452 HIGHWAY 165,BASTROP,LA,71220,IN SERVICE,3,4500,MOREHOUSE PARISH,22067,USA,32.705688,-92.004677
GCOMP824,TEXAS GAS TRANSMISSION L.L.C.,BASTROP,Technician-12,4/15/2023,4/15/2024,6,55,,,,50,7152 PUMPING STATION ROAD,BASTROP,LA,71220,IN SERVICE,11,33788,MOREHOUSE PARISH,22067,USA,32.960195,-91.853938
GCOMP473,GULF SOUTH PIPELINE COMPANY L.P.,CLARENCE,Technician-13,5/15/2023,5/15/2024,12,55,20,40,,25,2958 MAMMY TRAIL ROAD,GOLDONNA,LA,71031,IN SERVICE,5,37300,NATCHITOCHES PARISH,22069,USA,31.89801925,-92.9660139
GCOMP180,GULF CROSSING PIPELINE COMPANY L.L.C.,STERLINGTON,Technician-14,6/15/2023,6/15/2024,6,55,,40,Y,100,1470 KEYSTONE ROAD,STERLINGTON,LA,71280,IN SERVICE,3,25339,OUACHITA PARISH,22073,USA,32.67180383,-92.08802334
GCOMP183,GULF SOUTH PIPELINE COMPANY L.P.,STERLINGTON #2,Technician-15,7/15/2023,7/15/2024,6,55,,40,,100,1476 KEYSTONE ROAD,STERLINGTON,LA,71280,IN SERVICE,3,3070,OUACHITA PARISH,22073,USA,32.67184942,-92.08705462
GCOMP90,GULF SOUTH PIPELINE COMPANY L.P.,VIXEN,Technician-16,8/15/2023,8/15/2024,12,55,,40,,100,115 LUCAS WYATT ROAD,WEST MONROE,LA,71292,IN SERVICE,2,26660,OUACHITA PARISH,22073,USA,32.31965514,-92.27642261
GCOMP313,TENNESSEE GAS PIPELINE COMPANY L.L.C.,#47 - WEST MONROE,Technician-17,9/15/2023,9/15/2024,6,55,,40,,100,200 WORTHEY ROAD,WEST MONROE,LA,71291,IN SERVICE,11,38510,OUACHITA PARISH,22073,USA,32.554956,-92.181233
GCOMP492,TEXAS EASTERN TRANSMISSION L.P.,MONROE,Technician-18,10/15/2023,10/15/2024,12,55,,40,,100,309 WORTHY ROAD,WEST MONROE,LA,71291,IN SERVICE,3,7500,OUACHITA PARISH,22073,USA,32.55847539,-92.18589267
GCOMP1773,TEXAS GAS TRANSMISSION L.L.C.,BOSCO,Technician-19,11/15/2023,11/15/2024,6,55,,40,,100,909-559 BOSCO LANE/RICHWOOD ROAD 2,OUACHITA/MONROE,LA,71202,IN SERVICE,1,9689,OUACHITA PARISH,22073,USA,39.25969,-84.75548
GCOMP130,TEXAS GAS TRANSMISSION L.L.C.,GUTHRIE,Technician-20,12/15/2023,12/15/2024,12,55,,40,,100,129 TEXAS GAS ROAD,STERLINGTON,LA,71280,IN SERVICE,2,2216,OUACHITA PARISH,22073,USA,32.680533,-92.020934
GCOMP430,TENNESSEE GAS PIPELINE COMPANY L.L.C.,#527 - PORT SULFUR,Technician-21,2/18/2023,11/15/2023,9,55,,40,,100,26166 LA HIGHWAY. 23,PORT SULPHUR,LA,70083,IN SERVICE,4,38200,PLAQUEMINES PARISH,22075,USA,29.515746,-89.729297
GCOMP848,COLUMBIA GULF TRANSMISSION COMPANY,ALEXANDRIA,Technician-22,5/21/2023,11/17/2023,6,55,,40,,100,7666 HICKORY GROVE LOOP,DEVILLE,LA,71328,IN SERVICE,7,48104,RAPIDES PARISH,22079,USA,31.436371,-92.230379
GCOMP323,TENNESSEE GAS PIPELINE COMPANY L.L.C.,#827 - ALEXANDRIA,Technician-23,5/23/2023,11/19/2023,6,55,20,40,,100,2042 HIGHWAY 457,ALEXANDRIA,LA,71301,IN SERVICE,1,15900,RAPIDES PARISH,22079,USA,31.195056,-92.354035
GCOMP574,TEXAS GAS TRANSMISSION L.L.C.,PINEVILLE,Technician-24,11/26/2022,11/21/2023,12,55,,40,,100,3983 HIGHWAY 107 SOUTH,PINEVILLE,LA,71360,IN SERVICE,9,25488,RAPIDES PARISH,22079,USA,31.297983,-92.333697
GCOMP1240,CENTERPOINT ENERGY GAS TRANSMISSION COMPANY L.L.C.,WESTDALE,Technician-25,2/26/2023,11/23/2023,9,55,20,40,Y,100,PARISH ROAD 337,WESTDALE,LA,71052,ABANDONED,2,30000,RED RIVER PARISH,22081,USA,32.20995265,-93.44368021
GCOMP1238,ETC TIGER PIPELINE L.L.C.,CANNISNIA,Technician-01,11/16/2022,11/11/2023,12,55,,40,,100,PAR ROAD 410/CANNISNIA PLANTATION ROAD 410 4.57 MILENW OF WILLIAMS; OFF OF 1002 YEARWOOD ROAD,COUSHATTA,LA,71019,IN SERVICE,5,34010,RED RIVER PARISH,22081,USA,32.21730344,-93.54127086
GCOMP277,ANR PIPELINE COMPANY,DELHI,Technician-02,5/18/2023,11/14/2023,6,55,20,,,25,1894 HIGHWAY 80 WEST,DELHI,LA,71232,IN SERVICE,7,22800,RICHLAND PARISH,22083,USA,32.467302,-91.597063
GCOMP829,CENTERPOINT ENERGY GAS TRANSMISSION COMPANY L.L.C.,DELHI,Technician-03,5/19/2023,11/15/2023,6,55,,,,33,7281 HIGHWAY 17,DELHI,LA,71232,IN SERVICE,2,5500,RICHLAND PARISH,22083,USA,32.414763,-91.48982
GCOMP1141,CENTERPOINT ENERGY GAS TRANSMISSION COMPANY L.L.C.,ALTO,Technician-04,5/5/2023,11/1/2023,6,55,,40,,49,LA-135 (0.46 MILES SOUTH OF ALTO),ALTO,LA,71269,IN SERVICE,1,15000,RICHLAND PARISH,22083,USA,32.35111843,-91.85935951
GCOMP825,COLUMBIA GULF TRANSMISSION COMPANY,DELHI,Technician-05,5/19/2023,11/15/2023,6,55,20,,,51,7179 STATE HIGHWAY 17,DELHI,LA,71232,IN SERVICE,9,49450,RICHLAND PARISH,22083,USA,32.41474344,-91.48902046
GCOMP927,GULF SOUTH PIPELINE COMPANY L.P.,DELHI,Technician-06,12/4/2022,11/29/2023,12,55,,,,66,ACROSS FROM 7296 HIGHWAY 17,DELHI,LA,71232,IN SERVICE,2,4740,RICHLAND PARISH,22083,USA,32.409447,-91.491998
GCOMP379,SOUTHERN NATURAL GAS COMPANY L.L.C.,TOCA,Technician-07,12/6/2022,12/1/2023,12,55,,,,67,2300 BAYOU ROAD,SAINT BERNARD,LA,70085,IN SERVICE,9,22500,SAINT BERNARD PARISH,22087,USA,29.86772,-89.830453
GCOMP646,GULF SOUTH PIPELINE COMPANY L.P.,MONTPELIER,Technician-08,12/12/2022,12/7/2023,12,55,,,,92,477 HIGHWAY 441,MONTPELIER,LA,70422,IN SERVICE,8,12500,SAINT HELENA PARISH,22091,USA,30.65520225,-90.66261205
GCOMP472,TRANSCONTINENTAL GAS PIPE LINE COMPANY L.L.C.,NO. 65 KENTWOOD,Technician-09,6/18/2023,12/15/2023,6,55,20,40,,93,29507 HIGHWAY 43,GREENSBURG,LA,70441,IN SERVICE,6,26400,SAINT HELENA PARISH,22091,USA,30.993536,-90.704699
GCOMP895,TRANSCONTINENTAL GAS PIPE LINE COMPANY L.L.C.,NO. 63 CONVENT,Technician-10,1/5/2023,12/31/2023,12,55,,,,94,8797 HELVETIA STREET,CONVENT,LA,70723,IN SERVICE,8,17960,SAINT JAMES PARISH,22093,USA,30.087817,-90.867359
GCOMP603,ANR PIPELINE COMPANY,EUNICE,Technician-11,5/19/2023,11/15/2023,6,55,,40,,95,4202 FOURNERAT ROAD; OFF HIGHWAY 190 W,EUNICE,LA,70535,IN SERVICE,1,12000,SAINT LANDRY PARISH,22097,USA,30.466732,-92.521639
GCOMP444,FLORIDA GAS TRANSMISSION COMPANY L.L.C.,STATION 7,Technician-12,2/20/2023,11/17/2023,9,55,,,,96,2747 FOURNERAT ROAD,EUNICE,LA,70535,IN SERVICE,3,8100,SAINT LANDRY PARISH,22097,USA,30.463848,-92.489592
GCOMP465,FLORIDA GAS TRANSMISSION COMPANY L.L.C.,STATION 7.5,Technician-13,11/24/2022,11/19/2023,12,55,,,,97,2921 BAYOU GERIMOND ROAD,PORT BARRE,LA,70577,IN SERVICE,3,19500,SAINT LANDRY PARISH,22097,USA,30.539321,-91.872238
GCOMP487,GULF SOUTH PIPELINE COMPANY L.P.,ARNAUDVILLE,Technician-14,5/25/2023,11/21/2023,6,55,20,,,98,"304 KOCH ROAD, 2 MILES EAST HIGHWAY 31",ARNAUDVILLE,LA,70512,IN SERVICE,4,45400,SAINT LANDRY PARISH,22097,USA,30.414453,-91.896835
GCOMP1324,GULF SOUTH PIPELINE COMPANY L.P.,OPELOUSAS,Technician-15,11/28/2022,11/23/2023,12,55,,40,,99,TOULOUSE ROAD; EAST OF HIGHWAY 743 3.5 MILENE,OPELOUSAS,LA,70570,IN SERVICE,2,2398,SAINT LANDRY PARISH,22097,USA,30.56799458,-92.01116196
GCOMP725,TEXAS EASTERN TRANSMISSION L.P.,OPELOUSAS,Technician-16,5/15/2023,11/11/2023,6,55,,,,80,586 TEXAS EASTERN ROAD,OPELOUSAS,LA,70570,IN SERVICE,10,30950,SAINT LANDRY PARISH,22097,USA,30.57375097,-92.12406478
GCOMP233,TEXAS GAS TRANSMISSION L.L.C.,EUNICE,Technician-17,11/19/2022,11/14/2023,12,55,,,,75,1661 COULEE ROAD,EUNICE,LA,70535,IN SERVICE,5,6650,SAINT LANDRY PARISH,22097,USA,30.455877,-92.532695
GCOMP1196,TRANSCONTINENTAL GAS PIPE LINE COMPANY L.L.C.,NO. 51 EUNICE,Technician-18,11/20/2022,11/15/2023,12,55,,,,70,NORTH OF ASHFOROAD CEMETRY ROAD/ EAST OF MCCLELLAND ROAD (3729 DURALDE HIGHWAY),EUNICE,LA,70535,IN SERVICE,5,10000,SAINT LANDRY PARISH,22097,USA,30.55964752,-92.50146595
GCOMP552,TRANSCONTINENTAL GAS PIPE LINE COMPANY L.L.C.,NO. 52 EUNICE,Technician-19,11/6/2022,11/1/2023,12,55,,,,60,3729 DURALDE HIGHWAY,EUNICE,LA,70535,IN SERVICE,3,6000,SAINT LANDRY PARISH,22097,USA,30.55958006,-92.50178232
GCOMP499,TRANSCONTINENTAL GAS PIPE LINE COMPANY L.L.C.,NO. 54 WASHINGTON STORAGE FIELD,Technician-20,11/20/2022,11/15/2023,12,55,20,,,50,3149 HIGHWAY 10,WASHINGTON,LA,70589,IN SERVICE,3,33000,SAINT LANDRY PARISH,22097,USA,30.67018,-92.021378
GCOMP543,ANR PIPELINE COMPANY,PATTERSON,Technician-21,6/2/2023,11/29/2023,6,55,,,,25,"3609 US-90 W; 1.5 MILES WEST OF PATTERSON, LA",PATTERSON,LA,70392,IN SERVICE,5,25490,SAINT MARY PARISH,22101,USA,29.692824,-91.342529
GCOMP1116,GULF SOUTH PIPELINE COMPANY L.P.,BAYOU SALE,Technician-22,12/6/2022,12/1/2023,12,55,,,,100,HIGHWAY 90 E SERVICE ROAD,CENTERVILLE,LA,70522,IN SERVICE,2,4000,SAINT MARY PARISH,22101,USA,29.73038736,-91.42002458
GCOMP466,SOUTHERN NATURAL GAS COMPANY L.L.C.,SHADYSIDE,Technician-23,6/10/2023,12/7/2023,6,55,,,,100,293 SONAT LANE,CENTERVILLE,LA,70522,IN SERVICE,5,9000,SAINT MARY PARISH,22101,USA,29.72713929,-91.41696649
GCOMP228,TEXAS GAS TRANSMISSION L.L.C.,MORGAN CITY,Technician-24,12/20/2022,12/15/2023,12,55,,,,100,1631 HIGHWAY 662,AMELIA,LA,70340,IN SERVICE,2,9212,SAINT MARY PARISH,22101,USA,29.701029,-91.086066
GCOMP544,TRUNKLINE GAS COMPANY L.L.C.,LOUISIANA - PATTERSON - ST. MARY PARISH,Technician-25,7/4/2023,12/31/2023,6,55,,,,100,3635 HIGHWAY 90,PATTERSON,LA,70392,IN SERVICE,3,10650,SAINT MARY PARISH,22101,USA,29.692903,-91.346174
GCOMP116,TRUNKLINE GAS COMPANY L.L.C.,LOUISIANA - CENTERVILLE - ST. MARY PARISH,Technician-01,5/19/2023,11/15/2023,6,55,,,,100,1230 TRUNKLINE LANE,CENTERVILLE,LA,70522,IN SERVICE,7,11250,SAINT MARY PARISH,22101,USA,29.733948,-91.453978
GCOMP767,SOUTHERN NATURAL GAS COMPANY L.L.C.,LACOMBE,Technician-02,5/21/2023,11/17/2023,6,55,20,,,100,64298 FISH HATCHERY ROAD,LACOMBE,LA,70445,IN SERVICE,1,10350,SAINT TAMMANY PARISH,22103,USA,30.37034798,-89.93513114
GCOMP8,GULF SOUTH PIPELINE COMPANY L.P.,COCODRIE,Technician-03,11/24/2022,11/19/2023,12,55,,,,100,.86 MILES SW OF COCODRIE,COCODRIE,LA,70344,IN SERVICE,1,3594,TERREBONNE PARISH,22109,USA,29.236547,-90.668458
GCOMP22,TENNESSEE GAS PIPELINE COMPANY L.L.C.,#523R - COCODRIE (LIRETTE),Technician-04,5/25/2023,11/21/2023,6,55,,,,100,1.17 MILES SE OF HAGEWOOD COURT AND REDFISH STREET,COCODRIE,LA,70344,IN SERVICE,1,3594,TERREBONNE PARISH,22109,USA,29.23487286,-90.64796002
GCOMP867,TENNESSEE GAS PIPELINE COMPANY L.L.C.,#523 - COCODRIE,Technician-05,5/27/2023,11/23/2023,6,55,,,,100,8181 REDFISH STREET,COCODRIE,LA,70344,IN SERVICE,2,12050,TERREBONNE PARISH,22109,USA,29.235745,-90.669343
GCOMP644,TRANSCONTINENTAL GAS PIPE LINE COMPANY L.L.C.,NO. 62 HUMPHRIES,Technician-06,11/16/2022,11/11/2023,12,55,,,,100,4711 BAYOU BLACK DRIVE,GIBSON,LA,70356,IN SERVICE,9,24820,TERREBONNE PARISH,22109,USA,29.6033457,-90.87566537
GCOMP694,EMPIRE PIPELINE INC.,MEP-3 (PERRYVILLE),Technician-07,5/18/2023,11/14/2023,6,55,,,,100,545 MASHAW DRIVE,FARMVILLE,LA,71241,IN SERVICE,4,32720,UNION PARISH,22111,USA,32.72936612,-92.24428686
GCOMP679,SABINE PIPE LINE L.L.C.,HENRY HUB NORTH BOOSTER STATION,Technician-08,11/20/2022,11/15/2023,12,55,,,,100,5246 ARISTIDE ROAD,ERATH,LA,70533,IN SERVICE,5,4400,VERMILION PARISH,22113,USA,29.89609745,-92.06102546
GCOMP681,SABINE PIPE LINE L.L.C.,SOUTH BOOSTER STATION,Technician-09,5/5/2023,11/1/2023,6,55,,,,100,5319 ARISTIDE ROAD,ERATH,LA,70533,IN SERVICE,5,11250,VERMILION PARISH,22113,USA,29.89613378,-92.06143428
GCOMP192,SEA ROBIN PIPELINE COMPANY L.L.C.,LOUISIANA - ERATH,Technician-10,11/20/2022,11/15/2023,12,55,20,,,25,15135 15910 LA-331,ERATH,LA,70533,IN SERVICE,2,21660,VERMILION PARISH,22113,USA,29.920025,-92.061057
GCOMP261,TRUNKLINE GAS COMPANY L.L.C.,LOUISIANA - KAPLAN - VERMILION PARISH,Technician-11,3/4/2023,11/29/2023,9,55,,,,33,18019 HIGHWAY 35,KAPLAN,LA,70510,IN SERVICE,3,16100,VERMILION PARISH,22113,USA,29.88687093,-92.27717059
GCOMP372,TENNESSEE GAS PIPELINE COMPANY L.L.C.,#504 - PITKIN,Technician-12,6/4/2023,12/1/2023,6,55,,,,49,2277 GRAVEL HILL CHURCH ROAD,PITKIN,LA,70656,IN SERVICE,2,6900,VERNON PARISH,22115,USA,30.971916,-93.034288
GCOMP265,FLORIDA GAS TRANSMISSION COMPANY L.L.C.,STATION 9,Technician-13,6/10/2023,12/7/2023,6,55,,,,51,18169 LEE ROAD,FRANKLINTON,LA,70438,IN SERVICE,6,19600,WASHINGTON PARISH,22117,USA,30.783335,-90.061152
GCOMP608,SOUTHERN NATURAL GAS COMPANY L.L.C.,FRANKLINTON,Technician-14,12/20/2022,12/15/2023,12,55,,,,66,42621 HIGHWAY 16,AMITE,LA,70422,IN SERVICE,10,16750,WASHINGTON PARISH,22117,USA,30.81886817,-90.18048143
GCOMP1140,TRUNKLINE GAS COMPANY L.L.C.,LOUISIANA - EPPS - WEST CARROL PARISH,Technician-15,4/5/2023,12/31/2023,9,55,,,,67,LA-134/WEST OF GWIN ROAD,EPPS,LA,71237,IN SERVICE,8,33100,WEST CARROLL PARISH,22123,USA,32.62012979,-91.57573006
GCOMP244,TEXAS EASTERN TRANSMISSION L.P.,SAINT FRANCISVILLE,Technician-16,11/20/2022,11/15/2023,12,55,,,,92,17238 HIGHWAY 10,SAINT FRANCISVILLE,LA,70775,IN SERVICE,4,32000,WEST FELICIANA PARISH,22125,USA,30.8347818,-91.25440691
GCOMP222,TENNESSEE GAS PIPELINE COMPANY L.L.C.,#261 - AGAWAM,Technician-17,5/21/2023,11/17/2023,6,55,,,,93,1615 SUFFIELD STREET,AGAWAM,MA,1001,IN SERVICE,5,17110,HAMPDEN,25013,USA,42.033986,-72.633743
GCOMP415,TENNESSEE GAS PIPELINE COMPANY L.L.C.,SOUTHWICK 260A #260A DOMESTIC FUEL,Technician-18,5/23/2023,11/19/2023,6,55,,,,94,248 FEEDING HILLS ROAD,SOUTHWICK,MA,1077,IN SERVICE,1,2100,HAMPDEN,25013,USA,42.065506,-72.720477
GCOMP686,TENNESSEE GAS PIPELINE COMPANY L.L.C.,#267 - HOPKINTON,Technician-19,5/25/2023,11/21/2023,6,55,20,40,,95,54 WILSON STREET,HOPKINTON,MA,1748,IN SERVICE,5,5000,MIDDLESEX,25017,USA,42.246334,-71.514755
GCOMP295,TENNESSEE GAS PIPELINE COMPANY L.L.C.,#264 - CHARLTON CITY,Technician-20,5/27/2023,11/23/2023,6,55,,40,,96,196 CARPENTER HILL ROAD,CHARLTON,MA,1507,IN SERVICE,2,12552,WORCESTER,25027,USA,42.12207471,-72.00210687
GCOMP677,TENNESSEE GAS PIPELINE COMPANY L.L.C.,#266A - MENDON,Technician-21,11/16/2022,11/11/2023,12,55,,40,,97,52 THAYER ROAD,MENDON,MA,1756,IN SERVICE,3,9170,WORCESTER,25027,USA,42.080665,-71.514243
GCOMP296,TEXAS EASTERN TRANSMISSION L.P.,ACCIDENT,Technician-22,11/19/2022,11/14/2023,12,55,,40,,98,196 TEXAS EASTERN DRIVE,ACCIDENT,MD,21520,IN SERVICE,2,11000,GARRETT,24023,USA,39.63982099,-79.33950216
GCOMP363,COLUMBIA GAS TRANSMISSION L.L.C.,RUTLEDGE,Technician-23,11/20/2022,11/15/2023,12,55,,40,,99,2220 RUTLEDGE ROAD,FALLSTON,MD,21047,IN SERVICE,3,12000,HARFORD,24025,USA,39.561372,-76.477502
GCOMP106,TRANSCONTINENTAL GAS PIPE LINE COMPANY L.L.C.,NO. 190 ELLICOTT CITY,Technician-24,5/5/2023,11/1/2023,6,55,,40,,80,11910 CARROLL MILL ROAD,ELLICOTT CITY,MD,21042,IN SERVICE,13,59250,HOWARD,24027,USA,39.266608,-76.925377
GCOMP1158,MARITIMES & NORTHEAST PIPELINE L.L.C.,WESTBROOK,Technician-25,11/20/2022,11/15/2023,12,55,,40,,75,LOREZEN HILL -SMALL HAROADY ROAD/HAROADY ROAD,WESTBROOK,ME,4092,IN SERVICE,2,26666,CUMBERLAND,23005,USA,43.7229,-70.365786
GCOMP1198,MARITIMES & NORTHEAST PIPELINE L.L.C.,WOOD CHOPPING RIDGE,Technician-01,6/2/2023,11/29/2023,6,55,,40,,70,NORTH OF STUD MILL ROAD AND 35-00-0 ROAD,AURORA,ME,4461,IN SERVICE,1,18085,HANCOCK,23009,USA,44.989357,-68.086715
GCOMP926,MARITIMES & NORTHEAST PIPELINE L.L.C.,BREWER,Technician-02,3/6/2023,12/1/2023,9,55,,40,,60,99 LAMBERT ROAD,BREWER,ME,4401,IN SERVICE,1,18085,PENOBSCOT,23019,USA,44.80304,-68.713973
GCOMP701,MARITIMES & NORTHEAST PIPELINE L.L.C.,RICHMOND,Technician-03,12/12/2022,12/7/2023,12,55,,40,,50,553 LINCOLN STREET,RICHMOND,ME,4357,IN SERVICE,2,16622,SAGADAHOC,23023,USA,44.125383,-69.812029
GCOMP1190,MARITIMES & NORTHEAST PIPELINE L.L.C.,SEARSMONT COMPRESSOR STAION,Technician-04,6/18/2023,12/15/2023,6,55,20,40,,25,NEW ENGLAND ROAD/WEST OF BELFAST AUGUSTA ROAD,SEARSMONT,ME,4973,IN SERVICE,1,18085,WALDO,23027,USA,44.391991,-69.22953
GCOMP952,MARITIMES & NORTHEAST PIPELINE L.L.C.,BAILEYVILLE,Technician-05,1/5/2023,12/31/2023,12,55,,40,,100,CCC ROAD/TRACK ROAD,BAILEYVILLE,ME,4694,IN SERVICE,2,16622,WASHINGTON,23029,USA,45.204892,-67.453016
GCOMP1208,MARITIMES & NORTHEAST PIPELINE L.L.C.,ELIOT,Technician-06,5/19/2023,11/15/2023,6,55,20,40,,100,OFF DOW HIGHWAY 236/NORTH OF BEECH ROAD,ELIOT,ME,3903,IN SERVICE,2,14460,YORK,23031,USA,43.141705,-70.790471
GCOMP601,ANR PIPELINE COMPANY,HAMILTON,Technician-07,11/22/2022,11/17/2023,12,55,,40,,100,4193 134TH AVENUE,HAMILTON,MI,49419,IN SERVICE,5,32566,ALLEGAN,26005,USA,42.66706304,-85.95579143
GCOMP520,ANR PIPELINE COMPANY,BRIDGMAN,Technician-08,11/24/2022,11/19/2023,12,55,20,,,100,3372 BROWNTOWN ROAD,BRIDGMAN,MI,49106,IN SERVICE,9,22750,BERRIEN,26021,USA,41.897126,-86.534271
GCOMP654,VECTOR PIPELINE L.P.,ATHENS - CALHOUN COUNTY,Technician-09,11/26/2022,11/21/2023,12,55,,,,100,4981 2 MILE ROAD,ATHENS,MI,49011,IN SERVICE,1,15000,CALHOUN,26025,USA,42.14379835,-85.26447011
GCOMP53,GREAT LAKES GAS TRANSMISSION L.P.,BOYNE FALLS,Technician-10,11/28/2022,11/23/2023,12,55,,40,,100,10339 GREAT LAKES ROAD,BOYNE FALLS,MI,49713,IN SERVICE,2,25000,CHARLEVOIX,26029,USA,45.26126498,-84.7681085
GCOMP575,ANR PIPELINE COMPANY,LINCOLN,Technician-11,5/15/2023,11/11/2023,6,55,20,,,100,3991 HICKORY ROAD,LAKE GEORGE,MI,48633,IN SERVICE,4,45400,CLARE,26035,USA,43.94101155,-84.94094214
GCOMP551,GREAT LAKES GAS TRANSMISSION L.P.,FARWELL,Technician-12,11/19/2022,11/14/2023,12,55,,,Y,100,3700 HICKORY AVENUE,LAKE GEORGE,MI,48632,IN SERVICE,6,29330,CLARE,26035,USA,43.9357,-84.9383
GCOMP71,GREAT LAKES GAS TRANSMISSION L.P.,RAPID RIVER,Technician-13,5/19/2023,11/15/2023,6,55,,,,100,10888 T-65 PIPELINE ROAD,RAPID RIVER,MI,49878,IN SERVICE,1,12500,DELTA,26041,USA,45.940577,-86.960271
GCOMP837,GREAT LAKES GAS TRANSMISSION L.P.,OTISVILLE,Technician-14,11/6/2022,11/1/2023,12,55,,,,100,7500 EAST DODGE ROAD,MOUNT MORRIS,MI,48458,IN SERVICE,3,40700,GENESEE,26049,USA,43.1519,-83.5625
GCOMP1066,GREAT LAKES GAS TRANSMISSION L.P.,WAKEFIELD,Technician-15,5/19/2023,11/15/2023,6,55,20,40,,100,GREAT LAKES ROAD; CORNER OF GREAT LAKES ROAD AND DUMP ROAD,WAKEFIELD,MI,49968,IN SERVICE,2,32500,GOGEBIC,26053,USA,46.44032517,-89.8250548
GCOMP191,GREAT LAKES GAS TRANSMISSION L.P.,CRYSTAL FALLS,Technician-16,6/2/2023,11/29/2023,6,55,,,,100,151 OSS ROAD,CRYSTAL FALLS,MI,49920,IN SERVICE,3,43800,IRON,26071,USA,46.1006,-88.4687
GCOMP31,ANR PIPELINE COMPANY,COLD SPRINGS 1 (ELECTRIC),Technician-17,6/4/2023,12/1/2023,6,55,,40,,100,10000 PFLUM ROAD NE,MANCELONA,MI,49659,IN SERVICE,1,7000,KALKASKA,26079,USA,44.83815755,-84.96784248
GCOMP412,ANR STORAGE COMPANY,RAPID RIVER 35,Technician-18,12/12/2022,12/7/2023,12,55,,,,25,2460 RABOURN ROAD NE; GO NORTH DOWN SIDE STREET,KALKASKA,MI,49646,IN SERVICE,2,7500,KALKASKA,26079,USA,44.77616733,-85.12003035
GCOMP651,ANR STORAGE COMPANY,EXCELSIOR 6,Technician-19,6/18/2023,12/15/2023,6,55,,,,33,4936 STATE ROAD NORTHEAST,KALKASKA,MI,49646,IN SERVICE,2,7500,KALKASKA,26079,USA,44.77056356,-85.07402395
GCOMP886,ANR STORAGE COMPANY,ANR STORAGE - COLD SPRINGS,Technician-20,7/4/2023,12/31/2023,6,55,20,,,49,8514 ANR STORAGE DRIVE,MANCELONA,MI,49659,IN SERVICE,3,11250,KALKASKA,26079,USA,44.837536,-84.965991
GCOMP672,GREAT LAKES GAS TRANSMISSION L.P.,BREVORT,Technician-21,11/20/2022,11/15/2023,12,55,,40,Y,51,514 WORTH ROAD,BREVORT,MI,49760,IN SERVICE,2,2200,MACKINAC,26097,USA,46.030762,-85.03127
GCOMP1182,GREAT LAKES GAS TRANSMISSION L.P.,NAUBINWAY,Technician-22,5/21/2023,11/17/2023,6,55,,,,66,N6725 NAUBINWAY ROAD,ENGADINE,MI,49827,IN SERVICE,2,25000,MACKINAC,26097,USA,46.11547375,-85.44515351
GCOMP545,ANR PIPELINE COMPANY,MUTTONVILLE,Technician-23,11/24/2022,11/19/2023,12,55,,,,67,36555 29 MILE ROAD,LENOX,MI,48050,IN SERVICE,5,37300,MACOMB,26099,USA,42.7697,-82.7456
GCOMP125,VECTOR PIPELINE L.P.,WASHINGTON - MACOMB COUNTY,Technician-24,5/25/2023,11/21/2023,6,55,,,,92,12708 30 MILE ROAD,WASHINGTON TOWNSHIP,MI,48094,IN SERVICE,2,30000,MACOMB,26099,USA,42.768101,-83.005618
GCOMP75,ANR PIPELINE COMPANY,WOOLFOLK (SEE FOOTNOTE),Technician-25,11/28/2022,11/23/2023,12,55,,,,93,11039 150TH AVENUE,BIG RAPIDS,MI,49307,IN SERVICE,17,44280,MECOSTA,26107,USA,43.62857235,-85.38571062
GCOMP342,ANR PIPELINE COMPANY,WINFIELD,Technician-01,2/14/2023,11/11/2023,9,55,20,,,94,21453 WEST TAMARACK ROAD,HOWARD CITY,MI,49329,IN SERVICE,3,4500,MONTCALM,26117,USA,43.4386,-85.5141
GCOMP792,ANR PIPELINE COMPANY,GOODWELL,Technician-02,5/18/2023,11/14/2023,6,55,,,,95,6759 E 5 MILE ROAD,WHITE CLOUD,MI,49349,IN SERVICE,2,15000,NEWAYGO,26123,USA,43.62765,-85.63165
GCOMP527,VECTOR PIPELINE L.P.,HIGHLAND - OAKLAND COUNTY,Technician-03,5/19/2023,11/15/2023,6,55,,,,96,3427 CHILDS LAKE ROAD,MILFORD,MI,48381,IN SERVICE,2,30000,OAKLAND,26125,USA,42.54340437,-83.56430934
GCOMP849,ANR PIPELINE COMPANY,LOREED (REED CITY),Technician-04,11/6/2022,11/1/2023,12,55,,,,97,7677 230TH AVENUE,REED CITY,MI,49677,IN SERVICE,9,17920,OSCEOLA,26133,USA,43.92568359,-85.54456441
GCOMP173,ANR PIPELINE COMPANY,CENTRAL CHARLTON,Technician-05,2/18/2023,11/15/2023,9,55,,,,98,14490 BECKETT ROAD,JOHANNESBURG,MI,49751,IN SERVICE,2,8000,OTSEGO,26137,USA,45.01417734,-84.38182972
GCOMP758,ANR PIPELINE COMPANY,SOUTH CHESTER,Technician-06,12/4/2022,11/29/2023,12,55,,,,99,6327 OLD STATE ROAD,JOHANNESBURG,MI,49751,IN SERVICE,2,7200,OTSEGO,26137,USA,44.9119,-84.5404
GCOMP648,ANR PIPELINE COMPANY,CAPAC,Technician-07,6/4/2023,12/1/2023,6,55,,,,80,4876 KETTLEHUT ROAD,CAPAC,MI,48014,IN SERVICE,2,9660,SAINT CLAIR,26147,USA,43.03864111,-82.94617606
GCOMP750,NORTHERN NATURAL GAS COMPANY,POPPLE CREEK,Technician-08,6/10/2023,12/7/2023,6,55,20,,,75,6220 GOLDEN SPIKE ROAD NE,SAUK RAPIDS,MN,56379,IN SERVICE,1,2000,BENTON,27009,USA,45.651704,-94.033831
GCOMP554,GREAT LAKES GAS TRANSMISSION L.P.,CLOQUET,Technician-09,6/18/2023,12/15/2023,6,55,,,,70,3741 BRANDON ROAD,CLOQUET,MN,55720,IN SERVICE,3,48200,CARLTON,27017,USA,46.78556521,-92.70232827
GCOMP301,NORTHERN NATURAL GAS COMPANY,CARLTON,Technician-10,7/4/2023,12/31/2023,6,55,,,,60,1995 NORTHERN NATURAL GAS ROAD,CARLTON,MN,55718,IN SERVICE,2,8000,CARLTON,27017,USA,46.64992304,-92.5009605
GCOMP780,NORTHERN NATURAL GAS COMPANY,NORTH BRANCH,Technician-11,11/20/2022,11/15/2023,12,55,,,,50,6579 420TH STREET,NORTH BRANCH,MN,55056,IN SERVICE,4,8000,CHISAGO,27025,USA,45.55568098,-92.97393987
GCOMP443,GREAT LAKES GAS TRANSMISSION L.P.,SHEVLIN,Technician-12,11/22/2022,11/17/2023,12,55,,,,25,27399 400TH STREET,SHEVLIN,MN,56676,IN SERVICE,3,50700,CLEARWATER,27029,USA,47.58532551,-95.2052336
GCOMP640,NORTHERN NATURAL GAS COMPANY,FARMINGTON,Technician-13,11/24/2022,11/19/2023,12,55,,,,100,4685 212TH STREET W,FARMINGTON,MN,55024,IN SERVICE,7,20200,DAKOTA,27037,USA,44.64253587,-93.16162863
GCOMP510,NORTHERN NATURAL GAS COMPANY,CHATFIELD,Technician-14,5/25/2023,11/21/2023,6,55,,,,100,32759 171ST AVENUE,CHATFIELD,MN,55923,IN SERVICE,1,2500,FILLMORE,27045,USA,43.83022422,-92.30942503
GCOMP885,ALLIANCE PIPELINE,ALBERT LEA,Technician-15,11/28/2022,11/23/2023,12,55,,,,100,850TH AVENUE AND 200TH STREET,HAYWARD,MN,56043,IN SERVICE,1,31206,FREEBORN,27047,USA,43.64143,-93.16075
GCOMP832,NORTHERN NATURAL GAS COMPANY,ALBERT LEA,Technician-16,5/15/2023,11/11/2023,6,55,20,,,100,73650 325TH STREET,HARTLAND,MN,56042,IN SERVICE,1,15000,FREEBORN,27047,USA,43.826266,-93.39709768
GCOMP882,NORTHERN NATURAL GAS COMPANY,LACRESCENT,Technician-17,2/17/2023,11/14/2023,9,55,,,,100,8481 COUNTY ROAD 25,HOUSTON,MN,55943,IN SERVICE,1,1250,HOUSTON,27055,USA,43.81370887,-91.45184758
GCOMP502,GREAT LAKES GAS TRANSMISSION L.P.,DEER RIVER,Technician-18,11/20/2022,11/15/2023,12,55,,,,100,31641 GREAT LAKES ROAD,DEER RIVER,MN,56636,IN SERVICE,2,31300,ITASCA,27061,USA,47.33287754,-93.84953339
GCOMP594,GREAT LAKES GAS TRANSMISSION L.P.,SAINT VINCENT,Technician-19,5/5/2023,11/1/2023,6,55,,,,100,4094 180TH AVENUE,SAINT VINCENT,MN,56755,IN SERVICE,5,32330,KITTSON,27069,USA,48.99062369,-97.06029302
GCOMP262,ONEOK INC.,STATION 2201 HALLOCK,Technician-20,11/20/2022,11/15/2023,12,55,,,,100,1807 360TH STREET,HALLOCK,MN,56728,IN SERVICE,4,6800,KITTSON,27069,USA,48.91823585,-97.06003706
GCOMP123,TC PIPELINES L.P.,#12 - LYNN COUNTY,Technician-21,6/2/2023,11/29/2023,6,55,,,,100,1270 260TH AVENUE,GARVIN,MN,56132,IN SERVICE,1,38000,LYON,27083,USA,44.23455926,-95.77266623
GCOMP72,GREAT LAKES GAS TRANSMISSION L.P.,THIEF RIVER,Technician-22,12/6/2022,12/1/2023,12,55,,,,100,10950 260TH STREET NE,NEWFOLDEN,MN,56738,IN SERVICE,2,28500,MARSHALL,27089,USA,48.25580657,-96.23824975
GCOMP275,TC PIPELINES L.P.,#13 - MARTIN COUNTY,Technician-23,12/12/2022,12/7/2023,12,55,,,,100,1890 60TH AVENUE,TRIMONT,MN,56176,IN SERVICE,1,38000,MARTIN,27091,USA,43.76068196,-94.7526509
GCOMP847,ONEOK INC.,STATION 2217 MILACA,Technician-24,12/20/2022,12/15/2023,12,55,,,Y,100,7640 133RD STREET,MILACA,MN,56353,IN SERVICE,4,9500,MILLE LACS,27095,USA,45.737532,-93.665461
GCOMP163,NORTHERN NATURAL GAS COMPANY,ALEXANDRIA,Technician-25,1/5/2023,12/31/2023,12,55,20,40,Y,100,14150 210TH AVENUE,LITTLE FALLS,MN,56345,IN SERVICE,1,800,MORRISON,27097,USA,45.96822753,-94.21829981
GCOMP433,NORTHERN NATURAL GAS COMPANY,PIERZ,Technician-01,5/19/2023,11/15/2023,6,55,,40,,100,26373 123RD STREET,PIERZ,MN,56364,IN SERVICE,1,800,MORRISON,27097,USA,45.94061737,-94.11927818
GCOMP219,ONEOK INC.,STATION 2207 ADA,Technician-02,11/22/2022,11/17/2023,12,55,,40,,100,1611 COUNTY HIGHWAY 142,ADA,MN,56510,IN SERVICE,4,11500,NORMAN,27107,USA,47.23927153,-96.52361641
GCOMP556,ONEOK INC.,STATION 2210 PERHAM,Technician-03,5/23/2023,11/19/2023,6,55,,40,Y,100,37497 STATE HIGHWAY 228,FRAZEE,MN,56544,IN SERVICE,4,9500,OTTER TAIL,27111,USA,46.66217809,-95.71269923
GCOMP172,ONEOK INC.,STATION 2204 ANGUS,Technician-04,11/26/2022,11/21/2023,12,55,,40,,100,14420 340TH AVENUE NW,WARREN,MN,56762,IN SERVICE,4,11500,POLK,27119,USA,48.0854536,-96.77932229
GCOMP568,ALLIANCE PIPELINE,OLIVIA,Technician-05,5/27/2023,11/23/2023,6,55,,40,,100,38884 870TH AVENUE,BIRD ISLAND,MN,55310,IN SERVICE,1,31206,RENVILLE,27129,USA,44.8491,-94.8969
GCOMP355,NORTHERN NATURAL GAS COMPANY,FARIBAULT,Technician-06,5/15/2023,11/11/2023,6,55,,40,,100,21903 CANBY AVENUE,FARIBAULT,MN,55021,IN SERVICE,3,44936,RICE,27131,USA,44.26948148,-93.32156889
GCOMP328,NORTHERN NATURAL GAS COMPANY,ELK RIVER,Technician-07,5/18/2023,11/14/2023,6,55,,40,,100,205TH AVENUE NW/EAST OF AUBURN STREET NW,ELK RIVER,MN,55330,IN SERVICE,1,1100,SHERBURNE,27141,USA,45.34304482,-93.55075876
GCOMP894,NORTHERN NATURAL GAS COMPANY,OWATONNA,Technician-08,11/20/2022,11/15/2023,12,55,,40,,100,8763 COUNTY ROAD-7,ELLENDALE,MN,56026,IN SERVICE,1,28937,STEELE,27147,USA,43.96145537,-93.37858502
GCOMP503,ONEOK INC.,STATION 2213 STAPLES,Technician-09,5/5/2023,11/1/2023,6,55,,40,,100,31866 400TH STREET,CUSHING,MN,56443,IN SERVICE,4,9800,TODD,27153,USA,46.21103963,-94.70156943
GCOMP65,NORTHERN NATURAL GAS COMPANY,HUGO,Technician-10,5/19/2023,11/15/2023,6,55,20,40,,100,10645 180TH STREET N,HUGO,MN,55047,IN SERVICE,1,5967,WASHINGTON,27163,USA,45.20983764,-92.88893566
GCOMP931,ROCKIES EXPRESS PIPELINE L.L.C.,R28314010 AT MEXICO,Technician-11,12/4/2022,11/29/2023,12,55,,40,,100,AUDRAIN ROAD COUNTY ROAD-441/STATE HIGHWAY KK,MEXICO,MO,65265,IN SERVICE,2,31856,AUDRAIN,29007,USA,39.227267,-91.77785
GCOMP1005,NATURAL GAS PIPELINE COMPANY OF AMERICA L.L.C.,STATION 309 - MARBLE HILL,Technician-12,6/4/2023,12/1/2023,6,55,20,40,,100,COUNTY ROAD-324/MO-34; CORNER OF COUNTY ROAD-324 AND MO-34,MARBLE HILL,MO,63764,IN SERVICE,9,29650,BOLLINGER,29017,USA,37.358275,-89.874112
GCOMP223,PANHANDLE EASTERN PIPE LINE COMPANY L.P.,MISSOURI-CENTRALIA-BOONE COUNTY,Technician-13,12/12/2022,12/7/2023,12,55,,40,,100,16151 NORTH ROUTE Z,CENTRALIA,MO,65240,IN SERVICE,6,29800,BOONE,29019,USA,39.13824802,-92.13886644
GCOMP687,SOUTHERN STAR CENTRAL GAS PIPELINE INC.,552LUMBIA,Technician-14,6/18/2023,12/15/2023,6,55,20,,Y,100,5401 S BEN WILLIAMS ROAD,COLUMBIA,MO,65201,IN SERVICE,1,1400,BOONE,29019,USA,38.88751472,-92.22130723
GCOMP585,CENTERPOINT ENERGY - MISSISSIPPI RIVER TRANSMISSION L.L.C.,POPLAR BLUFF,Technician-15,1/5/2023,12/31/2023,12,55,,,,100,4011 TOWNSHIP LINE ROAD,POPLAR BLUFF,MO,63901,IN SERVICE,10,7890,BUTLER,29023,USA,36.78818728,-90.46623918
GCOMP407,SOUTHERN STAR CENTRAL GAS PIPELINE INC.,539 PECULIAR,Technician-16,2/18/2023,11/15/2023,9,55,,40,,100,24380 S HARPER ROAD,PECULIAR,MO,64078,IN SERVICE,3,5590,CASS,29037,USA,38.68024383,-94.48250796
GCOMP1186,ROCKIES EXPRESS PIPELINE L.L.C.,R28304009 AT TURNEY,Technician-17,5/21/2023,11/17/2023,6,55,20,,,100,NE STATE HIGHWAY A/NE 284TH STREET (MO-123),TURNEY,MO,64493,IN SERVICE,2,35000,CLINTON,29049,USA,39.60967146,-94.32266985
GCOMP160,SOUTHERN STAR CENTRAL GAS PIPELINE INC.,553 LONE JACK,Technician-18,5/23/2023,11/19/2023,6,55,,,,100,14019 SOUTH HUTT ROAD,LONE JACK,MO,64070,IN SERVICE,1,1400,JACKSON,29095,USA,38.86073116,-94.19135858
GCOMP70,SOUTHERN STAR CENTRAL GAS PIPELINE INC.,551 CONCORDIA,Technician-19,11/26/2022,11/21/2023,12,55,,,,100,1085 NE 700 ROAD,KNOB NOSTER,MO,65336,IN SERVICE,2,1800,JOHNSON,29101,USA,38.85652,-93.53456
GCOMP386,CENTERPOINT ENERGY - MISSISSIPPI RIVER TRANSMISSION L.L.C.,TWELVE MILE,Technician-20,2/26/2023,11/23/2023,9,55,,,,100,2331 MADISON 417,FREDERICKTOWN,MO,63645,IN SERVICE,6,6500,MADISON,29123,USA,37.42030581,-90.31046716
GCOMP754,SOUTHERN STAR CENTRAL GAS PIPELINE INC.,507 SAGINAW,Technician-21,11/16/2022,11/11/2023,12,55,20,40,,100,6300 RANGELINE ROAD,JOPLIN,MO,64804,IN SERVICE,3,7600,NEWTON,29145,USA,37.0165568,-94.48022203
GCOMP522,ANR PIPELINE COMPANY,MAITLAND,Technician-22,5/18/2023,11/14/2023,6,55,,,,100,33854 MO-TT,GRAHAM,MO,64455,IN SERVICE,8,13100,NODAWAY,29147,USA,40.23327232,-94.98764523
GCOMP216,PANHANDLE EASTERN PIPE LINE COMPANY L.P.,MISSOURI-HOUSTONIA-PETTIS COUNTY,Technician-23,5/19/2023,11/15/2023,6,55,,40,,100,16076 HIGHWAY T,HOUSTONIA,MO,65333,IN SERVICE,11,35760,PETTIS,29159,USA,38.84601245,-93.36602001
GCOMP182,CENTERPOINT ENERGY - MISSISSIPPI RIVER TRANSMISSION L.L.C.,STE GENEVIEVE,Technician-24,5/5/2023,11/1/2023,6,55,,,,100,14718 US HIGHWAY 61,SAINTE GENEVIEVE,MO,63670,IN SERVICE,6,4600,SAINTE GENEVIEVE,29186,USA,37.98062524,-90.09929413
GCOMP850,TEXAS EASTERN TRANSMISSION L.P.,ORAN,Technician-25,5/19/2023,11/15/2023,6,55,,,,100,7717 SOUTH HIGHWAY 77,ORAN,MO,63771,IN SERVICE,10,10000,SCOTT,29201,USA,37.07031979,-89.63900527
GCOMP546,COLUMBIA GULF TRANSMISSION COMPANY,CORINTH,Technician-01,12/4/2022,11/29/2023,12,55,20,,,100,3659 KENDRICK ROAD,CORINTH,MS,38834,IN SERVICE,6,52200,ALCORN,28003,USA,34.9618727,-88.41900615
GCOMP1192,TEXAS EASTERN TRANSMISSION L.P.,KOSCIUSKO,Technician-02,12/6/2022,12/1/2023,12,55,,40,,100,NILE ROAD/JAMISON ROAD,KOSCIUSKO,MS,39090,IN SERVICE,15,51875,ATTALA,28007,USA,32.98902161,-89.55298852
GCOMP67,TRUNKLINE GAS COMPANY L.L.C.,MISSISSIPPI-SHAW-BOLIVAR COUNTY,Technician-03,12/12/2022,12/7/2023,12,55,,,,100,1069 SAND PIT ROAD,SHAW,MS,38773,IN SERVICE,7,28101,BOLIVAR,28011,USA,33.629271,-90.688521
GCOMP869,COLUMBIA GULF TRANSMISSION COMPANY,BANNER,Technician-04,6/18/2023,12/15/2023,6,55,,,,100,82 COUNTY ROAD 233,BANNER,MS,38913,IN SERVICE,9,47000,CALHOUN,28013,USA,34.08730799,-89.44458372
GCOMP996,GULF SOUTH PIPELINE COMPANY L.P.,DESTIN,Technician-05,1/5/2023,12/31/2023,12,55,,,,100,COUNTY ROAD 250/COUNTY ROAD 270,SHUBUTA,MS,39360,IN SERVICE,1,3550,CLARKE,28023,USA,31.91265978,-88.79338706
GCOMP30,SOUTHERN NATURAL GAS COMPANY L.L.C.,ENTERPRISE,Technician-06,5/19/2023,11/15/2023,6,55,,,,100,100 COUNTY ROAD 332,ENTERPRISE,MS,39330,IN SERVICE,9,38070,CLARKE,28023,USA,32.14993737,-88.84286044
GCOMP513,TEXAS GAS TRANSMISSION L.L.C.,CLARKSDALE,Technician-07,2/20/2023,11/17/2023,9,55,20,,,100,3305 HIGHWAY 61 SOUTH,CLARKSDALE,MS,38614,IN SERVICE,9,38090,COAHOMA,28027,USA,34.148916,-90.635793
GCOMP1260,ENBRIDGE INC. AND ENERGY TRANSFER L.P.,COLLINS BOOSTER STATION,Technician-08,11/24/2022,11/19/2023,12,55,,,,100,RIDGE ROAD/SMYRNA ROAD,COLLINS,MS,39428,IN SERVICE,2,7100,COVINGTON,28031,USA,31.534382,-89.588316
GCOMP1289,TRANSCONTINENTAL GAS PIPE LINE COMPANY L.L.C.,NO. 77 EMINENCE STORAGE FIELD,Technician-09,5/25/2023,11/21/2023,6,55,,,,100,SALT DOME ROAD AND ROGERS ROAD,SEMINARY,MS,39479,IN SERVICE,4,15635,COVINGTON,28031,USA,31.596247,-89.419276
GCOMP435,TEXAS GAS TRANSMISSION L.L.C.,LAKE CORMORANT,Technician-10,11/28/2022,11/23/2023,12,55,,,,100,2672 WILSON MILL ROAD,LAKE CORMORANT,MS,38641,IN SERVICE,9,34773,DE SOTO,28033,USA,34.89979453,-90.165159
GCOMP155,EMPIRE PIPELINE INC.,PETAL BOOSTER STATION,Technician-11,5/15/2023,11/11/2023,6,55,,,,100,1382 HIGHWAY 11 NORTH,PETAL,MS,39465,IN SERVICE,1,3550,FORREST,28035,USA,31.38008754,-89.26643817
GCOMP120,SOUTHEAST SUPPLY HEADER L.L.C.,LUCEDALE,Technician-12,11/19/2022,11/14/2023,12,55,,,,100,1252 OBIE JACKSON ROAD,LUCEDALE,MS,39452,IN SERVICE,1,15000,GEORGE,28039,USA,30.974728,-88.696845
GCOMP818,DESTIN PIPELINE COMPANY L.L.C.,SAND HILL,Technician-13,11/20/2022,11/15/2023,12,55,,,,100,705 POPE ROAD RICHTON,RICHTON,MS,39476,IN SERVICE,2,9400,GREENE,28041,USA,31.30411678,-88.75066294
GCOMP245,GULF SOUTH PIPELINE COMPANY L.P.,KILN,Technician-14,11/6/2022,11/1/2023,12,55,20,,,25,17281 BOBINGER ROAD,KILN,MS,39556,IN SERVICE,2,9400,HANCOCK,28045,USA,30.429611,-89.459611
GCOMP34,TENNESSEE GAS PIPELINE COMPANY L.L.C.,#530 - BAY SAINT LOUIS,Technician-15,11/20/2022,11/15/2023,12,55,,,,33,10064 LOWER BAY ROAD,BAY SAINT LOUIS,MS,39520,IN SERVICE,9,25100,HANCOCK,28045,USA,30.239555,-89.497266
GCOMP620,EMPIRE PIPELINE INC.,MEP-4 (VICKSBURG),Technician-16,6/2/2023,11/29/2023,6,55,,,,49,4449 SMITH STATION ROAD,EDWARDS,MS,39066,IN SERVICE,4,24540,HINDS,28049,USA,32.275106,-90.673173
GCOMP186,TEXAS EASTERN TRANSMISSION L.P.,CLINTON,Technician-17,12/6/2022,12/1/2023,12,55,,,,51,1485 BILLY BELL ROAD,JACKSON,MS,39213,IN SERVICE,4,30400,HINDS,28049,USA,32.40761023,-90.25913903
GCOMP1125,COLUMBIA GAS TRANSMISSION L.L.C.,INVERNESS,Technician-18,6/10/2023,12/7/2023,6,55,,,,66,INVERNESS ROAD/EAST OF RAWLAND,BELZONI,MS,39038,IN SERVICE,6,48050,HUMPHREYS,28053,USA,33.31258707,-90.5271721
GCOMP98,TENNESSEE GAS PIPELINE COMPANY L.L.C.,#843 - ISOLA,Technician-19,12/20/2022,12/15/2023,12,55,,,,67,1165 TENNESSEE GAS ROAD,ISOLA,MS,38754,IN SERVICE,9,14350,HUMPHREYS,28053,USA,33.233616,-90.579861
GCOMP934,TEXAS GAS TRANSMISSION L.L.C.,ISOLA,Technician-20,7/4/2023,12/31/2023,6,55,,,,92,BEASLEY BAYOU ROAD,ISOLA,MS,38754,IN SERVICE,1,13330,HUMPHREYS,28053,USA,33.25551013,-90.61734579
GCOMP797,DESTIN PIPELINE COMPANY L.L.C.,PASCAGOULA,Technician-21,5/19/2023,11/15/2023,6,55,,,,93,6812 STENNIS BOULEVARD,MOSS POINT,MS,39562,IN SERVICE,4,25400,JACKSON,28059,USA,30.38251316,-88.49758684
GCOMP1147,GULF SOUTH PIPELINE COMPANY L.P.,PETAL # 1,Technician-22,5/21/2023,11/17/2023,6,55,20,,,94,LEEVILLE ROAD/CHAPEL HILL ROAD,PETAL,MS,39439,IN SERVICE,5,10435,JASPER,28061,USA,31.369743,-89.260801
GCOMP1148,GULF SOUTH PIPELINE COMPANY L.P.,PETAL #2,Technician-23,11/24/2022,11/19/2023,12,55,,,,95,LEEVILLE ROAD/CHAPEL HILL ROAD,PETAL,MS,39439,IN SERVICE,5,25000,JASPER,28061,USA,31.371773,-89.264065
GCOMP1149,GULF SOUTH PIPELINE COMPANY L.P.,PETAL #3,Technician-24,5/25/2023,11/21/2023,6,55,,,,96,LEEVILLE ROAD/CHAPEL HILL ROAD,HEIDELBERG,MS,39439,IN SERVICE,5,25000,JASPER,28061,USA,31.378217,-89.260868
GCOMP35,SOUTHERN NATURAL GAS COMPANY L.L.C.,BAY SPRINGS,Technician-25,5/27/2023,11/23/2023,6,55,,,,97,10064 LOWER BAY ROAD,BAY SPRINGS,MS,39422,IN SERVICE,3,28631,JASPER,28061,USA,32.00523886,-89.2978451
GCOMP873,TENNESSEE GAS PIPELINE COMPANY L.L.C.,#538 - HEIDELBERG,Technician-01,11/16/2022,11/11/2023,12,55,,,,98,83 COUNTY ROAD 37,HEIDELBERG,MS,39439,IN SERVICE,9,24000,JASPER,28061,USA,31.829229,-88.962487
GCOMP237,TRANSCONTINENTAL GAS PIPE LINE COMPANY L.L.C.,NO. 80 SANDERVILLE,Technician-02,5/18/2023,11/14/2023,6,55,,,,99,1666 BONNER ROAD,HEIDELBERG,MS,39439,IN SERVICE,18,71000,JASPER,28061,USA,31.815174,-89.049347
GCOMP999,WILLIAMS COS. INC.,HEIDELBERG #105,Technician-03,11/20/2022,11/15/2023,12,55,,,,80,COUNTY ROAD 3711,HEIDELBERG,MS,39439,IN SERVICE,2,9000,JASPER,28061,USA,31.855868,-88.965459
GCOMP497,TEXAS EASTERN TRANSMISSION L.P.,UNION CHURCH,Technician-04,5/5/2023,11/1/2023,6,55,,,,75,3109 TEXAS EASTERN ROAD,UNION CHURCH,MS,39668,IN SERVICE,13,32050,JEFFERSON,28063,USA,31.62769675,-90.75596061
GCOMP1241,SOUTHEAST SUPPLY HEADER L.L.C.,GWINVILLE,Technician-05,11/20/2022,11/15/2023,12,55,,,,70,PARKMAN CEMETERY ROAD,PRENTISS,MS,39474,IN SERVICE,2,30000,JEFFERSON DAVIS,28065,USA,31.696415,-89.902063
GCOMP1300,SOUTHERN NATURAL GAS COMPANY L.L.C.,GWINVILLE,Technician-06,3/4/2023,11/29/2023,9,55,20,40,,60,SONAT ROAD/ WEST OF MS-13,GWINVILLE,MS,39149,IN SERVICE,9,23160,JEFFERSON DAVIS,28065,USA,31.75854277,-89.87863779
GCOMP1250,TENNESSEE GAS PIPELINE COMPANY L.L.C.,#542 - DEKALB,Technician-07,6/4/2023,12/1/2023,6,55,,40,,50,PUMPING STATION ROAD AND BLACKWATER ROAD,DE KALB,MS,39328,IN SERVICE,5,29500,KEMPER,28069,USA,32.64009853,-88.66062815
GCOMP707,TENNESSEE GAS PIPELINE COMPANY L.L.C.,#534 - PURVIS,Technician-08,6/10/2023,12/7/2023,6,55,,40,,25,560 PUMPING STATION ROAD,PURVIS,MS,39475,IN SERVICE,7,26000,LAMAR,28073,USA,31.068246,-89.297498
GCOMP550,GULF SOUTH PIPELINE COMPANY L.P.,MCCOMB,Technician-09,12/20/2022,12/15/2023,12,55,,40,,100,37 ALEXANDER ROAD,JAYESS,MS,39641,IN SERVICE,5,37300,LAWRENCE,28077,USA,31.33173551,-90.21936646
GCOMP668,TENNESSEE GAS PIPELINE COMPANY L.L.C.,#546 - COLUMBUS,Technician-10,4/5/2023,12/31/2023,9,55,,40,,100,511 CROWE ROAD,COLUMBUS,MS,39702,IN SERVICE,8,30000,LOWNDES,28087,USA,33.449728,-88.360271
GCOMP562,SOUTHERN NATURAL GAS COMPANY L.L.C.,PEARL RIVER,Technician-11,11/20/2022,11/15/2023,12,55,,40,,100,378 WHITE BLUFF ROAD,FOXWORTH,MS,39483,IN SERVICE,2,13000,MARION,28091,USA,31.32595805,-90.04575785
GCOMP40,SOUTHERN NATURAL GAS COMPANY L.L.C.,MULDON,Technician-12,5/21/2023,11/17/2023,6,55,,40,,100,10156 OLD MAGNOLIA HIGHWAY,MULDON,MS,39730,IN SERVICE,3,21750,MONROE,28095,USA,33.745197,-88.660638
GCOMP317,TEXAS EASTERN TRANSMISSION L.P.,EGYPT,Technician-13,5/23/2023,11/19/2023,6,55,,40,,100,20161 OLD HOUSTON ROAD,ABERDEEN,MS,39730,IN SERVICE,3,55000,MONROE,28095,USA,33.87025481,-88.69241243
GCOMP509,ANR PIPELINE COMPANY,SARDIS,Technician-14,5/25/2023,11/21/2023,6,55,,40,,100,327 HOLLY GROVE ROAD,SARDIS,MS,38666,IN SERVICE,5,20320,PANOLA,28107,USA,34.42495526,-90.12566576
GCOMP881,TENNESSEE GAS PIPELINE COMPANY L.L.C.,#63 - BATESVILLE,Technician-15,5/27/2023,11/23/2023,6,55,,40,,100,8450 HIGHWAY 6 W,BATESVILLE,MS,38606,IN SERVICE,23,38150,PANOLA,28107,USA,34.29510521,-90.07418186
GCOMP316,FLORIDA GAS TRANSMISSION COMPANY L.L.C.,STATION 10,Technician-16,11/16/2022,11/11/2023,12,55,20,40,,100,201 FLORIDA GAS ROAD.,WIGGINS,MS,39577,IN SERVICE,8,20600,PERRY,28111,USA,30.948215,-89.026802
GCOMP621,GULF SOUTH PIPELINE COMPANY L.P.,HARRISVILLE#1 - RECIP,Technician-17,11/19/2022,11/14/2023,12,55,,40,,100,444A TWIN LAKES ROAD,FLORENCE,MS,39073,IN SERVICE,4,18940,RANKIN,28121,USA,32.02917726,-90.14374374
GCOMP622,GULF SOUTH PIPELINE COMPANY L.P.,HARRISVILLE#2 - TURBINE,Technician-18,11/20/2022,11/15/2023,12,55,20,40,,100,444A TWIN LAKES ROAD,FLORENCE,MS,39073,IN SERVICE,2,26660,RANKIN,28121,USA,32.02909625,-90.14250891
GCOMP45,GULF SOUTH PIPELINE COMPANY L.P.,JACKSON,Technician-19,5/5/2023,11/1/2023,6,55,,40,,100,1020 NORTH FOXHALL ROAD,FLOWOOD,MS,39232,IN SERVICE,5,37300,RANKIN,28121,USA,32.30166509,-90.09292094
GCOMP283,SOUTHERN NATURAL GAS COMPANY L.L.C.,RANKIN,Technician-20,11/20/2022,11/15/2023,12,55,20,,,100,191 ANDREW CHAPEL ROAD,BRANDON,MS,39042,IN SERVICE,3,4050,RANKIN,28121,USA,32.28907543,-89.9133087
GCOMP1113,SOUTHERN NATURAL GAS COMPANY L.L.C.,ONWARD,Technician-21,6/2/2023,11/29/2023,6,55,,,,100,HIGHWAY 61 SOUTH,ONWARD,MS,39159,IN SERVICE,5,7600,SHARKEY,28125,USA,32.71623822,-90.94070733
GCOMP876,TRUNKLINE GAS COMPANY L.L.C.,MISSISSIPPI-INDEPENDENCE-TATE COUNTY,Technician-22,3/6/2023,12/1/2023,9,55,,40,,25,8354 HIGHWAY 305,COLDWATER,MS,38618,IN SERVICE,8,27000,TATE,28137,USA,34.741656,-89.809182
GCOMP150,TENNESSEE GAS PIPELINE COMPANY L.L.C.,#851 - NEW ALBANY,Technician-23,11/20/2022,11/15/2023,12,55,20,,,33,1362 COUNTY ROAD 81,NEW ALBANY,MS,38652,IN SERVICE,8,13600,UNION,28145,USA,34.53916751,-89.013538
GCOMP918,TRANSCONTINENTAL GAS PIPE LINE COMPANY L.L.C.,NO. 70 TYLERTOWN,Technician-24,5/21/2023,11/17/2023,6,55,,,,49,967 HIGHWAY 583 N,TYLERTOWN,MS,39667,IN SERVICE,6,47390,WALTHALL,28147,USA,31.246931,-90.199188
GCOMP156,ANR PIPELINE COMPANY,GREENVILLE,Technician-25,11/24/2022,11/19/2023,12,55,,,,51,1387 SOUTH RACEWAY ROAD,GREENVILLE,MS,38703,IN SERVICE,8,30830,WASHINGTON,28151,USA,33.37220737,-91.00377499
GCOMP439,TENNESSEE GAS PIPELINE COMPANY L.L.C.,#54 - GREENVILLE,Technician-01,5/25/2023,11/21/2023,6,55,,,Y,66,272 TENNESSEE GAS ROAD,GREENVILLE,MS,38701,IN SERVICE,16,38970,WASHINGTON,28151,USA,33.35838456,-91.05602224
GCOMP39,TEXAS GAS TRANSMISSION L.L.C.,GREENVILLE,Technician-02,11/28/2022,11/23/2023,12,55,20,40,,67,1012 BEAUCHAMP STREET,GREENVILLE,MS,38701,IN SERVICE,11,43026,WASHINGTON,28151,USA,33.39318609,-91.01681879
GCOMP821,SOUTHERN NATURAL GAS COMPANY L.L.C.,LOUISVILLE,Technician-03,11/16/2022,11/11/2023,12,55,,,,92,709 METTS STREET,LOUISVILLE,MS,39339,IN SERVICE,16,16900,WINSTON,28159,USA,33.13478371,-89.07039289
GCOMP967,TENNESSEE GAS PIPELINE COMPANY L.L.C.,#847 - COFFEEVILLE,Technician-04,11/19/2022,11/14/2023,12,55,,40,,93,COUNTY ROAD 156/NORTH OF COUNTY ROAD 72,COFFEEVILLE,MS,38922,IN SERVICE,2,13400,YALOBUSHA,28161,USA,33.90757087,-89.78544177
GCOMP523,SOUTHERN NATURAL GAS COMPANY L.L.C.,PICKENS,Technician-05,11/20/2022,11/15/2023,12,55,,,,94,340 GAS PLANT ROAD,PICKENS,MS,39179,IN SERVICE,2,5200,YAZOO,28163,USA,32.878289,-89.9724598
GCOMP673,TEXAS EASTERN TRANSMISSION L.P.,YAZOO CITY,Technician-06,5/5/2023,11/1/2023,6,55,,,,95,5170 RACETRACK ROAD,YAZOO,MS,39194,IN SERVICE,1,8000,YAZOO,28163,USA,32.88423838,-90.42526937
GCOMP352,WILLISTON BASIN INTERSTATE PIPELINE COMPANY,HARDIN,Technician-07,11/20/2022,11/15/2023,12,55,20,,,96,2185 MT-384,CROW AGENCY,MT,59022,IN SERVICE,4,2640,BIG HORN,30003,USA,45.73897799,-107.5454761
GCOMP1171,WILLISTON BASIN INTERSTATE PIPELINE COMPANY,WILLOW CREEK,Technician-08,6/2/2023,11/29/2023,6,55,,40,,97,N OF US 212 NEAR WY-ND BORDER,ALZADA,MT,59311,IN SERVICE,2,7100,CARTER,30011,USA,45.156322,-104.708232
GCOMP1118,WILLISTON BASIN INTERSTATE PIPELINE COMPANY,HATHAWAY,Technician-09,12/6/2022,12/1/2023,12,55,,,,98,I-94 W (W OF MOON CREEK ROAD/OFF FRONTAGE ROAD),MILES CITY,MT,59301,IN SERVICE,2,7358,CUSTER,30017,USA,46.316949,-106.075515
GCOMP143,WILLISTON BASIN INTERSTATE PIPELINE COMPANY,MORGAN CREEK,Technician-10,6/10/2023,12/7/2023,6,55,,,Y,99,1343 MT-16,GLENDIVE,MT,59330,IN SERVICE,3,2400,DAWSON,30021,USA,47.270905,-104.610779
GCOMP1035,WILLISTON BASIN INTERSTATE PIPELINE COMPANY,SOUTH BAKER,Technician-11,6/18/2023,12/15/2023,6,55,,,,80,EAST OF CORAL CREEK ROAD/ (5.83 MILES SE OF BAKER),BAKER,MT,59313,IN SERVICE,2,3360,FALLON,30025,USA,46.30251188,-104.2017818
GCOMP1105,WILLISTON BASIN INTERSTATE PIPELINE COMPANY,BIG GUMBO,Technician-12,7/4/2023,12/31/2023,6,55,,,,75,HIGHWAY 12 NEAR ND BORDER (20 MILES SOUTHEAST OF BAKER),BAKER,MT,59313,IN SERVICE,2,3500,FALLON,30025,USA,46.12983214,-104.0683011
GCOMP1184,WILLISTON BASIN INTERSTATE PIPELINE COMPANY,MONARCH,Technician-13,11/22/2022,11/17/2023,12,55,20,,,70,"NE 1/4, SEC. 36, T9N, R58E",BAKER,MT,59313,IN SERVICE,4,8740,FALLON,30025,USA,46.49228,-104.35742
GCOMP1201,WILLISTON BASIN INTERSTATE PIPELINE COMPANY,BAKER BOOSTER HIGH PRESSURE,Technician-14,5/23/2023,11/19/2023,6,55,,,,60,"NORTHEAST OF SECTION 2, TOWNSHIP 7 NORTH, RANGE 59 EAST (EAST OF PENNEL ROAD/1.5 MILES NORTH OF BAKER)",BAKER,MT,59313,IN SERVICE,1,31206,FALLON,30025,USA,46.39469047,-104.2873191
GCOMP1202,WILLISTON BASIN INTERSTATE PIPELINE COMPANY,BAKER BOOSTER LOW PRESSURE,Technician-15,5/25/2023,11/21/2023,6,55,,,,50,"NORTHEAST OF SECTION 2, TOWNSHIP 7 NORTH, RANGE 59 EAST (EAST OF PENNEL ROAD/1.5 MILES NORTH OF BAKER)",BAKER,MT,59313,IN SERVICE,1,31206,FALLON,30025,USA,46.39433334,-104.2851112
GCOMP1203,WILLISTON BASIN INTERSTATE PIPELINE COMPANY,SANDSTONE,Technician-16,11/28/2022,11/23/2023,12,55,,,,25,"NORTHEAST OF SECTION 2, TOWNSHIP 7 NORTH, RANGE 59 EAST (EAST OF PENNEL ROAD/1.5 MILES NORTH OF BAKER)",BAKER,MT,59313,IN SERVICE,3,5040,FALLON,30025,USA,46.39432886,-104.2862694
GCOMP1322,WILLISTON BASIN INTERSTATE PIPELINE COMPANY,LITTLE BEAVER,Technician-17,5/15/2023,11/11/2023,6,55,,,,100,T4N R62E S18 SE (NE OF LITTLE BEAVER ROAD),BAKER,MT,59313,IN SERVICE,4,4100,FALLON,30025,USA,46.09774633,-104.0648658
GCOMP227,WILLISTON BASIN INTERSTATE PIPELINE COMPANY,CABIN CREEK,Technician-18,11/19/2022,11/14/2023,12,55,,,,100,1629 CABIN CREEK ROAD,BAKER,MT,59313,IN SERVICE,10,14144,FALLON,30025,USA,46.61381401,-104.4189515
GCOMP753,WILLISTON BASIN INTERSTATE PIPELINE COMPANY,BAKER,Technician-19,5/19/2023,11/15/2023,6,55,,,,100,63 BERWALD ROAD; P.O. BOX 1527,BAKER,MT,59313,IN SERVICE,7,4780,FALLON,30025,USA,46.36903,-104.26116
GCOMP730,WILLISTON BASIN INTERSTATE PIPELINE COMPANY,VIDA,Technician-20,11/6/2022,11/1/2023,12,55,20,,,100,593 MT-201; N1/2 NE1/4 SEC 27 T25N R49E,VIDA,MT,59274,IN SERVICE,4,2400,MCCONE,30055,USA,47.89665171,-105.3729028
GCOMP1246,TC PIPELINES L.P.,#2 - ROOSEVELT COUNTY,Technician-21,2/18/2023,11/15/2023,9,55,,,,100,POWDER RIVER ROAD,WOLF POINT,MT,59201,IN SERVICE,1,20000,ROOSEVELT,30085,USA,48.4174034,-105.5364482
GCOMP29,TC PIPELINES L.P.,#3 - ROOSEVELT COUNTY,Technician-22,6/2/2023,11/29/2023,6,55,,,,100,10 MILES NE OF CULBERTSON,FROID,MT,59226,IN SERVICE,1,38000,ROOSEVELT,30085,USA,48.21010214,-104.3914856
GCOMP142,NORTH WESTERN ENERGY,BIG SANDY,Technician-23,6/4/2023,12/1/2023,6,55,,,,100,134 W PARKMONT,BUTTE,MT,59601,IN SERVICE,3,9000,SILVER BOW,30093,USA,45.929805,-112.52443
GCOMP1213,TC PIPELINES L.P.,#1 - VALLEY COUNTY,Technician-24,12/12/2022,12/7/2023,12,55,,,,100,OFF OF BRITCH ROAD,GLASGOW,MT,59230,IN SERVICE,1,38000,VALLEY,30105,USA,48.63216,-106.68345
GCOMP1302,WILLISTON BASIN INTERSTATE PIPELINE COMPANY,SACO,Technician-25,3/20/2023,12/15/2023,9,55,,,,100,"SOUTH OF US-2/EAST OF BEAVERTON ROAD; BTW BEAVERTON ROAD, BEAVERTON E",HINSDALE,MT,59241,IN SERVICE,5,3360,VALLEY,30105,USA,48.443467,-107.247278
GCOMP377,WILLISTON BASIN INTERSTATE PIPELINE COMPANY,FORT PECK,Technician-01,1/5/2023,12/31/2023,12,55,,,,100,23 MDU ROAD,NASHUA,MT,59248,IN SERVICE,3,2400,VALLEY,30105,USA,48.06169816,-106.4317259
GCOMP77,TRANSCONTINENTAL GAS PIPE LINE COMPANY L.L.C.,NO. 145 GROVER,Technician-02,5/19/2023,11/15/2023,6,55,,,,100,111 TRANSCO ROAD,GROVER,NC,28073,IN SERVICE,3,37500,CLEVELAND,37045,USA,35.170877,-81.410907
GCOMP769,TRANSCONTINENTAL GAS PIPE LINE COMPANY L.L.C.,NO. 155 LEXINGTON,Technician-03,5/21/2023,11/17/2023,6,55,20,,,100,650 BECKY HILL ROAD,LEXINGTON,NC,27295,IN SERVICE,6,22300,DAVIDSON,37057,USA,35.879781,-80.329941
GCOMP391,TRANSCONTINENTAL GAS PIPE LINE COMPANY L.L.C.,NO. 150 DAVIDSON,Technician-04,5/23/2023,11/19/2023,6,55,,,,100,236 TRANSCO ROAD,MOORESVILLE,NC,28117,IN SERVICE,16,54300,IREDELL,37097,USA,35.525254,-80.858955
GCOMP448,COLUMBIA GAS TRANSMISSION L.L.C.,PLEASANT HILL,Technician-05,5/25/2023,11/21/2023,6,55,,,,25,2784 NC 48 HIGHWAY,PLEASANT HILL,NC,27866,IN SERVICE,3,1200,NORTHAMPTON,37131,USA,36.531436,-77.562906
GCOMP612,TRANSCONTINENTAL GAS PIPE LINE COMPANY L.L.C.,NO. 160 REIDSVILLE,Technician-06,11/28/2022,11/23/2023,12,55,,,,33,4300 NC HIGHWAY 65,REIDSVILLE,NC,27320,IN SERVICE,16,54520,ROCKINGHAM,37157,USA,36.3423,-79.820398
GCOMP199,ALLIANCE PIPELINE,WIMBLEDON,Technician-07,11/16/2022,11/11/2023,12,55,,,,49,1540 98TH AVENUE SE,WIMBLEDON,ND,58492,IN SERVICE,1,31206,BARNES,38003,USA,47.19249336,-98.42326735
GCOMP883,WILLISTON BASIN INTERSTATE PIPELINE COMPANY,BISMARCK,Technician-08,11/19/2022,11/14/2023,12,55,,,,51,850 57TH AVENUE NW,BISMARCK,ND,58503,IN SERVICE,4,4991,BURLEIGH,38015,USA,46.86757327,-100.8050759
GCOMP59,TC PIPELINES L.P.,#5 - DUNN COUNTY,Technician-09,5/19/2023,11/15/2023,6,55,,,,66,10510 11TH STREET SW,MANNING,ND,58642,IN SERVICE,1,38000,DUNN,38025,USA,47.25482515,-102.717376
GCOMP107,WILLISTON BASIN INTERSTATE PIPELINE COMPANY,MANNING,Technician-10,11/6/2022,11/1/2023,12,55,,,,67,11TH STREET SW (EAST OF HIGHWAY 22),MANNING,ND,58642,IN SERVICE,3,8915,DUNN,38025,USA,47.25518,-102.7381753
GCOMP239,WILLISTON BASIN INTERSTATE PIPELINE COMPANY,GOLVA,Technician-11,5/19/2023,11/15/2023,6,55,,,,92,167TH AVENUE SW/49 STREET SW,GOLVA,ND,58632,IN SERVICE,2,7100,GOLDEN VALLEY,38033,USA,46.70477199,-103.9667269
GCOMP560,WILLISTON BASIN INTERSTATE PIPELINE COMPANY,STEELE,Technician-12,3/4/2023,11/29/2023,9,55,20,40,,93,3764 ND-3,STEELE,ND,58482,IN SERVICE,4,45400,KIDDER,38043,USA,46.87135795,-99.92113178
GCOMP1200,ALLIANCE PIPELINE,TOWNER,Technician-13,12/6/2022,12/1/2023,12,55,,40,Y,94,NORTH OF US ROUTE 2/CENTER AVENUE,TOWNER,ND,58788,IN SERVICE,1,31206,MCHENRY,38049,USA,48.31324082,-100.5818633
GCOMP909,TC PIPELINES L.P.,#8 - MCINTOSH COUNTY,Technician-14,6/10/2023,12/7/2023,6,55,,40,Y,95,9305 28TH AVENUE SOUTHEAST,ZEELAND,ND,58581,IN SERVICE,1,38000,MCINTOSH,38051,USA,46.066797,-99.796494
GCOMP202,NORTHERN NATURAL GAS COMPANY,FORT BUFORD,Technician-15,12/20/2022,12/15/2023,12,55,,40,,96,"154TH AVENUE/COUNTY ROAD 16; SECTION 4, TOWNSHIP 151 NORTH, RANGE 103 WEST",BUFORD,ND,58801,IN SERVICE,3,3100,MCKENZIE,38053,USA,47.93094397,-103.8733171
GCOMP413,TC PIPELINES L.P.,#4 - MCKENZIE COUNTY,Technician-16,7/4/2023,12/31/2023,6,55,,40,,97,2461 136TH AVENUE NW,ARNEGARD,ND,58835,IN SERVICE,1,20000,MCKENZIE,38053,USA,47.76970014,-103.4995476
GCOMP197,WILLISTON BASIN INTERSTATE PIPELINE COMPANY,CHARBONNEAU,Technician-17,1/15/2023,1/15/2024,12,55,,40,Y,98,15359 36TH STREET NW,CARTWRIGHT,ND,58838,IN SERVICE,6,19500,MCKENZIE,38053,USA,47.92942027,-103.8738511
GCOMP752,TC PIPELINES L.P.,#7 - MORTON COUNTY,Technician-18,2/15/2023,2/15/2024,12,55,,40,,99,6245 COUNTY ROAD 81,SAINT ANTHONY,ND,58566,IN SERVICE,1,38000,MORTON,38059,USA,46.514544,-100.8006521
GCOMP593,TC PIPELINES L.P.,#6 - MORTON COUNTY,Technician-19,3/15/2023,3/15/2024,12,55,,40,,80,4090 62ND AVENUE; 3 MILES E OF GLEN ULLIN ON COUNTY ROAD,GLEN ULLIN,ND,58631,IN SERVICE,1,38000,MORTON,38059,USA,46.82100966,-101.7583653
GCOMP1187,WILLISTON BASIN INTERSTATE PIPELINE COMPANY,GLEN ULLIN,Technician-20,4/15/2023,4/15/2024,12,55,,40,,75,NE1/4 NE1/4 S21-T139N-R88W (ON 39TH STREET/WEST OF HIGHWAY 49); WEST OF INTERSECTION BETWEEN 39TH STREET AND ND-49,GLEN ULLIN,ND,58631,IN SERVICE,2,5300,MORTON,38059,USA,46.8475,-101.783055
GCOMP255,ALLIANCE PIPELINE,FAIRMOUNT,Technician-21,5/15/2023,5/15/2024,6,55,,40,,70,17953 98TH STREET SE,FAIRMOUNT,ND,58030,IN SERVICE,1,31206,RICHLAND,38077,USA,45.99499872,-96.64766998
GCOMP331,WILLISTON BASIN INTERSTATE PIPELINE COMPANY,DICKINSON,Technician-22,6/15/2023,6/15/2024,12,55,20,40,,60,2069 MAIN S,DICKINSON,ND,58601,IN SERVICE,4,3230,STARK,38089,USA,46.84614792,-102.7883307
GCOMP735,WILLISTON BASIN INTERSTATE PIPELINE COMPANY,CLEVELAND,Technician-23,7/15/2023,7/15/2024,6,55,,40,,50,6005 35TH STREET SE; NE1/4 S31-T140N-R67W,CLEVELAND,ND,58424,IN SERVICE,7,81500,STUTSMAN,38093,USA,46.904896,-99.179051
GCOMP140,WILLISTON BASIN INTERSTATE PIPELINE COMPANY,WILLISTON,Technician-24,8/15/2023,8/15/2024,12,55,20,40,,25,13369 56TH STREET NW; SE1/4 SW1/4 S20-T155N-R100W,WILLISTON,ND,58801,IN SERVICE,1,1005,WILLIAMS,38105,USA,48.227672,-103.575721
GCOMP429,TALLGRASS INTERSTATE GAS TRANSMISSION L.L.C.,ALBION,Technician-25,9/15/2023,9/15/2024,6,55,,40,,100,2593 240TH AVENUE,ALBION,NE,68620,IN SERVICE,4,3300,BOONE,31011,USA,41.71199371,-98.02381275
GCOMP460,TALLGRASS INTERSTATE GAS TRANSMISSION L.L.C.,NEBRASKA HUNTSMAN FIELD,Technician-01,10/15/2023,10/15/2024,6,55,20,,,100,2884 ROAD 111,SIDNEY,NE,69162,IN SERVICE,7,10860,CHEYENNE,31033,USA,41.198317,-102.991565
GCOMP461,TALLGRASS INTERSTATE GAS TRANSMISSION L.L.C.,NEBRASKA HUNTSMAN FIELD -WEST ENGELLAND (NOT OPERATED),Technician-02,11/15/2023,11/15/2024,6,55,,,,100,2884 ROAD 111,SIDNEY,NE,69162,IN SERVICE,1,140,CHEYENNE,31033,USA,41.198203,-102.993307
GCOMP842,TALLGRASS INTERSTATE GAS TRANSMISSION L.L.C.,LEXINGTON,Technician-03,12/15/2023,12/15/2024,12,55,,40,Y,100,75780 ROAD 435,LEXINGTON,NE,68850,IN SERVICE,4,4410,DAWSON,31047,USA,40.81310721,-99.70894764
GCOMP298,TALLGRASS INTERSTATE GAS TRANSMISSION L.L.C.,BIG SPRINGS,Technician-04,5/19/2023,11/15/2023,6,55,20,,,100,19726 US-30,BIG SPRINGS,NE,69122,IN SERVICE,8,11245,DEUEL,31049,USA,41.092484,-102.167706
GCOMP362,NATURAL GAS PIPELINE COMPANY OF AMERICA L.L.C.,STATION 106 - BEATRICE,Technician-05,11/22/2022,11/17/2023,12,55,,,,100,22140 HOMESTEAD EXPRESSWAY,BEATRICE,NE,68310,IN SERVICE,3,14350,GAGE,31067,USA,40.314235,-96.745504
GCOMP490,NORTHERN NATURAL GAS COMPANY,BEATRICE,Technician-06,5/23/2023,11/19/2023,6,55,,,,100,30694 US HIGHWAY 77,BEATRICE,NE,68310,IN SERVICE,8,35900,GAGE,31067,USA,40.22008805,-96.74282338
GCOMP665,ROCKIES EXPRESS PIPELINE L.L.C.,R28274008 AT STEELE CITY,Technician-07,11/26/2022,11/21/2023,12,55,,,,100,50731 W 131 ROAD,ODELL,NE,68415,IN SERVICE,2,31012,GAGE,31067,USA,40.016778,-96.897791
GCOMP408,TRAILBLAZER PIPELINE COMPANY L.L.C.,STATION 603 - HEARTWELL,Technician-08,5/27/2023,11/23/2023,6,55,20,40,,100,2442 P ROAD,HEARTWELL,NE,68945,IN SERVICE,2,20000,KEARNEY,31099,USA,40.55463508,-98.73520017
GCOMP1106,TALLGRASS INTERSTATE GAS TRANSMISSION L.L.C.,KIMBALL JUNCTION,Technician-09,11/16/2022,11/11/2023,12,55,,,,100,HIGHWAY 12/HIGHWAY 45,KIMBALL,NE,69145,IN SERVICE,2,2208,KIMBALL,31105,USA,41.07547508,-103.6199634
GCOMP614,TALLGRASS INTERSTATE GAS TRANSMISSION L.L.C.,NORTH PLATTE,Technician-10,2/17/2023,11/14/2023,9,55,,40,,100,4317 N WASHBOARD ROAD,NORTH PLATTE,NE,69101,IN SERVICE,5,7150,LINCOLN,31111,USA,41.17002117,-100.7641635
GCOMP1343,TRAILBLAZER PIPELINE COMPANY L.L.C.,STATION 602 - WELLFLEET,Technician-11,5/19/2023,11/15/2023,6,55,,,,100,US-83,WELLFLEET,NE,69170,IN SERVICE,2,20000,LINCOLN,31111,USA,40.82452735,-100.7502572
GCOMP69,TALLGRASS INTERSTATE GAS TRANSMISSION L.L.C.,GRAND ISLAND,Technician-12,5/5/2023,11/1/2023,6,55,,,,100,108 D ROAD,GRAND ISLAND,NE,68801,IN SERVICE,4,2650,MERRICK,31121,USA,40.97342828,-98.28158537
GCOMP395,NATURAL GAS PIPELINE COMPANY OF AMERICA L.L.C.,STATION 196 - SYRACUSE,Technician-13,11/20/2022,11/15/2023,12,55,20,,,25,2380 COUNTY ROAD E,SYRACUSE,NE,68446,IN SERVICE,2,24000,OTOE,31131,USA,40.724562,-96.23736
GCOMP101,NORTHERN NATURAL GAS COMPANY,PALMYRA,Technician-14,3/4/2023,11/29/2023,9,55,,40,,33,1170 NORTH 10TH ROAD,PALMYRA,NE,68418,IN SERVICE,12,31755,OTOE,31131,USA,40.74680679,-96.37578775
GCOMP1024,ROCKIES EXPRESS PIPELINE L.L.C.,R28264007 AT BERTRAND,Technician-15,12/6/2022,12/1/2023,12,55,,,,49,E ROAD/SOUTH OF 735 ROAD,BERTRAND,NE,68927,IN SERVICE,5,35082,PHELPS,31137,USA,40.475154,-99.550596
GCOMP380,TALLGRASS INTERSTATE GAS TRANSMISSION L.L.C.,HOLDREGE,Technician-16,5/19/2023,11/15/2023,6,55,,,,51,2304 LINCOLN STREET,HOLDREGE,NE,68949,IN SERVICE,3,3000,PHELPS,31137,USA,40.45318619,-99.36012023
GCOMP830,TENNESSEE GAS PIPELINE COMPANY L.L.C.,#270 - CONCORD,Technician-17,5/21/2023,11/17/2023,6,55,,,,66,73 INDUSTRIAL PARK DRIVE,PELHAM,NH,3076,IN SERVICE,1,6053,HILLSBOROUGH,33011,USA,42.784022,-71.357465
GCOMP826,TRANSCONTINENTAL GAS PIPE LINE COMPANY L.L.C.,OTHER: NO. 240 HACKENSACK MEADOWS,Technician-18,5/23/2023,11/19/2023,6,55,,,,67,718 PATERSON PLANK ROAD,CARLSTADT,NJ,7072,IN SERVICE,5,4320,BERGEN,34003,USA,40.808564,-74.062388
GCOMP137,TEXAS EASTERN TRANSMISSION L.P.,LAMBERTVILLE,Technician-19,5/25/2023,11/21/2023,6,55,20,,,92,"1325 ROUTE 179,HIGHWAY 179NO.",LAMBERTVILLE,NJ,8530,IN SERVICE,5,31600,HUNTERDON,34019,USA,40.40177775,-74.9090956
GCOMP500,TRANSCONTINENTAL GAS PIPE LINE COMPANY L.L.C.,NO. 205 LAWRENCEVILLE,Technician-20,11/28/2022,11/23/2023,12,55,,,,93,315 COLD SOIL ROAD,PRINCETON,NJ,8540,IN SERVICE,3,57000,MERCER,34021,USA,40.337539,-74.732468
GCOMP507,TRANSCONTINENTAL GAS PIPE LINE COMPANY L.L.C.,NO: 207 SAYREVILLE,Technician-21,11/16/2022,11/11/2023,12,55,,,,94,3200 BORDENTOWN AVENUE,SAYREVILLE,NJ,8857,IN SERVICE,5,37300,MIDDLESEX,34023,USA,40.441177,-74.315548
GCOMP625,ENBRIDGE INC.,HANOVER,Technician-22,11/19/2022,11/14/2023,12,55,,,,95,45 AIRPORT ROAD,MORRISTOWN,NJ,7960,IN SERVICE,3,22000,MORRIS,34027,USA,40.79988123,-74.42771752
GCOMP1214,TEXAS EASTERN TRANSMISSION L.P.,HANOVER,Technician-23,5/19/2023,11/15/2023,6,55,,,,96,OFF OF COLUMBIA TPKE,MORRISTOWN,NJ,7960,IN SERVICE,1,6500,MORRIS,34027,USA,40.791597,-74.429208
GCOMP61,TEXAS EASTERN TRANSMISSION L.P.,FRANKLIN (FREEHOLD),Technician-24,11/6/2022,11/1/2023,12,55,,,,97,106 WESTON ROAD,FRANKLIN TWP,NJ,8873,IN SERVICE,1,5000,SOMERSET,34035,USA,40.51559795,-74.55218671
GCOMP751,TRANSCONTINENTAL GAS PIPE LINE COMPANY L.L.C.,NO. 505 CENTERVILLE,Technician-25,5/19/2023,11/15/2023,6,55,,,,98,623 CASE ROAD,NESHANIC STATION,NJ,8853,IN SERVICE,8,16000,SOMERSET,34035,USA,40.532538,-74.730111
GCOMP229,TENNESSEE GAS PIPELINE COMPANY L.L.C.,#325 - SUSSEX,Technician-01,3/4/2023,11/29/2023,9,55,20,,,99,164 LIBERTYVILLE ROAD,SUSSEX,NJ,7461,IN SERVICE,2,20622,SUSSEX,34037,USA,41.244238,-74.646129
GCOMP1160,TEXAS EASTERN TRANSMISSION L.P.,LINDEN,Technician-02,12/6/2022,12/1/2023,12,55,,,,80,LOWER ROAD AND RANGE ROAD,LINDEN,NJ,7036,IN SERVICE,3,6150,UNION,34039,USA,40.6053,-74.2526
GCOMP1259,KINDER MORGAN INC.,ROSWELL,Technician-03,5/19/2023,11/15/2023,6,55,,,,75,RED BLUFF ROAD AND HIGHWAY 100; 6 PETRO DRIVE,ROSWELL,NM,88201,IN SERVICE,3,10200,CHAVES,35005,USA,33.711879,-104.549165
GCOMP763,TRANSWESTERN PIPELINE COMPANY L.L.C.,KEYSTONE,Technician-04,11/22/2022,11/17/2023,12,55,,,,70,6381 N MAIN STREET,ROSWELL,NM,88201,IN SERVICE,3,2860,CHAVES,35005,USA,33.510171,-104.516904
GCOMP1121,KINDER MORGAN INC.,LAGUNA,Technician-05,5/23/2023,11/19/2023,6,55,,,,60,INDIAN SERVICE ROUTE 522; 6 MILES EAST OF NEW LAGUNA,MESITA,NM,87038,IN SERVICE,3,10200,CIBOLA,35006,USA,34.993438,-107.315775
GCOMP78,TRANSWESTERN PIPELINE COMPANY L.L.C.,STATION 6,Technician-06,11/26/2022,11/21/2023,12,55,,,,50,111 LAGUNA TRIBAL SHOP ROAD; 2 MILES S OF I-40,CASA BLANCA,NM,87007,IN SERVICE,3,12000,CIBOLA,35006,USA,35.01641695,-107.404675
GCOMP1347,KINDER MORGAN INC.,AFTON,Technician-07,11/28/2022,11/23/2023,12,55,,,,25,W AFTON ROAD AND COUNTRY ROAD B009; 14 MILES WEST OF BERINO,BERINO,NM,88024,IN SERVICE,3,21450,DONA ANA,35013,USA,32.11378923,-106.8530023
GCOMP1085,KINDER MORGAN INC.,PECOS RIVER,Technician-08,11/16/2022,11/11/2023,12,55,,,,100,HIGHWAY 725; (17 MILES SW OF MALAGA),MALAGA,NM,88263,IN SERVICE,3,21450,EDDY,35015,USA,32.0634498,-104.0186985
GCOMP898,KINDER MORGAN INC.,WASHINGTON & TEXAS - STORAGE,Technician-09,11/19/2022,11/14/2023,12,55,20,,,100,9 MILES SW OF WHITE CITY,WHITE CITY,NM,88268,IN SERVICE,2,9000,EDDY,35015,USA,32.08234028,-104.4850114
GCOMP583,TRANSWESTERN PIPELINE COMPANY L.L.C.,ATOKA 3,Technician-10,5/19/2023,11/15/2023,6,55,,,,100,4.9 MILES SOUTH WEST OF ATOKA,ATOKA,NM,88210,IN SERVICE,5,37300,EDDY,35015,USA,32.71553165,-104.4448816
GCOMP814,TRANSWESTERN PIPELINE COMPANY L.L.C.,ATOKA 2,Technician-11,11/6/2022,11/1/2023,12,55,,,,100,7.5 MILES EAST OF ATOKA,ATOKA,NM,88210,IN SERVICE,4,3670,EDDY,35015,USA,32.77042788,-104.2692056
GCOMP900,TRANSWESTERN PIPELINE COMPANY L.L.C.,ATOKA 1,Technician-12,5/19/2023,11/15/2023,6,55,,,,100,9.8 MILES NEE OF ATOKA,ATOKA,NM,88210,IN SERVICE,5,2320,EDDY,35015,USA,32.78136198,-104.2269776
GCOMP356,TRANSWESTERN PIPELINE COMPANY L.L.C.,STATION WT-1,Technician-13,12/4/2022,11/29/2023,12,55,,,,100,22 MILES E OF CARLSBAD ON US 180,CARLSBAD,NM,88221,IN SERVICE,3,18000,EDDY,35015,USA,32.532188,-103.808889
GCOMP872,TRANSWESTERN PIPELINE COMPANY L.L.C.,CRAWFORD,Technician-14,6/4/2023,12/1/2023,6,55,,,,100,825 BOUNDS ROAD; 3 MILESW OF LOVING,LOVING,NM,88256,IN SERVICE,2,2200,EDDY,35015,USA,32.26297503,-104.1478959
GCOMP1334,KINDER MORGAN INC.,LORDSBURG,Technician-15,6/10/2023,12/7/2023,6,55,,,,100,ULMORRIS ROAD/I-70; 7 MILE E OF LORDSBURG,LORDSBURG,NM,88030,IN SERVICE,4,39560,HIDALGO,35023,USA,32.31598583,-108.6068003
GCOMP1077,KINDER MORGAN INC.,CAPROCK,Technician-16,6/18/2023,12/15/2023,6,55,,,,100,HIGHWAY 380; (13 MILES NW OF TATUM),TATUM,NM,88213,IN SERVICE,2,12740,LEA,35025,USA,33.33203392,-103.5752044
GCOMP1073,KINDER MORGAN INC.,EUNICE,Technician-17,1/5/2023,12/31/2023,12,55,,,,100,HIGHWAY 175 AND HIGHWAY 26; (1 MILE N OF OIL CENTER),OIL CENTER,NM,88240,IN SERVICE,4,21672,LEA,35025,USA,32.516483,-103.287286
GCOMP1078,KINDER MORGAN INC.,MONUMENT,Technician-18,5/19/2023,11/15/2023,6,55,20,40,,100,HIGHWAY 46; (5 KM E OF MONUMENT W OF HIGHWAY 8),MONUMENT,NM,88265,IN SERVICE,6,8000,LEA,35025,USA,32.61035225,-103.309739
GCOMP1183,NATURAL GAS PIPELINE COMPANY OF AMERICA L.L.C.,STATION 167 - LOVINGTON,Technician-19,11/22/2022,11/17/2023,12,55,,40,,100,NATURAL ROAD/HIGHWAY 82,LOVINGTON,NM,88260,IN SERVICE,3,6000,LEA,35025,USA,32.91293211,-103.6308523
GCOMP81,TRANSWESTERN PIPELINE COMPANY L.L.C.,MONUMENT,Technician-20,5/23/2023,11/19/2023,6,55,,40,,100,11285 W CARLSBAD HIGHWAY,HOBBS,NM,88240,IN SERVICE,2,2200,LEA,35025,USA,32.69609903,-103.284387
GCOMP978,TRANSWESTERN PIPELINE COMPANY L.L.C.,MALJAMAR,Technician-21,11/26/2022,11/21/2023,12,55,,40,,25,CONOCO ROAD; 4.5 MILES SE OF MALJAMAR,MALJAMAR,NM,88264,IN SERVICE,2,1960,LEA,35025,USA,32.81381794,-103.7719332
GCOMP987,KINDER MORGAN INC.,LINCOLN,Technician-22,5/27/2023,11/23/2023,6,55,,40,,33,COUNTRY ROAD A035 AND ELDA ROAD; 11 MILES S OF CORONA,CORONA,NM,88318,IN SERVICE,1,10680,LINCOLN,35027,USA,34.11642822,-105.6675324
GCOMP1329,TRANSWESTERN PIPELINE COMPANY L.L.C.,STATION 8,Technician-23,11/16/2022,11/11/2023,12,55,,40,,49,TRANSWESTERN ROAD; 27.6 MILES SW CORONA,CAPITAN,NM,88316,IN SERVICE,3,13000,LINCOLN,35027,USA,33.9193025,-105.3266797
GCOMP642,KINDER MORGAN INC.,FLORIDA,Technician-24,2/17/2023,11/14/2023,9,55,,40,,51,"4700 GERANIO ROAD SE; 20 MILE E OF DEMING, 1 MILE S HIGHWAY 80",DEMING,NM,88030,IN SERVICE,5,46900,LUNA,35029,USA,32.21725209,-107.4219497
GCOMP988,KINDER MORGAN INC.,DEMING,Technician-25,5/19/2023,11/15/2023,6,55,,40,,66,"COUNTRY ROAD D006; (13 MI W DEMING, 1 MI N OF I-10)",DEMING,NM,88030,IN SERVICE,10,23100,LUNA,35029,USA,32.25687876,-107.9971995
GCOMP1283,KINDER MORGAN INC.,BLUEWATER,Technician-01,5/5/2023,11/1/2023,6,55,20,40,,67,S IH 40 EXIT 53,THOREAU,NM,87323,IN SERVICE,3,21000,MCKINLEY,35031,USA,35.394078,-108.227804
GCOMP1079,KINDER MORGAN INC.,GALLUP,Technician-02,11/20/2022,11/15/2023,12,55,,40,,92,HIGHWAY 491; 7 MILES N OF TOHATCHI,TOHATCHI,NM,87325,IN SERVICE,2,34810,MCKINLEY,35031,USA,35.895291,-108.65005
GCOMP950,TRANSWESTERN PIPELINE COMPANY L.L.C.,STATION 5,Technician-03,3/4/2023,11/29/2023,9,55,20,,,93,CASTLE ROCK ROAD; 2 MILES N OF THOREAU,GALLUP,NM,87301,IN SERVICE,3,15000,MCKINLEY,35031,USA,35.42505,-108.236746
GCOMP813,TRANSWESTERN PIPELINE COMPANY L.L.C.,GALLUP,Technician-04,12/6/2022,12/1/2023,12,55,,,,94,7 MILES N OF TOHATCHI; RIGHT OFF OF US-491,TOHATCHI,NM,87325,IN SERVICE,1,15900,MCKINLEY,35031,USA,35.89494178,-108.6501897
GCOMP339,TRANSWESTERN PIPELINE COMPANY L.L.C.,STATION P-1,Technician-05,6/10/2023,12/7/2023,6,55,,40,,95,213 S ROOSEVELT ROAD U; 5.2 MILES NW OF PORTALES,PORTALES,NM,88130,IN SERVICE,1,3732,ROOSEVELT,35041,USA,34.22702961,-103.3843108
GCOMP1263,KINDER MORGAN INC.,RIO VISTA,Technician-06,5/19/2023,11/15/2023,6,55,20,,,96,ROAD 4990/SOUTH OF SULLIVAN ROAD,BLOOMFIELD,NM,87413,IN SERVICE,3,7820,SAN JUAN,35045,USA,36.693546,-107.979807
GCOMP863,KINDER MORGAN INC.,BLANCO PLANT,Technician-07,5/21/2023,11/17/2023,6,55,,,,97,81 COUNTY ROAD 4900,BLOOMFIELD,NM,87413,IN SERVICE,14,15400,SAN JUAN,35045,USA,36.732344,-107.961756
GCOMP1264,KINDER MORGAN INC.,SAN JUAN RIVER MAINLINE,Technician-08,5/23/2023,11/19/2023,6,55,,,,98,ROAD 6500; .75 MILES NORTH KIRTLAND,KIRTLAND,NM,87416,IN SERVICE,3,3480,SAN JUAN,35045,USA,36.75518696,-108.3670274
GCOMP1257,KINDER MORGAN INC.,WHITE ROCK,Technician-09,11/26/2022,11/21/2023,12,55,,,,99,ROAD 7295/WEST OF S-321 (22 MILES E OF NEWCOMB),NEWCOMB,NM,87455,IN SERVICE,2,23610,SAN JUAN,35045,USA,36.231549,-108.311274
GCOMP483,TRANSWESTERN PIPELINE COMPANY L.L.C.,BISTI,Technician-10,11/28/2022,11/23/2023,12,55,20,40,,80,30 M S OF FARMINGTON HIGHWAY 371,FARMINGTON,NM,87401,IN SERVICE,1,10000,SAN JUAN,35045,USA,36.27930195,-108.2706124
GCOMP504,TRANSWESTERN PIPELINE COMPANY L.L.C.,BLOOMFIELD,Technician-11,11/16/2022,11/11/2023,12,55,,,,75,3189 ARROYO DRIVE; 1 MILE NE OF BLOOMFIELD,BLOOMFIELD,NM,87413,IN SERVICE,3,21000,SAN JUAN,35045,USA,36.72828484,-107.9485044
GCOMP915,TRANSWESTERN PIPELINE COMPANY L.L.C.,STATION 7,Technician-12,5/18/2023,11/14/2023,6,55,,40,,70,950 CASTER RANCH ROAD,MOUNTAINAIR,NM,87036,IN SERVICE,3,13500,TORRANCE,35057,USA,34.34091506,-106.2983937
GCOMP582,KINDER MORGAN INC.,BELEN,Technician-13,11/20/2022,11/15/2023,12,55,,,,60,4.5 MILES SE OF BELEN OFF HIGHWAY 47,BELEN,NM,87002,IN SERVICE,2,11400,VALENCIA,35061,USA,34.53586,-106.679062
GCOMP1219,ANR PIPELINE COMPANY,FIELD: BLOCK 334B - H.I. (SEE FOOTNOTE),Technician-14,5/5/2023,11/1/2023,6,55,,,,50,OFFSHORE CS,NOT APPLICABLE,NOT APPLICABLE,NOT APPLICABLE,IN SERVICE,1,156,NOT APPLICABLE,NOT APPLICABLE,USA,28.13232422,-93.67590332
GCOMP1220,ANR PIPELINE COMPANY,FIELD: BLOCK 560 - W.C. (SEE FOOTNOTE),Technician-15,2/18/2023,11/15/2023,9,55,20,,Y,25,OFFSHORE CS,NOT APPLICABLE,NOT APPLICABLE,NOT APPLICABLE,IN SERVICE,1,1780,NOT APPLICABLE,NOT APPLICABLE,USA,28.271411,-93.169457
GCOMP1221,ANR PIPELINE COMPANY,FIELD: BLOCK 595D - H.I. (SEE FOOTNOTE),Technician-16,12/4/2022,11/29/2023,12,55,,40,,100,OFFSHORE CS,NOT APPLICABLE,NOT APPLICABLE,NOT APPLICABLE,IN SERVICE,1,133,NOT APPLICABLE,NOT APPLICABLE,USA,27.866556,-93.991107
GCOMP1222,ANR PIPELINE COMPANY,TRANS: BLOCK 334A - H.I.,Technician-17,6/4/2023,12/1/2023,6,55,,,,100,OFFSHORE CS,NOT APPLICABLE,NOT APPLICABLE,NOT APPLICABLE,IN SERVICE,1,205,NOT APPLICABLE,NOT APPLICABLE,USA,28.13235843,-93.67586911
GCOMP1223,ANR PIPELINE COMPANY,TRANS: BLOCK 188 - E.I. -- OFFSHORE CS,Technician-18,12/12/2022,12/7/2023,12,55,,,,100,OFFSHORE CS,NOT APPLICABLE,NOT APPLICABLE,NOT APPLICABLE,IN SERVICE,3,50400,NOT APPLICABLE,NOT APPLICABLE,USA,28.39812943,-92.2596923
GCOMP1224,SEA ROBIN PIPELINE COMPANY L.L.C.,LOUISIANA - VERMILION AREA BLOCK 149 OFFSHORE,Technician-19,6/18/2023,12/15/2023,6,55,,,,100,OFFSHORE GULF OF MEXICO,NOT APPLICABLE,NOT APPLICABLE,NOT APPLICABLE,IN SERVICE,2,24700,NOT APPLICABLE,NOT APPLICABLE,USA,28.991901,-92.292398
GCOMP1225,TEXAS GAS TRANSMISSION L.L.C.,BLOCK A 334A - HIOS,Technician-20,1/5/2023,12/31/2023,12,55,,,,100,OFFSHORE GULF OF MEXICO,NOT APPLICABLE,NOT APPLICABLE,NOT APPLICABLE,IN SERVICE,0,0,NOT APPLICABLE,NOT APPLICABLE,USA,28.120637,-93.674194
GCOMP1226,TRUNKLINE GAS COMPANY L.L.C.,OFFSHORE - T-25 SHIP SHOAL BLK 139,Technician-21,11/24/2022,11/19/2023,12,55,20,,,100,OFFSHORE GULF OF MEXICO,NOT APPLICABLE,NOT APPLICABLE,NOT APPLICABLE,IN SERVICE,3,28950,NOT APPLICABLE,NOT APPLICABLE,USA,28.788827,-90.950226
GCOMP175,KERN RIVER GAS TRANSMISSION COMPANY,GOODSPRINGS,Technician-22,11/26/2022,11/21/2023,12,55,,,,100,"1455 HIGHWAY 161; (1.5 MILE SE GOODSPRINGS, T25S, R59E, SECTION 6 AND T24S, R59E, SECTION 31)",JEAN,NV,89019,IN SERVICE,3,45000,CLARK,32003,USA,35.809291,-115.411696
GCOMP309,KERN RIVER GAS TRANSMISSION COMPANY,DRY LAKE,Technician-23,11/28/2022,11/23/2023,12,55,,,,100,"2.6 MILES NORTH INTERSECTION US HIGHWAY 15 AND NV ROUTE 93; (2 KM FROM GARNET, NV)",GARNET,NV,89037,IN SERVICE,2,31000,CLARK,32003,USA,36.418892,-114.89434
GCOMP1288,RUBY PIPELINE L.L.C.,WIELAND FLAT,Technician-24,5/15/2023,11/11/2023,6,55,,,Y,100,SAGECREST DRIVE (32 MILES NORTH OF ELKO),ELKO,NV,89801,IN SERVICE,2,39662,ELKO,32007,USA,41.24412101,-115.7956037
GCOMP209,RUBY PIPELINE L.L.C.,DESERT VALLEY,Technician-25,11/19/2022,11/14/2023,12,55,,,,100,"15855 BOTTLE CREEK ROAD, ALONG STATE ROUTE 140, 26 MILE NW OF H",DENIO,NV,89404,IN SERVICE,1,19831,HUMBOLDT,32013,USA,41.44589195,-118.2748701
GCOMP361,NATIONAL FUEL GAS SUPPLY CORPORATION,INDEPENDENCE,Technician-01,5/19/2023,11/15/2023,6,55,,,,100,2210 COUNTY ROAD 22,INDEPENDENCE,NY,14806,IN SERVICE,4,5000,ALLEGANY,36003,USA,42.094525,-77.780484
GCOMP1243,NATIONAL FUEL GAS SUPPLY CORPORATION,BEECH HILL,Technician-02,11/6/2022,11/1/2023,12,55,,,,100,PEET ROAD/SOUTH OF HIGHWAY 39 (BEECH HILL RD),WILLING,NY,14895,IN SERVICE,3,8350,ALLEGANY,36003,USA,42.04951895,-77.84095372
GCOMP702,DOMINION TRANSMISSION INC.,QUINLAN,Technician-03,5/19/2023,11/15/2023,6,55,20,,,100,554 HOSTAGEH ROAD,OLEAN,NY,14760,IN SERVICE,2,4740,CATTARAUGUS,36009,USA,42.009961,-78.461445
GCOMP1781,NATIONAL FUEL GAS SUPPLY CORPORATION,HINSDALE,Technician-04,6/2/2023,11/29/2023,6,55,,,,100,1229 OAK LANE ROAD,HINSDALE,NY,14743,IN SERVICE,2,15452,CATTARAUGUS,36009,USA,42.175273,-78.390925
GCOMP1242,NATIONAL FUEL GAS SUPPLY CORPORATION,LIMESTONE,Technician-05,6/4/2023,12/1/2023,6,55,,,,100,PARKSIDE DRIVE/SOUTH OF IRVINE MILLS ROAD,LIMESTONE,NY,14753,IN SERVICE,1,800,CATTARAUGUS,36009,USA,42.05546921,-78.64454303
GCOMP86,NATIONAL FUEL GAS SUPPLY CORPORATION,NASHVILLE,Technician-06,12/12/2022,12/7/2023,12,55,,,,100,11413 ALLEGANY ROAD,FORESTVILLE,NY,14062,IN SERVICE,1,225,CHAUTAUQUA,36013,USA,42.49695168,-79.09101903
GCOMP1784,NATIONAL FUEL GAS SUPPLY CORPORATION,NASHVILLE (STORAGE),Technician-07,6/18/2023,12/15/2023,6,55,,,,100,11309 WALNUT ROAD,SILVER CREEK,NY,14136,IN SERVICE,3,3320,CHAUTAUQUA,36013,USA,42.49362,-79.19371
GCOMP922,TENNESSEE GAS PIPELINE COMPANY L.L.C.,#224 - CLYMER,Technician-08,1/5/2023,12/31/2023,12,55,,,,100,9766 RAVLIN HILL ROAD,CLYMER,NY,14724,IN SERVICE,4,8000,CHAUTAUQUA,36013,USA,42.055664,-79.69657
GCOMP13,COLUMBIA GAS TRANSMISSION L.L.C.,HANCOCK,Technician-09,5/19/2023,11/15/2023,6,55,,,,100,0.8 MILES EAST OF HUNGRY HILL ROAD ALONG THE MILLENIUM PIPELINE ROW STAR ROUTE 2 SANDS CREEK ROAD,HANCOCK,NY,26801,IN SERVICE,1,15900,DELAWARE,36025,USA,41.87695093,-75.12748013
GCOMP268,IPOC AS AGENT/IROQUOIS GAS TRANSMISSION SYSTEM L.P.,DOVER,Technician-10,11/22/2022,11/17/2023,12,55,,,,100,186 DOVER FURNACE ROAD,DOVER,NY,12522,IN SERVICE,1,18371,DUTCHESS,36027,USA,41.68718404,-73.58674685
GCOMP1357,NATIONAL FUEL GAS SUPPLY CORPORATION,ZOAR,Technician-11,5/23/2023,11/19/2023,6,55,20,,,100,WILSON ROAD AND KONERT ROAD,COLLINS,NY,14034,IN SERVICE,8,1200,ERIE,36029,USA,42.472583,-78.825162
GCOMP1346,NATIONAL FUEL GAS SUPPLY CORPORATION,DERBY,Technician-12,11/26/2022,11/21/2023,12,55,,,,100,VERSAILLES ROAD/NNE OF DERBY,DERBY,NY,14047,IN SERVICE,1,75,ERIE,36029,USA,42.68543515,-78.96450104
GCOMP535,NATIONAL FUEL GAS SUPPLY CORPORATION,PORTERVILLE,Technician-13,2/26/2023,11/23/2023,9,55,,,,100,350 HEMSTREET ROAD,EAST AURORA,NY,14052,IN SERVICE,1,400,ERIE,36029,USA,42.797464,-78.584553
GCOMP1780,NATIONAL FUEL GAS SUPPLY CORPORATION,EAST AURORA,Technician-14,5/15/2023,11/11/2023,6,55,,,,100,5215 REITER ROAD,EAST AURORA,NY,14052,IN SERVICE,2,4740,ERIE,36029,USA,42.746527,-78.573111
GCOMP699,NATIONAL FUEL GAS SUPPLY CORPORATION,CONCORD,Technician-15,5/18/2023,11/14/2023,6,55,,,,100,5510 GENESSEE ROAD,SPRINGVILLE,NY,14141,IN SERVICE,5,11250,ERIE,36029,USA,42.56197371,-78.78089815
GCOMP843,TENNESSEE GAS PIPELINE COMPANY L.L.C.,#229 - HAMBURG,Technician-16,11/20/2022,11/15/2023,12,55,,,,100,7586 E EDEN ROAD,EDEN,NY,14057,IN SERVICE,6,8400,ERIE,36029,USA,42.67747,-78.829967
GCOMP512,EMPIRE PIPELINE INC.,OAKFIELD,Technician-17,2/4/2023,11/1/2023,9,55,,,,100,3281 LOCKPORT ROAD,EAST OAKFIELD,NY,14125,IN SERVICE,2,20620,GENESEE,36037,USA,43.10488743,-78.26261824
GCOMP903,IPOC AS AGENT/IROQUOIS GAS TRANSMISSION SYSTEM L.P.,ATHENS,Technician-18,11/20/2022,11/15/2023,12,55,,,,100,915 SCHOHARIE TURNPIKE COUNTY ROAD 28,ATHENS,NY,12015,IN SERVICE,1,10028,GREENE,36039,USA,42.2809094,-73.84720619
GCOMP632,TENNESSEE GAS PIPELINE COMPANY L.L.C.,#245 - WEST WINFIELD,Technician-19,6/2/2023,11/29/2023,6,55,,,,100,457 BURROWS ROAD,WEST WINFIELD,NY,13491,IN SERVICE,9,20219,HERKIMER,36043,USA,42.873611,-75.167397
GCOMP828,IPOC AS AGENT/IROQUOIS GAS TRANSMISSION SYSTEM L.P.,CROGHAN,Technician-20,6/4/2023,12/1/2023,6,55,20,40,,100,7267 OLD STATE ROAD,CROGHAN,NY,13327,IN SERVICE,2,17180,LEWIS,36049,USA,43.935209,-75.35818
GCOMP1041,TENNESSEE GAS PIPELINE COMPANY L.L.C.,#233 - GENESEO,Technician-21,6/10/2023,12/7/2023,6,55,,40,,100,FEDERAL ROAD AND DOW ROAD,GENESEO,NY,14454,IN SERVICE,2,7000,LIVINGSTON,36051,USA,42.848677,-77.920066
GCOMP3,DOMINION TRANSMISSION INC.,BROOKMANS CORNER,Technician-22,6/18/2023,12/15/2023,6,55,,40,,100,.3 MILES NW OF CASLER ROAD * BROOKMANS CORNERS ROAD,FORT PLAIN,NY,13339,IN SERVICE,4,18433,MONTGOMERY,36057,USA,42.92920359,-74.72328601
GCOMP675,DOMINION TRANSMISSION INC.,LOCKPORT,Technician-23,1/5/2023,12/31/2023,12,55,,40,,100,5186 LOCKPORT JUNCTION ROAD,LOCKPORT,NY,14094,IN SERVICE,4,500,NIAGARA,36063,USA,43.15967016,-78.76328679
GCOMP669,NATIONAL FUEL GAS SUPPLY CORPORATION,LOCKPORT,Technician-24,11/20/2022,11/15/2023,12,55,,40,,100,5120 5153 JUNCTION ROAD,LOCKPORT,NY,14094,IN SERVICE,4,18000,NIAGARA,36063,USA,43.16028174,-78.75390641
GCOMP674,TENNESSEE GAS PIPELINE COMPANY L.L.C.,#230C - LOCKPORT,Technician-25,12/4/2022,11/29/2023,12,55,,40,,100,5186 LOCKPORT JUNCTION ROAD,LOCKPORT,NY,14094,IN SERVICE,4,18000,NIAGARA,36063,USA,43.159746,-78.762253
GCOMP74,DOMINION TRANSMISSION INC.,UTICA,Technician-01,6/4/2023,12/1/2023,6,55,,40,,100,1103 HIGBY ROAD,NEW HARTFORD,NY,13413,IN SERVICE,7,9500,ONEIDA,36065,USA,43.036922,-75.192721
GCOMP515,IPOC AS AGENT/IROQUOIS GAS TRANSMISSION SYSTEM L.P.,BOONVILLE,Technician-02,12/12/2022,12/7/2023,12,55,,40,Y,100,3338 EAST ROAD,BOONVILLE,NY,13309,IN SERVICE,1,18371,ONEIDA,36065,USA,43.51254507,-75.32920377
GCOMP530,TENNESSEE GAS PIPELINE COMPANY L.L.C.,#241 - LAFAYETTE,Technician-03,6/18/2023,12/15/2023,6,55,,40,Y,100,3447 SENTINEL HEIGHTS ROAD,LA FAYETTE,NY,13084,IN SERVICE,5,18400,ONONDAGA,36067,USA,42.939367,-76.11627
GCOMP1770,EMPIRE PIPELINE INC.,FARMINGTON,Technician-04,4/5/2023,12/31/2023,9,55,,40,,100,985 HOOK ROAD,FARMINGTON,NY,14425,IN SERVICE,2,32000,ONTARIO,36069,USA,42.99211707,-77.33830111
GCOMP314,TENNESSEE GAS PIPELINE COMPANY L.L.C.,#237 - CLIFTON SPRINGS,Technician-05,11/19/2022,11/14/2023,12,55,20,40,,100,2001 ARCHER ROAD,CLIFTON SPRINGS,NY,14432,IN SERVICE,3,8000,ONTARIO,36069,USA,42.9340067,-77.17347368
GCOMP906,COLUMBIA GAS TRANSMISSION L.L.C.,MINISINK,Technician-06,5/19/2023,11/15/2023,6,55,,40,Y,100,924 NY-284,WESTTOWN,NY,10998,IN SERVICE,2,12260,ORANGE,36071,USA,41.343557,-74.531724
GCOMP167,ENBRIDGE INC.,SOUTHEAST,Technician-07,11/6/2022,11/1/2023,12,55,20,40,,100,142 TULIP ROAD,BREWSTER,NY,10509,IN SERVICE,6,50330,PUTNAM,36079,USA,41.3845099,-73.54470731
GCOMP661,TENNESSEE GAS PIPELINE COMPANY L.L.C.,#254 - NASSAU,Technician-08,5/19/2023,11/15/2023,6,55,,40,,100,5035 STATE ROUTE 66,NASSAU,NY,12123,IN SERVICE,7,18710,RENSSELAER,36083,USA,42.482842,-73.563171
GCOMP14,ENBRIDGE INC.,STONY POINT,Technician-09,12/4/2022,11/29/2023,12,55,20,,,100,1 LINDBERGH ROAD,STONY POINT,NY,10980,IN SERVICE,5,63100,ROCKLAND,36087,USA,41.24237,-74.018994
GCOMP1355,IPOC AS AGENT/IROQUOIS GAS TRANSMISSION SYSTEM L.P.,WRIGHT,Technician-10,12/6/2022,12/1/2023,12,55,,,,100,WESTFALL ROAD,DELANSON-WRIGHT,NY,12053,IN SERVICE,2,14302,SCHENECTADY,36095,USA,42.698085,-74.232637
GCOMP454,TENNESSEE GAS PIPELINE COMPANY L.L.C.,#249 - CARLISLE,Technician-11,12/12/2022,12/7/2023,12,55,,40,,100,2840 HIGHWAY ROUTE 20,SLOANSVILLE,NY,12160,IN SERVICE,4,16200,SCHOHARIE,36095,USA,42.75575796,-74.40279183
GCOMP635,COLUMBIA GAS TRANSMISSION L.L.C.,DUNDEE,Technician-12,12/20/2022,12/15/2023,12,55,20,,,100,4620 ROUTE 226,ROCK STREAM,NY,14878,IN SERVICE,3,1880,SCHUYLER,36097,USA,42.45665707,-76.97712579
GCOMP616,COLUMBIA GAS TRANSMISSION L.L.C.,CORNING,Technician-13,7/4/2023,12/31/2023,6,55,,,,100,4401 COLLEGE AVENUE,CORNING,NY,14830,IN SERVICE,1,1000,STEUBEN,36101,USA,42.19019903,-76.98081453
GCOMP146,COLUMBIA GAS TRANSMISSION L.L.C.,NORTH GREENWOOD,Technician-14,1/15/2023,1/15/2024,12,55,,,,100,1351 COUNTY ROUTE 62,GREENWOOD,NY,14839,IN SERVICE,0,0,STEUBEN,36101,USA,42.16122159,-77.66182341
GCOMP921,DOMINION TRANSMISSION INC.,WOODHULL,Technician-15,2/15/2023,2/15/2024,6,55,,,,100,974 COUNTY ROUTE 99,WOODHULL,NY,14898,IN SERVICE,8,14700,STEUBEN,36101,USA,42.049701,-77.414395
GCOMP1787,EMPIRE PIPELINE INC.,TUSCARORA (STORAGE),Technician-16,3/15/2023,3/15/2024,12,55,20,40,,100,7249 OLD STATE ROAD,ADDISON,NY,14801,IN SERVICE,2,1444,STEUBEN,36101,USA,42.07433163,-77.28265128
GCOMP971,MILLENNIUM PIPELINE COMPANY L.L.C.,TRANSMISSION - CORNING MILLENNIUM,Technician-17,4/15/2023,4/15/2024,6,55,,,Y,25,COLLEGE AVENUE/W ROAD-CRANER ROAD,CORNING,NY,14830,IN SERVICE,1,15000,STEUBEN,36101,USA,42.189883,-76.980796
GCOMP966,NATIONAL FUEL GAS SUPPLY CORPORATION,TUSCARORA,Technician-18,5/15/2023,5/15/2024,6,55,,40,,33,COUNTY ROAD 100 (WILLIAMS ROAD/BORDEN PULTENEY HILL ROAD),ADDISON,NY,14801,IN SERVICE,1,1380,STEUBEN,36101,USA,42.070506,-77.308605
GCOMP1161,TENNESSEE GAS PIPELINE COMPANY L.L.C.,#405A - CONNEXION NEW ENGLAND (AVOCA,Technician-19,6/15/2023,6/15/2024,6,55,,,,49,MACKEY ROAD/WEST OF HIGHWAY 415,AVOCA,NY,14809,IN SERVICE,1,7700,STEUBEN,36101,USA,42.414198,-77.458042
GCOMP1769,MILLENNIUM PIPELINE COMPANY L.L.C.,HIGHLAND,Technician-20,7/15/2023,7/15/2024,12,55,,,,51,ROUTE 55 AND ROUTE 12,HIGHLAND,NY,12528,IN SERVICE,1,22400,SULLIVAN,36105,USA,41.856,-74.867
GCOMP354,DOMINION TRANSMISSION INC.,BORGER,Technician-21,8/15/2023,8/15/2024,6,55,20,,,66,219 ELLIS HOLLOW CREEK ROAD,ITHACA,NY,14850,IN SERVICE,3,21910,TOMPKINS,36109,USA,42.439311,-76.408166
GCOMP624,DOMINION TRANSMISSION INC.,SILVER SPRINGS,Technician-22,9/15/2023,9/15/2024,12,55,,40,,67,4478 OAK HILL ROAD,SILVER SPRINGS,NY,14550,IN SERVICE,2,10800,WYOMING,36121,USA,42.67334219,-78.06498607
GCOMP387,TENNESSEE GAS PIPELINE COMPANY L.L.C.,#204 - ALBANY,Technician-23,10/15/2023,10/15/2024,6,55,,,,92,2335 US HIGHWAY 50 W,ALBANY,OH,45710,IN SERVICE,12,22970,ATHENS,39009,USA,39.21413,-82.260986
GCOMP912,TEXAS EASTERN TRANSMISSION L.P.,ATHENS,Technician-24,11/15/2023,11/15/2024,12,55,,,,93,9375 HARNER ROAD,ATHENS,OH,45701,IN SERVICE,4,32000,ATHENS,39009,USA,39.240002,-82.124199
GCOMP808,ROCKIES EXPRESS PIPELINE L.L.C.,R28374013 AT HAMILTON,Technician-25,12/15/2023,12/15/2024,6,55,,,,94,688 TODHUNTER ROAD/SOUTH OF YANKEE ROAD,HAMILTON,OH,45011,IN SERVICE,2,35000,BUTLER,39017,USA,39.466383,-84.376885
GCOMP865,DOMINION TRANSMISSION INC.,CARROLL,Technician-01,1/15/2023,1/15/2024,12,55,,,,95,8152 BAY ROAD SOUTHEAST,CARROLLTON,OH,44615,IN SERVICE,2,9400,CARROLL,39019,USA,40.533879,-80.932697
GCOMP319,TENNESSEE GAS PIPELINE COMPANY L.L.C.,#214 - CARROLLTON,Technician-02,2/15/2023,2/15/2024,9,55,20,,,96,2029 COBBLER ROAD NE,CARROLLTON,OH,44615,IN SERVICE,13,19880,CARROLL,39019,USA,40.622185,-81.046215
GCOMP678,COLUMBIA GAS TRANSMISSION L.L.C.,BRINKER,Technician-03,3/15/2023,3/15/2024,6,55,,,,97,5213 LEETONIA ROAD.,LEETONIA,OH,44431,IN SERVICE,3,3080,COLUMBIANA,39029,USA,40.824523,-80.756401
GCOMP259,TEXAS EASTERN TRANSMISSION L.P.,GLEN KARN,Technician-04,4/15/2023,4/15/2024,6,55,,,,98,180 MIKESELL ROAD,HOLLANSBURG,OH,45332,IN SERVICE,1,8170,DARKE,39037,USA,40.01037353,-84.79962887
GCOMP759,ANR PIPELINE COMPANY,DEFIANCE,Technician-05,5/15/2023,5/15/2024,12,55,,,,99,6357 STATE ROUTE 66,DEFIANCE,OH,43512,IN SERVICE,10,36963,DEFIANCE,39039,USA,41.349885,-84.359487
GCOMP746,COLUMBIA GAS TRANSMISSION L.L.C.,CRAWFORD,Technician-06,6/15/2023,6/15/2024,9,55,,,,80,6175 OLD LOGAN ROAD,CRAWFORD,OH,43155,IN SERVICE,14,29880,FAIRFIELD,39045,USA,39.631648,-82.556225
GCOMP820,DOMINION TRANSMISSION INC.,WASHINGTON,Technician-07,7/15/2023,7/15/2024,12,55,,,,75,708 PARROT ROAD NORTHWEST,WASHINGTON,OH,43160,IN SERVICE,3,17100,FAYETTE,39047,USA,39.6267803,-83.50940225
GCOMP697,DOMINION TRANSMISSION INC.,GROVEPORT,Technician-08,8/15/2023,8/15/2024,6,55,,,,70,5509 BERGER ROAD,GROVEPORT,OH,43125,IN SERVICE,3,11600,FRANKLIN,39049,USA,39.812057,-82.842421
GCOMP805,COLUMBIA GAS TRANSMISSION L.L.C.,GUERNSEY,Technician-09,9/15/2023,9/15/2024,6,55,20,,,60,68523 MOUNTAIN HERMAN ROAD,CAMBRIDGE,OH,43725,IN SERVICE,2,880,GUERNSEY,39059,USA,40.09955229,-81.63938098
GCOMP528,TENNESSEE GAS PIPELINE COMPANY L.L.C.,#209 - CAMBRIDGE,Technician-10,10/15/2023,10/15/2024,6,55,,,,50,3428 CLAY PIKE ROAD,CUMBERLAND,OH,43732,IN SERVICE,13,21000,GUERNSEY,39059,USA,39.939008,-81.681792
GCOMP1774,TEXAS GAS TRANSMISSION L.L.C.,HARRISON,Technician-11,11/15/2023,11/15/2024,6,55,,,,25,10210/10238 DRY FORK ROAD,HARRISON,OH,45030,IN SERVICE,1,14189,HAMILTON,39061,USA,39.26275695,-84.76078737
GCOMP384,COLUMBIA GAS TRANSMISSION L.L.C.,BENTON,Technician-12,12/15/2023,12/15/2024,12,55,,,,100,23151 STATE ROUTE 56,SOUTH BLOOMINGVILLE,OH,43152,IN SERVICE,3,7250,HOCKING,39073,USA,39.41418,-82.605682
GCOMP839,COLUMBIA GAS TRANSMISSION L.L.C.,MILEY,Technician-13,1/15/2023,1/15/2024,12,55,,,,100,7531 STATE ROUTE 514,BIG PRAIRIE,OH,44611,IN SERVICE,3,3250,HOLMES,39075,USA,40.62483,-82.088385
GCOMP1326,COLUMBIA GAS TRANSMISSION L.L.C.,HOLMES,Technician-14,2/15/2023,2/15/2024,12,55,,,,100,TOWNSHIP ROAD 477 AND TOWNSHIP ROAD 464,LAKEVILLE,OH,44638,IN SERVICE,4,6000,HOLMES,39075,USA,40.65218,-82.133156
GCOMP217,COLUMBIA GAS TRANSMISSION L.L.C.,TREAT,Technician-15,3/15/2023,3/15/2024,6,55,,,,100,1608 HOMER ROAD NW,HOMER,OH,43027,IN SERVICE,4,1900,LICKING,39089,USA,40.252411,-82.528901
GCOMP138,COLUMBIA GAS TRANSMISSION L.L.C.,WELLINGTON,Technician-16,4/15/2023,4/15/2024,12,55,,,,100,13292 SMITH ROAD,WELLINGTON,OH,44090,IN SERVICE,2,9000,LORAIN,39093,USA,41.136294,-82.169485
GCOMP453,COLUMBIA GAS TRANSMISSION L.L.C.,MEDINA,Technician-17,5/15/2023,5/15/2024,6,55,20,,,100,2834 STIEGLER ROAD,MEDINA,OH,44256,IN SERVICE,3,3300,MEDINA,39103,USA,41.196596,-81.906966
GCOMP728,COLUMBIA GAS TRANSMISSION L.L.C.,YORK,Technician-18,6/15/2023,6/15/2024,9,55,,,,100,589 NORTH STATE ROAD,MEDINA,OH,44256,IN SERVICE,3,2000,MEDINA,39103,USA,41.149236,-81.880266
GCOMP638,TEXAS EASTERN TRANSMISSION L.P.,BERNE,Technician-19,7/15/2023,7/15/2024,12,55,,,,100,46552 SWAZEY ROAD,LEWISVILLE,OH,43754,IN SERVICE,8,35100,MONROE,39111,USA,39.77384957,-81.29165472
GCOMP1290,COLUMBIA GAS TRANSMISSION L.L.C.,MALTA,Technician-20,8/15/2023,8/15/2024,6,55,,,,100,SCOTT PENN LANE AND ROY JANES ROAD SW,MALTA,OH,43758,IN SERVICE,1,360,MORGAN,39115,USA,39.595433,-81.895976
GCOMP282,DOMINION TRANSMISSION INC.,NEWARK,Technician-21,9/15/2023,9/15/2024,12,55,,,,100,19042 NASHPORT ROAD SE,NASHPORT,OH,43830,IN SERVICE,3,16900,MUSKINGUM,39119,USA,40.070805,-82.194861
GCOMP149,ROCKIES EXPRESS PIPELINE L.L.C.,R30014100 AT CHANDLERSVILLE,Technician-22,10/15/2023,10/15/2024,6,55,,,,100,1358 IRISH RIDGE ROAD,PHILO,OH,43771,IN SERVICE,6,58488,MUSKINGUM,39119,USA,39.84138675,-81.94103922
GCOMP647,TEXAS EASTERN TRANSMISSION L.P.,SUMMERFIELD,Technician-23,11/15/2023,11/15/2024,12,55,,,,100,48651 GLADY ROAD,SUMMERFIELD,OH,43788,IN SERVICE,5,19000,NOBLE,39121,USA,39.803115,-81.336536
GCOMP279,TEXAS EASTERN TRANSMISSION L.P.,SOMERSET,Technician-24,12/15/2023,12/15/2024,12,55,,,,100,1895 BIG INCH ROAD NE,SOMERSET,OH,43783,IN SERVICE,8,18300,PERRY,39127,USA,39.781026,-82.287527
GCOMP300,TEXAS EASTERN TRANSMISSION L.P.,FIVE POINTS,Technician-25,11/16/2022,11/11/2023,12,55,,,,25,19909 FIVE POINTS PIKE,WILLIAMSPORT,OH,43164,IN SERVICE,4,16600,PICKAWAY,39129,USA,39.648955,-83.166418
GCOMP457,COLUMBIA GAS TRANSMISSION L.L.C.,WEAVER,Technician-01,11/19/2022,11/14/2023,12,55,20,40,,33,2873 PLEASANT VALLEY ROAD,LUCAS,OH,44843,IN SERVICE,5,11950,RICHLAND,39139,USA,40.659375,-82.402189
GCOMP613,COLUMBIA GAS TRANSMISSION L.L.C.,LUCAS,Technician-02,5/19/2023,11/15/2023,6,55,,40,,49,4307 STATE ROUTE 39,LUCAS,OH,44843,IN SERVICE,5,11120,RICHLAND,39139,USA,40.706493,-82.360607
GCOMP397,COLUMBIA GAS TRANSMISSION L.L.C.,PAVONIA,Technician-03,11/6/2022,11/1/2023,12,55,,40,,51,2385 COTTER ROAD,MANSFIELD,OH,44903,IN SERVICE,6,10500,RICHLAND,39139,USA,40.819498,-82.420944
GCOMP494,TEXAS EASTERN TRANSMISSION L.P.,WHEELERSBURGH,Technician-04,5/19/2023,11/15/2023,6,55,,40,,66,3096 STATE ROUTE 522,WHEELERSBURG,OH,45694,IN SERVICE,7,30000,SCIOTO,39145,USA,38.700345,-82.832908
GCOMP777,DOMINION TRANSMISSION INC.,GILMORE,Technician-05,12/4/2022,11/29/2023,12,55,,40,,67,656 GRAVEL LICK ROAD SW TC 5,GILMORE,OH,43837,IN SERVICE,6,13600,TUSCARAWAS,39157,USA,40.286655,-81.465028
GCOMP743,COLUMBIA GAS TRANSMISSION L.L.C.,MCARTHUR,Technician-06,6/4/2023,12/1/2023,6,55,,40,,92,61318 MOUNT ZION ROAD.,MCARTHUR,OH,45651,IN SERVICE,3,3300,VINTON,39163,USA,39.239313,-82.543246
GCOMP93,COLUMBIA GAS TRANSMISSION L.L.C.,LEBANON,Technician-07,1/15/2023,1/15/2024,6,55,,40,,93,1157 STATE ROAD 122 W,LEBANON,OH,45036,IN SERVICE,3,610,WARREN,39165,USA,39.486236,-84.22281
GCOMP121,DOMINION TRANSMISSION INC.,LEBANON,Technician-08,2/15/2023,2/15/2024,6,55,,40,,94,1262 W STATE ROUTE 122,LEBANON,OH,45036,IN SERVICE,6,14600,WARREN,39165,USA,39.49193045,-84.22609198
GCOMP94,TEXAS EASTERN TRANSMISSION L.P.,LEBANON,Technician-09,3/15/2023,3/15/2024,12,55,,40,,95,1157 STREET ROAD 122 W,LEBANON,OH,45036,IN SERVICE,10,19800,WARREN,39165,USA,39.48695,-84.22305
GCOMP1126,COLUMBIA GAS TRANSMISSION L.L.C.,CRESTON,Technician-10,4/15/2023,4/15/2024,6,55,,40,,96,JORDAN ROAD AND EAST BAUM STREET,CRESTON,OH,44217,IN SERVICE,0,0,WAYNE,39169,USA,40.974737,-81.879985
GCOMP1882,ETC TEXAS PIPELINE LTD.,BURLINGTON COMPRESSOR STATION (ET),Technician-11,5/15/2023,5/15/2024,12,55,20,40,,97,0.1 MILE W OF ROADS N2580 AND E0060,BURLINGTON,OK,73722,IN SERVICE,3,-999,ALFALFA,40003,USA,36.928697,-98.414875
GCOMP1883,ETC TEXAS PIPELINE LTD.,DRY CREEK COMPRESSOR STATION,Technician-12,6/15/2023,6/15/2024,6,55,,40,,98,0.4 MILE W OF ROADS N2570 AND E0110,BURLINGTON,OK,73722,IN SERVICE,6,-999,ALFALFA,40003,USA,36.85582,-98.43967
GCOMP1886,ETC TEXAS PIPELINE LTD.,CARMEN COMPRESSOR STATION,Technician-13,7/15/2023,7/15/2024,12,55,20,40,,99,0.45 MILE S OF ROADS E0310 AND N2540,CARMEN,OK,73726,IN SERVICE,3,-999,ALFALFA,40003,USA,36.557688,-98.479325
GCOMP1887,ETC TEXAS PIPELINE LTD.,ALFALFA COMPRESSOR STATION,Technician-14,8/15/2023,8/15/2024,6,55,,40,,80,SE OF ROADS N2550 AND E0190,CHEROKEE,OK,73728,IN SERVICE,6,-999,ALFALFA,40003,USA,36.7385,-98.4672
GCOMP1894,ETC TEXAS PIPELINE LTD.,INGERSOLL COMPRESSOR STATION,Technician-15,9/15/2023,9/15/2024,12,55,20,,,75,US-64 0.45 MILE E OF ROAD N2550,INGERSOLL,OK,73728,IN SERVICE,2,-999,ALFALFA,40003,USA,36.79639,-98.460932
GCOMP1896,ETC TEXAS PIPELINE LTD.,CHEROKEE COMPRESSOR STATION (ET),Technician-16,1/15/2023,1/15/2024,9,55,,,,70,S OF ROADS N2554 AND E0220,LAMBERT,OK,73728,IN SERVICE,2,-999,ALFALFA,40003,USA,36.69504,-98.459531
GCOMP1897,ETC TEXAS PIPELINE LTD.,COTTONWOOD COMPRESSOR STATION,Technician-17,2/15/2023,2/15/2024,6,55,,40,,60,NE OF COUNTY ROAD E0250 AND COUNTY ROAD N2550,LAMBERT,OK,73728,IN SERVICE,5,-999,ALFALFA,40003,USA,36.652846,-98.467376
GCOMP1899,ETC TEXAS PIPELINE LTD.,LAMBERT COMPRESSOR STATION,Technician-18,3/15/2023,3/15/2024,6,55,20,,,50,ROAD E0220 AND ROAD N2520,DACOMA,OK,73731,IN SERVICE,1,-999,ALFALFA,40003,USA,36.69545,-98.52262
GCOMP1895,ETC TEXAS PIPELINE LTD.,JET COMPRESSOR STATION,Technician-19,4/15/2023,4/15/2024,12,55,,,,25,ROAD E0280 AND ROAD N2720,JET,OK,73749,IN SERVICE,1,-999,ALFALFA,40003,USA,36.607352,-98.164987
GCOMP1898,TARGA PIPELINE MIDCONTINENT WESTOK L.L.C.,ALINE COMPRESSOR STATION,Technician-20,5/15/2023,5/15/2024,9,55,,,,100,6928 OK-8; JUNCTION OF OK-8 AND OK-8B,ALINE,OK,73716,IN SERVICE,3,-999,ALFALFA,40003,USA,36.504853,-98.42748
GCOMP1900,TARGA PIPELINE MIDCONTINENT WESTOK L.L.C.,ASHLEY COMPRESSOR STATION,Technician-21,6/15/2023,6/15/2024,12,55,,,,100,0.5 MILE NW OF ROAD N2520 AND US-64,INGERSOLL,OK,73717,IN SERVICE,3,-999,ALFALFA,40003,USA,36.805249,-98.523884
GCOMP1881,TARGA PIPELINE MIDCONTINENT WESTOK L.L.C.,AMORITA COMPRESSOR STATION,Technician-22,7/15/2023,7/15/2024,6,55,20,40,,100,MAJOR ROAD W OF OK-58,AMORITA,OK,73719,IN SERVICE,2,-999,ALFALFA,40003,USA,36.956597,-98.298585
GCOMP1884,TARGA PIPELINE MIDCONTINENT WESTOK L.L.C.,BYRON COMPRESSOR STATION,Technician-23,8/15/2023,8/15/2024,6,55,,,,100,0.1 MILE W OF ROADS N2680 AND E0090,BYRON,OK,73722,IN SERVICE,6,-999,ALFALFA,40003,USA,36.883294,-98.237282
GCOMP1885,TARGA PIPELINE MIDCONTINENT WESTOK L.L.C.,MCKEE COMPRESSOR STATION,Technician-24,9/15/2023,9/15/2024,6,55,,40,,100,ROAD N2720 AND MCCLAIN ROAD,BYRON,OK,73722,IN SERVICE,4,-999,ALFALFA,40003,USA,36.957337,-98.16465
GCOMP1891,TARGA PIPELINE MIDCONTINENT WESTOK L.L.C.,SALT FORK COMPRESSOR STATION,Technician-25,10/15/2023,10/15/2024,6,55,,,,100,NW OF ROADS E0100 AND N2650,DRIFTWOOD,OK,73722,IN SERVICE,6,-999,ALFALFA,40003,USA,36.870446,-98.290032
GCOMP1892,TARGA PIPELINE MIDCONTINENT WESTOK L.L.C.,BURLINGTON COMPRESSOR STATION (TARGA),Technician-01,11/15/2023,11/15/2024,12,55,,,,100,ROAD N2630AND ROAD E0089,DRIFTWOOD,OK,73722,IN SERVICE,6,-999,ALFALFA,40003,USA,36.88499,-98.32464
GCOMP1888,TARGA PIPELINE MIDCONTINENT WESTOK L.L.C.,CHEROKEE COMPRESSOR STATION (TARGA),Technician-02,12/15/2023,12/15/2024,12,55,20,,,100,0.11 MILE N OF ROADS E0146 AND N2630,CHEROKEE,OK,73728,IN SERVICE,3,-999,ALFALFA,40003,USA,36.80368,-98.32312
GCOMP1889,TARGA PIPELINE MIDCONTINENT WESTOK L.L.C.,DRIFTWOOD COMPRESSOR STATION,Technician-03,1/15/2023,1/15/2024,12,55,,40,,100,OK-8 AND ROAD E0110,CHEROKEE,OK,73728,IN SERVICE,4,-999,ALFALFA,40003,USA,36.853538,-98.35853
GCOMP1890,TARGA PIPELINE MIDCONTINENT WESTOK L.L.C.,SOUTH CHEROKEE COMPRESSOR STATION,Technician-04,2/15/2023,2/15/2024,6,55,,,Y,100,ROADS E0190 AND N2640,CHEROKEE,OK,73728,IN SERVICE,5,-999,ALFALFA,40003,USA,36.7397,-98.308051
GCOMP1893,WILLIAMS MIDSTREAM GAS SERVICES L.L.C.,HELENA COMPRESSOR STATION,Technician-05,3/15/2023,3/15/2024,12,55,,,,100,12177 OK-58; 2.5 MILES N OF HELENA ON HIGHWAY 58,HELENA,OK,73741,IN SERVICE,4,-999,ALFALFA,40003,USA,36.58201,-98.262773
GCOMP1834,"ENABLE GAS TRANSMISSION, L.L.C.",WARDVILLE COMPRESSOR STATION,Technician-06,4/15/2023,4/15/2024,6,55,,,,100,2120 HALL ROAD; 3 MILES S AND 6 MILES W OF KIOWA,KIOWA,OK,74553,IN SERVICE,2,-999,ATOKA,40005,USA,34.671615,-96.012563
GCOMP1832,ENOGEX ATOKA L.L.C.,ATOKA COMPRESSOR STATION,Technician-07,5/15/2023,5/15/2024,9,55,,,,100,522 HIGHWAY 7; 6 MILES W OF JUNCTION OF HIGHWAY 69 AND HIGHWAY 7,ATOKA,OK,74525,IN SERVICE,1,-999,ATOKA,40005,USA,34.374154,-96.225013
GCOMP1822,MARKWEST ENERGY PARTNERS L.P.,MIDLINE COMPRESSOR STATION,Technician-08,6/15/2023,6/15/2024,12,55,20,,,25,9012 S WARDEN LANE,ATOKA,OK,74525,IN SERVICE,3,-999,ATOKA,40005,USA,34.259881,-96.178592
GCOMP1352,NATURAL GAS PIPELINE COMPANY OF AMERICA L.L.C.,STATION 812 - ATOKA,Technician-09,7/15/2023,7/15/2024,6,55,,,,33,WESLEY ROAD,WARDVILLE,OK,74576,IN SERVICE,2,4000,ATOKA,40005,USA,34.57248613,-95.92755595
GCOMP1833,WILLIAMS MIDSTREAM GAS SERVICES L.L.C.,CHOCKIE COMPRESSOR STATION,Technician-10,8/15/2023,8/15/2024,12,55,,,,49,WESLEY ROAD 7 MILES E OF OK-43,STRINGTOWN,OK,74569,IN SERVICE,2,-999,ATOKA,40005,USA,34.571228,-95.925631
GCOMP1088,CIMARRON RIVER PIPELINE L.L.C.,BEAVER COUNTY 1,Technician-11,9/15/2023,9/15/2024,6,55,,,,51,HOLLOW E0060,GATE,OK,73844,IN SERVICE,5,3840,BEAVER,40007,USA,36.921061,-100.007491
GCOMP1089,CIMARRON RIVER PIPELINE L.L.C.,BEAVER COUNTY 2,Technician-12,10/15/2023,10/15/2024,12,55,,,,66,HOLLOW E0130,GATE,OK,73844,IN SERVICE,4,3344,BEAVER,40007,USA,36.819207,-100.188995
GCOMP1092,CIMARRON RIVER PIPELINE L.L.C.,BEAVER COUNTY 5,Technician-13,11/15/2023,11/15/2024,12,55,,,Y,67,HOLLOW E0280,LOGAN,OK,73848,IN SERVICE,2,310,BEAVER,40007,USA,36.601406,-100.3672
GCOMP1093,CIMARRON RIVER PIPELINE L.L.C.,BEAVER COUNTY 6,Technician-14,12/15/2023,12/15/2024,12,55,,,,92,HOLLOW E0340,LOGAN,OK,73848,IN SERVICE,3,2201,BEAVER,40007,USA,36.514648,-100.044398
GCOMP1098,CIMARRON RIVER PIPELINE L.L.C.,BEAVER COUNTY 9,Technician-15,11/20/2022,11/15/2023,12,55,20,,,93,HOLLOW N1510,LAVERNE,OK,73848,IN SERVICE,1,-999,BEAVER,40007,USA,36.58819,-100.307613
GCOMP1099,CIMARRON RIVER PIPELINE L.L.C.,BEAVER COUNTY 7,Technician-16,5/5/2023,11/1/2023,6,55,,,,94,HOLLOW N1540,LOGAN,OK,73848,IN SERVICE,3,2619,BEAVER,40007,USA,36.569776,-100.253677
GCOMP1100,CIMARRON RIVER PIPELINE L.L.C.,BEAVER COUNTY 11,Technician-17,11/20/2022,11/15/2023,12,55,,,,95,HOLLOW N1600,LAVERNE,OK,73848,IN SERVICE,1,-999,BEAVER,40007,USA,36.545717,-100.144673
GCOMP1097,CIMARRON RIVER PIPELINE L.L.C.,BEAVER STATION,Technician-18,6/2/2023,11/29/2023,6,55,,,,96,HOLLOW N1445 /HIGHWAY 3,BALKO,OK,73931,IN SERVICE,7,13279,BEAVER,40007,USA,36.616535,-100.419835
GCOMP1090,CIMARRON RIVER PIPELINE L.L.C.,BEAVER COUNTY 12,Technician-19,12/6/2022,12/1/2023,12,55,,,,97,HOLLOW E0175,BEAVER,OK,73932,IN SERVICE,4,2921,BEAVER,40007,USA,36.754591,-100.583047
GCOMP1095,CIMARRON RIVER PIPELINE L.L.C.,BEAVER COUNTY 3,Technician-20,6/10/2023,12/7/2023,6,55,,,,98,HOLLOW N1420,ELMWOOD,OK,73932,IN SERVICE,1,407,BEAVER,40007,USA,36.644338,-100.470172
GCOMP1096,CIMARRON RIVER PIPELINE L.L.C.,BEAVER COUNTY 13,Technician-21,6/18/2023,12/15/2023,6,55,,,,99,HOLLOW N1443,BEAVER,OK,73932,IN SERVICE,7,13279,BEAVER,40007,USA,36.7108345,-100.4288687
GCOMP1026,COLORADO INTERSTATE GAS COMPANY L.L.C.,BEAVER,Technician-22,7/4/2023,12/31/2023,6,55,,,,80,E0100 ROAD,BEAVER,OK,73932,IN SERVICE,4,5075,BEAVER,40007,USA,36.862264,-100.829322
GCOMP1173,COLORADO INTERSTATE GAS COMPANY L.L.C.,MOCANE,Technician-23,1/15/2023,1/15/2024,12,55,20,,,75,N1456 ROAD AND US-64,MOCANE,OK,73938,IN SERVICE,9,16900,BEAVER,40007,USA,36.895635,-100.396354
GCOMP1094,NATURAL GAS PIPELINE COMPANY OF AMERICA L.L.C.,STATION 102 - BALKO,Technician-24,2/15/2023,2/15/2024,6,55,,,,70,HOLLOW N 1158/HOLLOW E 0348,BALKO,OK,73931,IN SERVICE,3,12900,BEAVER,40007,USA,36.50326238,-100.9418069
GCOMP936,NATURAL GAS PIPELINE COMPANY OF AMERICA L.L.C.,STATION 67 - BEAVER,Technician-25,3/15/2023,3/15/2024,12,55,,,,60,BEAVER ROAD/HOLLOW N1340,FORGAN,OK,73931,IN SERVICE,1,300,BEAVER,40007,USA,36.8618255,-100.6055119
GCOMP1872,ANADARKO PALO DURO G AND P OKLAHOMA L.P.,MERRITT COMPRESSOR STATION,Technician-01,4/15/2023,4/15/2024,6,55,,,,50,0.2 MILE E OF BK27 AND BKL,ELK CITY,OK,73644,IN SERVICE,3,-999,BECKHAM,40009,USA,35.35332,-99.53771
GCOMP1873,ANADARKO PALO DURO G AND P OKLAHOMA L.P.,ELK CITY COMPRESSOR STATION,Technician-02,5/15/2023,5/15/2024,12,55,,,,25,ROAD E1153 W OF OK-6,ELK CITY,OK,73644,IN SERVICE,2,-999,BECKHAM,40009,USA,35.343973,-99.405213
GCOMP1878,ANADARKO PALO DURO G AND P OKLAHOMA L.P.,BECKHAM NO 2 COMPRESSOR STATION,Technician-03,6/15/2023,6/15/2024,6,55,,,,100,BK L AND ROAD N1730; S 2 MILES OF HIGHWAY 30 AND HIGHWAY 152,SWEETWATER,OK,73645,IN SERVICE,8,-999,BECKHAM,40009,USA,35.39028,-99.89948
GCOMP1879,ANADARKO PALO DURO G AND P OKLAHOMA L.P.,HOGSHOOTER COMPRESSOR STATION,Technician-04,7/15/2023,7/15/2024,12,55,,,,100,0.36 MILE E OF ROAD E1120 AND OK-30,SWEETWATER,OK,73645,IN SERVICE,5,-999,BECKHAM,40009,USA,35.394016,-99.903751
GCOMP1871,ANADARKO PALO DURO G AND P OKLAHOMA L.P.,BIG MAC COMPRESSOR STATION,Technician-05,8/15/2023,8/15/2024,9,55,,,,100,ROADS E1160 AND N2025,ELK CITY,OK,73648,IN SERVICE,4,-999,BECKHAM,40009,USA,35.335716,-99.376968
GCOMP1863,ANADARKO PALO DURO G AND P OKLAHOMA L.P.,BRAUCHI COMPRESSOR STATION,Technician-06,9/15/2023,9/15/2024,6,55,,,,100,0.96 MILE W OF BK J AND BK 19; 3.5 MILES W OF HIGHWAY 283,SAYRE,OK,73662,IN SERVICE,1,-999,BECKHAM,40009,USA,35.378597,-99.698419
GCOMP1864,ANADARKO PALO DURO G AND P OKLAHOMA L.P.,CEMETERY ROAD COMPRESSOR STATION,Technician-07,10/15/2023,10/15/2024,6,55,20,40,,100,0.3 MILE W OF ROADS E1140 AND CEMETERY,SAYRE,OK,73662,IN SERVICE,3,-999,BECKHAM,40009,USA,35.378561,-99.698404
GCOMP1867,ANADARKO PALO DURO G AND P OKLAHOMA L.P.,ATOKA WASH COMPRESSOR STATION,Technician-08,11/15/2023,11/15/2024,12,55,,40,,100,0.4 MILE N OF HIGHWAY 30 AND ROAD E1130,SWEETWATER,OK,73666,IN SERVICE,1,-999,BECKHAM,40009,USA,35.38537,-99.91227
GCOMP1869,ANADARKO PALO DURO G AND P OKLAHOMA L.P.,SILVER FOX COMPRESSOR STATION,Technician-09,12/15/2023,12/15/2024,9,55,,40,,100,2 MILES S AND 2.5 MILES E OF SWEETWATER; BK I W OF ROAD N1740,SWEETWATER,OK,73666,IN SERVICE,5,-999,BECKHAM,40009,USA,35.39386,-99.86698
GCOMP1874,ANADARKO PALO DURO G AND P OKLAHOMA L.P.,MAYFIELD COMPRESSOR STATION (ANADARKO),Technician-10,1/15/2023,1/15/2024,12,55,,40,,100,ROAD N1705 0.5 MILE S OF ROAD E1160,SWEETWATER,OK,73666,IN SERVICE,2,-999,BECKHAM,40009,USA,35.326967,-99.938596
GCOMP1862,ENABLE GAS GATHERING L.L.C.,TAYLOR COMPRESSOR STATION,Technician-11,2/15/2023,2/15/2024,6,55,,40,,100,BK S AND ROAD N2030; 12 MILES S FROM ELK CITY AND 2 MILES E OFF HIGHWAY 6,ELK CITY,OK,73644,IN SERVICE,1,-999,BECKHAM,40009,USA,35.246819,-99.365233
GCOMP1876,ENABLE GAS GATHERING L.L.C.,SAYRE COMPRESSOR STATION (ENABLE),Technician-12,3/15/2023,3/15/2024,6,55,,40,,100,HIGHWAY 152 AND BK 26; 4 MILES E ON HIGHWAY 1 FROM SAYRE,SAYRE,OK,73662,IN SERVICE,1,-999,BECKHAM,40009,USA,35.290944,-99.561482
GCOMP1861,ENBRIDGE PIPELINES TEXAS GATHERING L.P.,KNIGHT COMPRESSOR STATION,Technician-13,4/15/2023,4/15/2024,6,55,,40,,100,BK G W OF BK 28,ELK CITY,OK,73644,IN SERVICE,1,-999,BECKHAM,40009,USA,35.422275,-99.519814
GCOMP1880,LATIGO PETROLEUM LLC,KELSEY 1 31 COMPRESSOR STATION,Technician-14,5/15/2023,5/15/2024,6,55,,40,,100,0.69 MILE NE OF ROADS N1730 AND E1130,SWEETWATER,OK,73666,IN SERVICE,1,-999,BECKHAM,40009,USA,35.38491,-99.88094
GCOMP1868,MARKWEST OKLAHOMA GAS COMPANY L.L.C.,DAVID BOWERS COMPRESSOR STATION,Technician-15,6/15/2023,6/15/2024,12,55,,40,,100,0.15 MILE NW OF ROAD E1140 AND ROAD N1770,SWEETWATER,OK,73666,IN SERVICE,2,-999,BECKHAM,40009,USA,35.366968,-99.82447
GCOMP1865,MBR RESOURCES INC.,SAYRE COMPRESSOR STATION (KM),Technician-16,7/15/2023,7/15/2024,12,55,,40,Y,25,18726-18874 E ROAD 1230; 2MILES S AND 1MILE E OF I-40 AND US-283,SAYRE,OK,73662,IN SERVICE,1,-999,BECKHAM,40009,USA,35.234059,-99.624737
GCOMP112,NATURAL GAS PIPELINE COMPANY OF AMERICA L.L.C.,STATION 184 - SAYRE,Technician-17,8/15/2023,8/15/2024,12,55,20,40,Y,33,12128 N. 1890 ROAD,SAYRE,OK,73662,IN SERVICE,8,26185,BECKHAM,40009,USA,35.25716206,-99.60921124
GCOMP1875,ONEOK FIELD SERVICES COMPANY L.L.C.,MAYFIELD COMPRESSOR STATION (ONEOK),Technician-18,9/15/2023,9/15/2024,6,55,,40,,49,11689 N1705 ROAD; 0.1 MILE N OF ROADS E1170 AND N1710,SWEETWATER,OK,73666,IN SERVICE,1,-999,BECKHAM,40009,USA,35.322453,-99.939119
GCOMP1870,WILLIAMS MIDSTREAM GAS SERVICES L.L.C.,RIDLEY COMPRESSOR STATION,Technician-19,10/15/2023,10/15/2024,12,55,20,40,,51,ROAD E1220 AND N COUNTY ROAD 1960; 2 MILES NE OF CARTER,CARTER,OK,73627,CLOSED,0,-999,BECKHAM,40009,USA,35.246,-99.49
GCOMP1866,WILLIAMS MIDSTREAM GAS SERVICES L.L.C.,NEW LIBERTY COMPRESSOR STATION,Technician-20,11/15/2023,11/15/2024,6,55,,40,Y,66,0.77 MILE NW OF BK 17 AND ROAD N 1830,SAYRE,OK,73662,IN SERVICE,1,-999,BECKHAM,40009,USA,35.371766,-99.726862
GCOMP1877,WILLIAMS MIDSTREAM GAS SERVICES L.L.C.,PRENTISS COMPRESSOR STATION,Technician-21,12/15/2023,12/15/2024,9,55,20,,,67,BK 13 1.5 MILES S OF HIGHWAY 152,SAYRE,OK,73662,IN SERVICE,2,-999,BECKHAM,40009,USA,35.330024,-99.787473
GCOMP1923,CEDAR COVE MIDSTREAM L.L.C.,COPPERHEAD COMPRESSOR STATION,Technician-22,1/15/2023,1/15/2024,12,55,,,,92,ROAD E0800 0.5 MILE W OF ROAD N2530,WATONGA,OK,73772,IN SERVICE,4,-999,BLAINE,40011,USA,35.854416,-98.498307
GCOMP1924,CEDAR COVE MIDSTREAM L.L.C.,DIAMONDBACK COMPRESSOR STATION,Technician-23,2/15/2023,2/15/2024,6,55,,40,,93,0.5 MILE S OF ROADS E0780 AND N2590,WATONGA,OK,73772,IN SERVICE,4,-999,BLAINE,40011,USA,35.87666,-98.38626
GCOMP1925,CEDAR COVE MIDSTREAM L.L.C.,HOUSE COMPRESSOR STATION,Technician-24,3/15/2023,3/15/2024,12,55,20,,,94,0.5 MILE SE OF ROAD N2530 AND ROAD E0780,WATONGA,OK,73772,IN SERVICE,1,-999,BLAINE,40011,USA,35.878248,-98.48545
GCOMP1926,CEDAR COVE MIDSTREAM L.L.C.,ROMAN NOSE COMPRESSOR STATION,Technician-25,4/15/2023,4/15/2024,6,55,,,,95,OK-51A 0.5 MILE S OF OK-8A,WATONGA,OK,73772,IN SERVICE,1,-999,BLAINE,40011,USA,35.919797,-98.459488
GCOMP1904,ENABLE GAS GATHERING L.L.C.,OPAL COMPRESSOR STATION,Technician-01,5/15/2023,5/15/2024,12,55,,,,96,0.38 ESE OF ROADS N2600 AND E0990,GEARY,OK,73040,IN SERVICE,3,-999,BLAINE,40011,USA,35.579021,-98.353591
GCOMP1907,ENABLE GAS GATHERING L.L.C.,AMERICAN HORSE COMPRESSOR STATION,Technician-02,6/15/2023,6/15/2024,12,55,,,,97,0.6 MILE E OF ROADS N2500 AND E0910,GREENFIELD,OK,73040,IN SERVICE,6,-999,BLAINE,40011,USA,35.695645,-98.553361
GCOMP1908,ENABLE GAS GATHERING L.L.C.,HATCHETT COMPRESSOR STATION,Technician-03,7/15/2023,7/15/2024,12,55,20,40,,98,0.3 MILE W OF ROADS E0870 AND N2640,GREENFIELD,OK,73040,IN SERVICE,6,-999,BLAINE,40011,USA,35.754642,-98.298387
GCOMP1909,ENABLE GAS GATHERING L.L.C.,KION COMPRESSOR STATION,Technician-04,8/15/2023,8/15/2024,12,55,,,,99,0.5 MILE S OF ROADS E0890 AND N2510,GREENFIELD,OK,73040,IN SERVICE,8,-999,BLAINE,40011,USA,35.715592,-98.52566
GCOMP1910,ENABLE GAS GATHERING L.L.C.,NALA COMPRESSOR STATION,Technician-05,9/15/2023,9/15/2024,6,55,,40,,80,0.3 MILE N OF ROADS E0920 AND N2520,GREENFIELD,OK,73040,IN SERVICE,6,-999,BLAINE,40011,USA,35.685036,-98.508982
GCOMP1911,ENABLE GAS GATHERING L.L.C.,PUMBA COMPRESSOR STATION,Technician-06,10/15/2023,10/15/2024,12,55,,,Y,75,0.55 MILE N OF ROADS N2530 AND E0890,GREENFIELD,OK,73040,IN SERVICE,8,-999,BLAINE,40011,USA,35.732924,-98.491364
GCOMP1913,ENABLE GAS GATHERING L.L.C.,WALD RANCH COMPRESSOR STATION,Technician-07,11/15/2023,11/15/2024,6,55,,,,70,0.35 MILE E OF ROADS N2495 AND E0940,GEARY,OK,73040,IN SERVICE,4,-999,BLAINE,40011,USA,35.65344,-98.547991
GCOMP1940,ENABLE GAS GATHERING L.L.C.,GREENFIELD COMPRESSOR STATION (ENABLE),Technician-08,12/15/2023,12/15/2024,12,55,20,,,60,ROADS N2540 AND E0900,GREENFIELD,OK,73043,IN SERVICE,5,-999,BLAINE,40011,USA,35.711623,-98.471545
GCOMP1916,ENABLE GAS GATHERING L.L.C.,HYDRO COMPRESSOR STATION,Technician-09,5/19/2023,11/15/2023,6,55,,40,,50,SW OF OK-58 AND N ROAD 2455,HYDRO,OK,73048,IN SERVICE,6,-999,BLAINE,40011,USA,35.636917,-98.624526
GCOMP1941,ENABLE GAS GATHERING L.L.C.,BOBCAT COMPRESSOR STATION,Technician-10,5/21/2023,11/17/2023,6,55,,,,25,0.32 MILE W OF OK-58 AND ROAD N2480,HYDRO,OK,73048,IN SERVICE,6,-999,BLAINE,40011,USA,35.595778,-98.586483
GCOMP1930,ENABLE GAS GATHERING L.L.C.,SOUTH OAKWOOD COMPRESSOR STATION,Technician-11,5/23/2023,11/19/2023,6,55,,,,100,0.5 MILE ENE OF ROADS E0850 AND N2490,FAY,OK,73646,IN SERVICE,2,-999,BLAINE,40011,USA,35.786855,-98.555263
GCOMP1902,ENABLE GAS GATHERING L.L.C.,EAGLE CITY COMPRESSOR STATION,Technician-12,11/26/2022,11/21/2023,12,55,,,,100,0.4 MILE W OF HIGHWAY 58 AND ROAD E0760,EAGLE CITY,OK,73724,IN SERVICE,2,-999,BLAINE,40011,USA,35.91277,-98.59099
GCOMP1938,ENABLE GAS GATHERING L.L.C.,UDORA COMPRESSOR STATION,Technician-13,5/27/2023,11/23/2023,6,55,,,,100,0.3 MILE N OF ROAD N2660 AND OK-3,OMEGA,OK,73764,IN SERVICE,6,-999,BLAINE,40011,USA,35.845226,-98.259133
GCOMP1912,ENABLE GAS GATHERING L.L.C.,RELAY CREEK COMPRESSOR STATION,Technician-14,5/15/2023,11/11/2023,6,55,20,,,100,0.4 MILE E OF ROADS E0880 AND N2540,WANTONGA,OK,73772,IN SERVICE,8,-999,BLAINE,40011,USA,35.741799,-98.46662
GCOMP1928,ENABLE GAS GATHERING L.L.C.,HAYSTACK COMPRESSOR STATION,Technician-15,11/19/2022,11/14/2023,12,55,,,,100,0.5 MILE S OF ROADS E0830 AND N2620,WATONGA,OK,73772,IN SERVICE,6,-999,BLAINE,40011,USA,35.805424,-98.329873
GCOMP1929,ENABLE GAS GATHERING L.L.C.,NORTH WATONGA COMPRESSOR STATION,Technician-16,5/19/2023,11/15/2023,6,55,,,,100,OK-3 0.5 MILE E OF ROAD N2610; 4.5 MILES E OF WATONGA,WATONGA,OK,73772,IN SERVICE,3,-999,BLAINE,40011,USA,35.83832,-98.34099
GCOMP1933,ENABLE GAS GATHERING L.L.C.,MOON COMPRESSOR STATION,Technician-17,11/6/2022,11/1/2023,12,55,,,,100,E OF ROAD E0850 AND ROAD N2530,WATONGA,OK,73772,IN SERVICE,6,-999,BLAINE,40011,USA,35.782553,-98.487842
GCOMP1921,ENLINK MIDSTREAM SERVICES L.L.C.,BANKHEAD COMPRESSOR STATION,Technician-18,5/19/2023,11/15/2023,6,55,,,,100,0.5 MILE S OF ROADS N2530 AND E0780,WATONGA,OK,73772,IN SERVICE,5,-999,BLAINE,40011,USA,35.87833,-98.49175
GCOMP1931,ENLINK MIDSTREAM SERVICES L.L.C.,PEARL COMPRESSOR STATION,Technician-19,12/4/2022,11/29/2023,12,55,,,,100,0.25 MILE E OF ROADS N2520 AND E0890,WATONGA,OK,73772,IN SERVICE,3,-999,BLAINE,40011,USA,35.72901,-98.50661
GCOMP1942,ENOGEX GAS GATHERING L.L.C.,SQUAW CREEK COMPRESSOR STATION,Technician-20,3/6/2023,12/1/2023,9,55,,,,100,ROAD N2520 0.70 MILE S OF ROAD E0920,GEARY,OK,73040,IN SERVICE,1,-999,BLAINE,40011,USA,35.673025,-98.507887
GCOMP1920,ETC TEXAS PIPELINE LTD.,CARLTON COMPRESSOR STATION (ENERGY TRANSFER),Technician-21,6/10/2023,12/7/2023,6,55,20,,,100,0.2 MILE W OF ROADS N2520 AND E0700,SOUTHARD,OK,73772,IN SERVICE,2,-999,BLAINE,40011,USA,35.998822,-98.51425
GCOMP1932,MARKWEST OKLAHOMA GAS COMPANY L.L.C.,WATONGA COMPRESSOR STATION (MARKWEST),Technician-22,6/18/2023,12/15/2023,6,55,,,,100,US-281 0.7 MILE SE OF ROAD E0860,WATONGA,OK,73772,IN SERVICE,1,-999,BLAINE,40011,USA,35.759482,-98.399644
GCOMP1915,MUSTANG GAS PRODUCTS L.L.C.,HITCHCOCK COMPRESSOR STATION,Technician-23,1/5/2023,12/31/2023,12,55,,,,100,ROAD N2625 0.6 MILE N OF ROAD E0740,HITCHCOCK,OK,73744,IN SERVICE,2,-999,BLAINE,40011,USA,35.948314,-98.325364
GCOMP1905,ONEOK FIELD SERVICES COMPANY L.L.C.,GEARY BASE SALES COMPRESSOR STATION,Technician-24,2/18/2023,11/15/2023,9,55,,,,25,US-270 0.5 MILE N FROM ROAD E0940,GEARY,OK,73040,IN SERVICE,9,-999,BLAINE,40011,USA,35.657626,-98.3282
GCOMP1906,ONEOK FIELD SERVICES COMPANY L.L.C.,DAKOTA COMPRESSOR STATION,Technician-25,11/22/2022,11/17/2023,12,55,,,,33,20510 N NILES ROAD; 0.5 MLEI S OF 248TH STREET NW AND ROAD N2660,GEARY,OK,73040,IN SERVICE,8,-999,BLAINE,40011,USA,35.719248,-98.25303
GCOMP1914,ONEOK FIELD SERVICES COMPANY L.L.C.,GREENFIELD COMPRESSOR STATION (ONEOK),Technician-01,5/23/2023,11/19/2023,6,55,,,,49,0.66 MILE S OF ROADS N2640 AND E0870,GREENFIELD,OK,73043,IN SERVICE,5,-999,BLAINE,40011,USA,35.747364,-98.296806
GCOMP1939,ONEOK FIELD SERVICES COMPANY L.L.C.,CIMARRON COMPRESSOR STATION,Technician-02,5/25/2023,11/21/2023,6,55,,,,51,SE OF ROAD N2500 AND ROAD E0680,CANTON,OK,73724,IN SERVICE,2,-999,BLAINE,40011,USA,36.02623,-98.547088
GCOMP1917,ONEOK FIELD SERVICES COMPANY L.L.C.,CARLTON COMPRESSOR STATION (ONEOK),Technician-03,5/27/2023,11/23/2023,6,55,,,,66,0.2 MILE S OF ROADS N2570 AND E0660,OKEENE,OK,73763,IN SERVICE,1,-999,BLAINE,40011,USA,36.055302,-98.423776
GCOMP1918,ONEOK FIELD SERVICES COMPANY L.L.C.,OKEENE LATERAL (RINEHART) COMPRESSOR STATION,Technician-04,5/15/2023,11/11/2023,6,55,20,,,67,ROAD N2620 S OF ROAD E0640,OKEENE,OK,73763,IN SERVICE,1,-999,BLAINE,40011,USA,36.082361,-98.338667
GCOMP1934,ONEOK FIELD SERVICES COMPANY L.L.C.,DELIVERY COMPRESSOR STATION,Technician-05,11/19/2022,11/14/2023,12,55,,,,92,ROAD E0840 0.70 MILE E OF ROAD N2638,WATONGA,OK,73772,IN SERVICE,1,-999,BLAINE,40011,USA,35.798605,-98.288887
GCOMP1935,ONEOK FIELD SERVICES COMPANY L.L.C.,PAYNE COMPRESSOR STATION,Technician-06,11/20/2022,11/15/2023,12,55,,,,93,OK-51A 0.5 MILE E OF ROAD N2540,WATONGA,OK,73772,IN SERVICE,5,-999,BLAINE,40011,USA,35.957788,-98.469175
GCOMP1901,REDCLIFF MIDSTREAM L.L.C.,HOBSON COMPRESSOR STATION,Technician-07,11/6/2022,11/1/2023,12,55,,,,94,0.15 MILE NW OF 192ND STREET NW AND N CEDAR ROAD,CALUMET,OK,73040,IN SERVICE,2,-999,BLAINE,40011,USA,35.66801,-98.19114
GCOMP1922,REDCLIFF MIDSTREAM L.L.C.,CANADIAN RIVER COMPRESSOR STATION,Technician-08,5/19/2023,11/15/2023,6,55,,,,95,90469 N2510 ROAD; 0.5 MILE N OF ROADS N2510 AND E0910,GEARY,OK,73040,IN SERVICE,10,-999,BLAINE,40011,USA,35.704091,-98.526948
GCOMP1936,REDCLIFF MIDSTREAM L.L.C.,WATONGA COMPRESSOR STATION (REDCLIFF),Technician-09,12/4/2022,11/29/2023,12,55,,,,96,77447 N2550 ROAD; AIRPORT ROAD 0.5 MILE S OF OK-51A,WATONGA,OK,73772,IN SERVICE,2,-999,BLAINE,40011,USA,35.892937,-98.456098
GCOMP1903,TARGA PIPELINE MIDCONTINENT WESTOK L.L.C.,CANTON COMPRESSOR STATION,Technician-10,6/4/2023,12/1/2023,6,55,,,,97,0.65 MILE W OF ROADS E0560 AND N2430,FAIRVIEW,OK,73755,IN SERVICE,4,-999,BLAINE,40011,USA,36.20321,-98.68393
GCOMP1927,THOROUGHBRED GATHERING L.L.C.,CYCLONE COMPRESSOR STATION,Technician-11,3/12/2023,12/7/2023,9,55,,,,98,0.45 MILE N OF ROADS N2450 AND E0670,CANTON,OK,73724,IN SERVICE,5,-999,BLAINE,40011,USA,36.048853,-98.635529
GCOMP1937,TOM STACK L.L.C.,SPINDLETAP COMPRESSOR STATION,Technician-12,12/20/2022,12/15/2023,12,55,,,,99,0.5 MILE S OF ROADS E0820 AND N2660,OMEGA,OK,73764,IN SERVICE,2,-999,BLAINE,40011,USA,35.81845,-98.259175
GCOMP1919,TOM STACK L.L.C.,COMMUNITY COMPRESSOR STATION,Technician-13,7/4/2023,12/31/2023,6,55,20,40,,80,0.5 MILE W OF ROADS E0800 AND N2660,OMEGA,OK,73772,IN SERVICE,8,-999,BLAINE,40011,USA,35.854657,-98.267569
GCOMP1835,"ENABLE OKLAHOMA INTRASTATE TRANSMISSION, L.L.C.",BENNINGTON COMPRESSOR STATION (ENABLE),Technician-14,11/20/2022,11/15/2023,12,55,,40,,75,500-876 BLUE BIRD TRAIL,BENNINGTON,OK,74723,IN SERVICE,5,-999,BRYAN,40013,USA,33.978231,-96.006195
GCOMP1798,MIDSHIP PIPELINE COMPANY L.L.C.,BENNINGTON COMPRESSOR STATION (MIDSHIP),Technician-15,5/21/2023,11/17/2023,6,55,,40,,70,251 PIPELINE ROAD,BENNINGTON,OK,74723,IN SERVICE,2,9000,BRYAN,40013,USA,33.983603,-96.004205
GCOMP1231,CENTERPOINT ENERGY GAS TRANSMISSION COMPANY L.L.C.,HINTON,Technician-16,11/24/2022,11/19/2023,12,55,,40,,60,ON E 1030 ROAD/WEST OF COUNTY STREET 2570,HINTON,OK,73047,IN SERVICE,1,10310,CADDO,40015,USA,35.52173614,-98.42127491
GCOMP1800,ENABLE GAS GATHERING L.L.C.,SIX MILE CREEK COMPRESSOR STATION,Technician-17,11/26/2022,11/21/2023,12,55,,40,,50,DARLINGTON ROAD NW AND ROAD N2720; 2 MILES SW OF TOWN CALUMET,CALUMET,OK,73014,IN SERVICE,1,-999,CANADIAN,40017,USA,35.579814,-98.154845
GCOMP1806,ENABLE GAS GATHERING L.L.C.,GRANDVIEW COMPRESSOR STATION,Technician-18,11/28/2022,11/23/2023,12,55,,40,,25,18723 N WALBAUM ROAD; 220TH STREET NW AND WALBAUM ROAD,GEARY,OK,73040,IN SERVICE,1,-999,CANADIAN,40017,USA,35.696913,-98.241479
GCOMP1801,ENLINK MIDSTREAM SERVICES L.L.C.,SAPPHIRE COMPRESSOR STATION,Technician-19,11/16/2022,11/11/2023,12,55,,40,,100,6080 NORTH RANCH ROAD,CALUMET,OK,73014,IN SERVICE,1,-999,CANADIAN,40017,USA,35.586736,-98.151312
GCOMP1804,ENLINK MIDSTREAM SERVICES L.L.C.,RUBY COMPRESSOR STATION,Technician-20,5/18/2023,11/14/2023,6,55,,40,,100,23020 MEMORIAL ROAD NW; 0.4 MILE SW MEMORIAL ROAD NW AND ROAD N2690,CALUMET,OK,73014,IN SERVICE,1,-999,CANADIAN,40017,USA,35.603115,-98.217796
GCOMP1805,ENLINK MIDSTREAM SERVICES L.L.C.,SILVER COMPRESSOR STATION,Technician-21,11/20/2022,11/15/2023,12,55,,40,,100,SE CORNER S CEDAR/SMITH W ROAD,CALUMET,OK,73014,IN SERVICE,1,-999,CANADIAN,40017,USA,35.505676,-98.18144
GCOMP1817,ENLINK MIDSTREAM SERVICES L.L.C.,DIAMOND COMPRESSOR STATION,Technician-22,5/5/2023,11/1/2023,6,55,,40,,100,0.1 MILE W OF SW29TH STREET AND S FORT RENO ROAD,UNION CITY,OK,73090,IN SERVICE,1,-999,CANADIAN,40017,USA,35.433184,-98.061639
GCOMP1811,IRON HORSE MIDSTREAM L.L.C.,CRUSADER COMPRESSOR STATION,Technician-23,11/20/2022,11/15/2023,12,55,20,40,,100,10500 S BRANDLEY ROAD; .25 MILE NW OF S BRANDLEY ROAD/29TH STREET SW,EL RENO,OK,73036,IN SERVICE,1,-999,CANADIAN,40017,USA,35.43748,-98.044672
GCOMP1812,IRON HORSE MIDSTREAM L.L.C.,TERRITORY COMPRESSOR STATION,Technician-24,6/2/2023,11/29/2023,6,55,,40,,100,5630 S EVANS ROAD; 0.5 MILE NW OF REUTER ROAD/S EVANS ROAD,EL RENO,OK,73036,IN SERVICE,1,-999,CANADIAN,40017,USA,35.4813,-97.88508
GCOMP1796,MIDSHIP PIPELINE COMPANY L.L.C.,CALUMET COMPRESSOR STATION,Technician-25,6/4/2023,12/1/2023,6,55,20,40,,100,14275 SMITH ROAD WEST,EL RENO,OK,73036,IN SERVICE,2,8700,CANADIAN,40017,USA,35.506948,-98.11238
GCOMP1799,ONEOK FIELD SERVICES COMPANY L.L.C.,CEDAR LAKE COMPRESSOR STATION,Technician-01,6/10/2023,12/7/2023,6,55,,40,,100,0.43 MILE SE S CEDAR ROAD/ELM STREET W,CALUMET,OK,73014,IN SERVICE,1,-999,CANADIAN,40017,USA,35.515952,-98.18228
GCOMP1803,ONEOK FIELD SERVICES COMPANY L.L.C.,ICE COMPRESSOR STATION,Technician-02,12/20/2022,12/15/2023,12,55,20,,,100,0.43 MILE SW OF HIGHWAY 270 AND N CEDAR ROAD,CALUMET,OK,73014,IN SERVICE,1,-999,CANADIAN,40017,USA,35.61799,-98.200628
GCOMP1808,ONEOK FIELD SERVICES COMPANY L.L.C.,CLOVIS COMPRESSOR STATION,Technician-03,7/4/2023,12/31/2023,6,55,,,,100,10960 N BANNER ROAD; 6 MILES E FROM HIGHWAY 81/HEFNER ROAD,EL RENO,OK,73036,IN SERVICE,1,-999,CANADIAN,40017,USA,35.582077,-97.852053
GCOMP1809,ONEOK FIELD SERVICES COMPANY L.L.C.,SW EL RENO COMPRESSOR STATION,Technician-04,5/19/2023,11/15/2023,6,55,,40,,100,3900 S ALFADALE ROAD; 2 MILES SE OF EL RENO,EL RENO,OK,73036,IN SERVICE,2,-999,CANADIAN,40017,USA,35.496769,-97.918628
GCOMP1810,ONEOK FIELD SERVICES COMPANY L.L.C.,EL RENO COMPRESSOR STATION,Technician-05,11/22/2022,11/17/2023,12,55,20,,,100,US-81 13 MILES N FROM EL RENO,EL RENO,OK,73036,IN SERVICE,1,-999,CANADIAN,40017,USA,35.644666,-97.958111
GCOMP1815,ONEOK FIELD SERVICES COMPANY L.L.C.,RATLIFF COMPRESSOR STATION,Technician-06,5/23/2023,11/19/2023,6,55,,,,100,NE OF N WALBAUM AND MEMORIAL,GEARY,OK,73040,IN SERVICE,3,-999,CANADIAN,40017,USA,35.61,-98.242
GCOMP1816,ONEOK FIELD SERVICES COMPANY L.L.C.,WARD COMPRESSOR STATION,Technician-07,11/26/2022,11/21/2023,12,55,,,,100,0.5 MILE W OF EDMOND ROAD NW AND N NILES ROAD,GEARY,OK,73040,IN SERVICE,5,-999,CANADIAN,40017,USA,35.653414,-98.268533
GCOMP1807,ONEOK FIELD SERVICES COMPANY L.L.C.,CADDO SALES COMPRESSOR STATION,Technician-08,5/27/2023,11/23/2023,6,55,,,,100,59TH STREET SW 0.7 MILE EAST OF S WALBAUM ROAD,HINTON,OK,73047,IN SERVICE,1,-999,CANADIAN,40017,USA,35.406257,-98.224516
GCOMP1802,REDCLIFF MIDSTREAM LLC,HOBSON COMPRESSOR STATION,Technician-09,11/16/2022,11/11/2023,12,55,20,40,,100,0.15 MILE NW OF 192ND STREET NW/N CEDAR ROAD,CALUMET,OK,73040,IN SERVICE,1,-999,CANADIAN,40017,USA,35.66801,-98.19114
GCOMP1814,SUPERIOR PIPELINE COMPANY L.L.C.,NILES COMPRESSOR STATION,Technician-10,2/17/2023,11/14/2023,9,55,,,,100,OK-37 AND S NILES ROAD,NILES,OK,73047,IN SERVICE,1,-999,CANADIAN,40017,USA,35.41969,-98.255014
GCOMP1813,TOM STACK L.L.C.,BIG SKY COMPRESSOR STATION,Technician-11,5/19/2023,11/15/2023,6,55,,40,,100,19100 SW 29TH STREET; 0.4 MILE E OF RADIO STREET/SW29TH STREET,UNION CITY,OK,73036,IN SERVICE,1,-999,CANADIAN,40017,USA,35.434267,-97.89553
GCOMP1818,TOM STACK L.L.C.,ROGUE COMPRESSOR STATION,Technician-12,5/5/2023,11/1/2023,6,55,,,,100,0.4 MILE NE OF 164TH STREET NE AND N ALFADALE ROAD,CONCHO,OK,73762,IN SERVICE,5,-999,CANADIAN,40017,USA,35.644591,-97.922305
GCOMP1819,USA COMPRESSION PARTNERS LP,UNION COMPRESSOR STATION,Technician-13,11/20/2022,11/15/2023,12,55,,,,100,0.5 MILE S OF COUNTRY CLUB ROAD AND SW 44TH STREET,UNION CITY,OK,73090,IN SERVICE,5,-999,CANADIAN,40017,USA,35.411272,-97.976473
GCOMP827,NATURAL GAS PIPELINE COMPANY OF AMERICA L.L.C.,STATION 801 - RATLIFF CITY,Technician-14,3/4/2023,11/29/2023,9,55,20,,,100,7212 CARGO ROAD,RATLIFF CITY,OK,73481,IN SERVICE,4,15120,CARTER,40019,USA,34.46464965,-97.5311796
GCOMP1025,COLORADO INTERSTATE GAS COMPANY L.L.C.,KEYES,Technician-15,12/6/2022,12/1/2023,12,55,,40,,100,E0080 ROAD AND N0390 ROAD,KEYES,OK,73947,IN SERVICE,5,10100,CIMARRON,40025,USA,36.896758,-102.317881
GCOMP1030,CENTERPOINT ENERGY GAS TRANSMISSION COMPANY L.L.C.,CHILES DOME,Technician-16,6/10/2023,12/7/2023,6,55,,,,100,E1590 ROAD,CENTRAHOMA,OK,74534,IN SERVICE,3,6750,COAL,40029,USA,34.70988815,-96.29770044
GCOMP1826,ENABLE GAS GATHERING L.L.C.,ROCK CREEK COMPRESSOR STATION,Technician-17,6/18/2023,12/15/2023,6,55,,,,100,5 MILES N AND 1 MILE E OF CENTRAHOMA,CENTRAHOMA,OK,74534,IN SERVICE,1,-999,COAL,40029,USA,34.64669,-96.28571
GCOMP1829,ENABLE GAS GATHERING L.L.C.,PARKER COMPRESSOR STATION,Technician-18,7/4/2023,12/31/2023,6,55,,,Y,100,0.3 MILE S OF ILBERRY AND ROAD N3880,COALGATE,OK,74538,IN SERVICE,4,-999,COAL,40029,USA,34.675722,-96.108686
GCOMP1830,"ENABLE GAS TRANSMISSION, L.L.C.",MAYER COMPRESSOR STATION,Technician-19,5/19/2023,11/15/2023,6,55,,,,100,1 MILE S OF ROEBUCK ROAD AND OK-3,COALGATE,OK,74538,IN SERVICE,1,-999,COAL,40029,USA,34.586472,-96.313092
GCOMP1820,MARKWEST ENERGY PARTNERS L.P.,ARKOMA CS #1,Technician-20,11/22/2022,11/17/2023,12,55,20,,,100,ROAD N3840 S OF MARCUM ROAD,COALGATE,OK,74538,IN SERVICE,4,14200,COAL,40029,USA,34.633899,-96.179015
GCOMP1821,MARKWEST ENERGY PARTNERS L.P.,SPRAGUE COMPRESSOR STATION,Technician-21,11/24/2022,11/19/2023,12,55,,,,100,ROAD N3840 AND 1 MILE N OF ROAD E1640,COALGATE,OK,74538,IN SERVICE,4,-999,COAL,40029,USA,34.651346,-96.180415
GCOMP1823,MARKWEST OKLAHOMA GAS COMPANY L.L.C.,COFFEY COMPRESSOR STATION,Technician-22,11/26/2022,11/21/2023,12,55,,,,100,4 MILES NNE OF CENTRAHOMA,CENTRAHOMA,OK,74534,IN SERVICE,4,-999,COAL,40029,USA,34.663149,-96.307531
GCOMP1824,MARKWEST OKLAHOMA GAS COMPANY L.L.C.,WOMACK COMPRESSOR STATION,Technician-23,5/27/2023,11/23/2023,6,55,,,,100,ILBERN ROAD N OF LONE STAR CHURCH ROAD,COALGATE,OK,74538,IN SERVICE,1,-999,COAL,40029,USA,34.660443,-96.110796
GCOMP1825,MARKWEST OKLAHOMA GAS COMPANY L.L.C.,COALGATE MAYER COMPRESSOR STATION,Technician-24,11/16/2022,11/11/2023,12,55,,,,100,POLK ROAD N OF ROAD E1660,COALGATE,OK,74538,IN SERVICE,1,-999,COAL,40029,USA,34.613915,-96.223855
GCOMP1828,TPL ARKOMA HOLDINGS LLC,ABLE COMPRESSOR STATION,Technician-25,5/18/2023,11/14/2023,6,55,,,,100,MATTHEWS ROAD AND OK-31; 0.21 MILE NW HIGHWAY 31 AND ROAD N3790,COALGATE,OK,74538,IN SERVICE,5,-999,COAL,40029,USA,34.528072,-96.272542
GCOMP1827,VM ARKOMA STACK L.L.C.,SPITFIRE COMPRESSOR STATION,Technician-01,2/18/2023,11/15/2023,9,55,,,,100,1 MILE W OF JUNCTION OF OK-75 AND ROAD E1620,COALGATE,OK,74538,IN SERVICE,4,-999,COAL,40029,USA,34.668366,-96.282806
GCOMP1831,XTO ENERGY INC.,SALT CREEK COMPRESSOR STATION,Technician-02,11/6/2022,11/1/2023,12,55,20,,Y,100,0.2 MILE S OF ILBERRY AND ROAD N3880,COALGATE,OK,74538,IN SERVICE,3,-999,COAL,40029,USA,34.673983,-96.108652
GCOMP676,SOUTHERN STAR CENTRAL GAS PIPELINE INC.,514 DRUMRIGHT,Technician-03,5/19/2023,11/15/2023,6,55,,,,100,51970 W. 86TH STREET SOUTH,DRUMRIGHT,OK,74030,IN SERVICE,3,2475,CREEK,40037,USA,36.03863268,-96.57476704
GCOMP580,ANR PIPELINE COMPANY,CUSTER,Technician-04,12/4/2022,11/29/2023,12,55,,,,100,4 MILES W OF HIGHWAY 33/183; OK-33,CUSTER CITY,OK,73620,IN SERVICE,4,45400,CUSTER,40039,USA,35.63721,-99.02329
GCOMP1181,ANR PIPELINE COMPANY,TRANSOK,Technician-05,6/4/2023,12/1/2023,6,55,,,,100,N2300 ROAD; 2 MILES E OFF HIGHWAY 33,CUSTER CITY,OK,73639,IN SERVICE,1,720,CUSTER,40039,USA,35.64803135,-98.89712613
GCOMP1228,CENTERPOINT ENERGY GAS TRANSMISSION COMPANY L.L.C.,CUSTER,Technician-06,12/12/2022,12/7/2023,12,55,,,,100,OK-33/N2230 ROAD,CLINTON,OK,73601,IN SERVICE,4,4782,CUSTER,40039,USA,35.640806,-99.026752
GCOMP1180,ANR PIPELINE COMPANY,LENORA,Technician-07,12/20/2022,12/15/2023,12,55,,,,100,N2160 ROAD/E0630 ROAD,LENORA,OK,73667,IN SERVICE,2,17226,DEWEY,40043,USA,36.10160074,-99.15121244
GCOMP1029,NATURAL GAS PIPELINE COMPANY OF AMERICA L.L.C.,STATION 158 - TALOGA,Technician-08,1/5/2023,12/31/2023,12,55,,,,100,"E0710 ROAD/EAST OF N2210 ROAD (LOCATED 5 MILES WEST OF TALOGA THEN 4 MILES SOUTH OF LENORA) COUNTY ROAD-E0675; SECTION 6, TOWNSHIP 17N, RANGE 17W",TALOGA,OK,73667,IN SERVICE,1,2745,DEWEY,40043,USA,35.985062,-99.056955
GCOMP984,PANHANDLE EASTERN PIPE LINE COMPANY L.P.,OKLAHOMA-SEILING-DEWEY COUNTY,Technician-09,11/20/2022,11/15/2023,12,55,,,,100,CORNER OF US-60 AND N2240 ROAD; 6 MILES W ON HIGHWAY 60,SEILING,OK,73663,IN SERVICE,1,10860,DEWEY,40043,USA,36.14545218,-99.01272482
GCOMP1176,CIMARRON RIVER PIPELINE L.L.C.,ELLIS COUNTY 2,Technician-10,5/21/2023,11/17/2023,6,55,20,,,100,N1880 ROAD,FARGO,OK,73840,IN SERVICE,3,3889,ELLIS,40045,USA,36.35895733,-99.66071371
GCOMP1027,CIMARRON RIVER PIPELINE L.L.C.,ELLIS COUNTY 1,Technician-11,11/24/2022,11/19/2023,12,55,,,,100,E0360 ROAD,SHATTUCK,OK,73858,IN SERVICE,4,3231,ELLIS,40045,USA,36.48768,-99.920021
GCOMP1174,CIMARRON RIVER PIPELINE L.L.C.,ELLIS COUNTY 4,Technician-12,5/25/2023,11/21/2023,6,55,,,,100,N1710 ROAD/SOUTH OF E0350 ROAD,SHATTUCK,OK,73858,NOT AVAILABLE,2,-999,ELLIS,40045,USA,36.49977149,-99.97376653
GCOMP1175,CIMARRON RIVER PIPELINE L.L.C.,ELLIS COUNTY 3,Technician-13,11/28/2022,11/23/2023,12,55,,,,100,N1770 ROAD/NORTH OF E0390 ROAD,SHATTUCK,OK,73858,IN SERVICE,2,927,ELLIS,40045,USA,36.45585021,-99.85539312
GCOMP581,CENTERPOINT ENERGY GAS TRANSMISSION COMPANY L.L.C.,ENID,Technician-14,5/15/2023,11/11/2023,6,55,,,,100,4 MILES W ON SECTION ROAD,ENID,OK,73701,CLOSED,5,37300,GARFIELD,40047,USA,36.36226353,-97.95910933
GCOMP1836,DCP OPERATING COMPANY L.P.,LINDSAY PANTHER CREEK COMPRESSOR,Technician-15,5/18/2023,11/14/2023,6,55,,,,100,ROAD N3095 1 MILE S OF ROAD E1580,ANTIOCH,OK,73052,IN SERVICE,1,-999,GARVIN,40049,USA,34.705907,-97.471793
GCOMP1847,DCP OPERATING COMPANY L.P.,BRADLEY COMPRESSOR STATION,Technician-16,5/19/2023,11/15/2023,6,55,,,,100,N2990 ROAD S OF ROAD E1510; 5 MILES SW OF LINDSAY,LINDSAY,OK,73052,IN SERVICE,9,-999,GARVIN,40049,USA,34.82419,-97.66329
GCOMP1848,DCP OPERATING COMPANY L.P.,FINLEY COMPRESSOR STATION,Technician-17,11/6/2022,11/1/2023,12,55,,,,100,10971 COUNTY ROAD 1590; 0.5 MILE SW OF COUNTY ROAD 1590 AND ROAD N3000,LINDSAY,OK,73052,IN SERVICE,6,-999,GARVIN,40049,USA,34.702407,-97.661134
GCOMP1849,DCP OPERATING COMPANY L.P.,JUNCTION COMPRESSOR STATION,Technician-18,5/19/2023,11/15/2023,6,55,,,,100,OK-59B E OF ROAD N3040,LINDSAY,OK,73052,IN SERVICE,2,-999,GARVIN,40049,USA,34.84135,-97.576117
GCOMP1850,DCP OPERATING COMPANY L.P.,LINDSAY COMPRESSOR STATION,Technician-19,6/2/2023,11/29/2023,6,55,20,40,,100,ROAD N3060 0.2 MILE N OF ROAD E1540,LINDSAY,OK,73052,IN SERVICE,1,-999,GARVIN,40049,USA,34.79038,-97.55069
GCOMP1851,DCP OPERATING COMPANY L.P.,VIPER COMPRESSOR STATION,Technician-20,12/6/2022,12/1/2023,12,55,,40,,25,OK-76 0.5 MILE S FROM COUNTY ROAD 1590,LINDSAY,OK,73052,IN SERVICE,6,-999,GARVIN,40049,USA,34.6919,-97.5972
GCOMP1854,DCP OPERATING COMPANY L.P.,GILL COMPRESSOR STATION,Technician-21,6/10/2023,12/7/2023,6,55,,40,,33,0.2 MILE NW OF ROADS E1600 AND N3000,PURDY,OK,73052,IN SERVICE,7,-999,GARVIN,40049,USA,34.69846,-97.65205
GCOMP1855,"ENABLE OKLAHOMA INTRASTATE TRANSMISSION, L.L.C.",LANG COMPRESSOR STATION,Technician-22,12/20/2022,12/15/2023,12,55,,40,,49,0.5 MILE N OF ROAD E1590 AND ROAD N3010,PURDY,OK,73052,IN SERVICE,5,-999,GARVIN,40049,USA,34.718401,-97.634624
GCOMP1856,"ENABLE OKLAHOMA INTRASTATE TRANSMISSION, L.L.C.",MURRAY COMPRESSOR STATION,Technician-23,7/4/2023,12/31/2023,6,55,,40,,51,0.15 MILE NE OF ROAD E1590 AND ROAD N3020,PURDY,OK,73052,IN SERVICE,4,-999,GARVIN,40049,USA,34.711456,-97.612269
GCOMP1857,"ENABLE OKLAHOMA INTRASTATE TRANSMISSION, L.L.C.",PURDY COMPRESSOR STATION (ENABLE),Technician-24,11/20/2022,11/15/2023,12,55,,40,,66,0.2 MILE N OF ROADS N3010 AND E1600,PURDY,OK,73052,IN SERVICE,5,-999,GARVIN,40049,USA,34.698122,-97.634581
GCOMP1852,ENERFIN GATHERING L.L.C.,ANTIOCH COMPRESSOR STATION,Technician-25,2/20/2023,11/17/2023,9,55,,40,,67,17036 STATE HIGHWAY 74,MAYSVILLE,OK,73057,IN SERVICE,2,-999,GARVIN,40049,USA,34.748733,-97.406126
GCOMP1853,ENERFIN GATHERING L.L.C.,PAULS VALLEY COMPRESSOR STATION,Technician-01,5/23/2023,11/19/2023,6,55,,40,,92,ROAD N3220 E OF ROAD N3220,PAULS VALLEY,OK,73075,IN SERVICE,2,-999,GARVIN,40049,USA,34.785842,-97.260948
GCOMP1797,MIDSHIP PIPELINE COMPANY L.L.C.,TATUMS COMPRESSOR STATION,Technician-02,5/25/2023,11/21/2023,6,55,,40,,93,32966 NORTH COUNTY ROAD 3100,ELMORE CITY,OK,73433,IN SERVICE,2,15600,GARVIN,40049,USA,34.520507,-97.478878
GCOMP1846,TARGA PIPELINE MIDCONTINENT L.L.C.,BRAWLEY COMPRESSOR STATION,Technician-03,11/28/2022,11/23/2023,12,55,,40,,94,1.3 MILES NW OF ROADS N3000 AND E1590,LINDSAY,OK,73052,IN SERVICE,3,-999,GARVIN,40049,USA,34.724299,-97.664832
GCOMP1858,USA COMPRESSION PARTNERS L.P.,KATIE COMPRESSOR STATION,Technician-04,2/14/2023,11/11/2023,9,55,20,40,,95,JUNCTION OF HIGHWAY 7 AND ROAD N3200,HOOVER,OK,73030,IN SERVICE,1,-999,GARVIN,40049,USA,34.522425,-97.300337
GCOMP1859,USA COMPRESSION PARTNERS L.P.,RUSH CREEK COMPRESSOR STATION,Technician-05,11/19/2022,11/14/2023,12,55,,40,Y,96,10971 COUNTY ROAD 1590,LINDSAY,OK,73052,IN SERVICE,6,-999,GARVIN,40049,USA,34.702411,-97.661489
GCOMP1860,USA COMPRESSION PARTNERS L.P.,PURDY COMPRESSOR STATION (USA COMPR),Technician-06,5/19/2023,11/15/2023,6,55,20,40,Y,97,0.2 MILE N OF ROADS N3010 AND E1600,PURDY,OK,73052,IN SERVICE,1,-999,GARVIN,40049,USA,34.698194,-97.634519
GCOMP1838,WOODFORD EXPRESS L.L.C.,SUPERCELL COMPRESSOR STATION,Technician-07,5/5/2023,11/1/2023,6,55,,40,,98,N COUNTY ROAD 3049 0.4 MILE S OF ROAD E1570,LINDSAY,OK,73052,IN SERVICE,7,-999,GARVIN,40049,USA,34.73451,-97.57538
GCOMP1837,WOODFORD EXPRESS L.L.C.,DOWNDRAFT COMPRESSOR STATION,Technician-08,5/19/2023,11/15/2023,6,55,20,,,99,26025 CEMETERY ROAD; 0.43 MILE SW OF HIGHWAY 29 AND CEMETERY ROAD,ELMORE CITY,OK,73433,IN SERVICE,3,-999,GARVIN,40049,USA,34.61693,-97.43012
GCOMP993,CENTERPOINT ENERGY GAS TRANSMISSION COMPANY L.L.C.,AMBER JUNCTION,Technician-09,6/2/2023,11/29/2023,6,55,,,Y,80,COUNTY ROAD - E1280; 3 MILES W OF AMBER,POCASSET,OK,73079,IN SERVICE,4,12985,GRADY,40051,USA,35.15870147,-97.9221637
GCOMP1840,WOODFORD EXPRESS L.L.C.,TURKEY TOWER COMPRESSOR FACILITY,Technician-10,12/6/2022,12/1/2023,12,55,,40,,75,0.6 MILE NE OF CEDAR HILL ROAD AND TIMBER ROAD,ALEX,OK,73011,IN SERVICE,2,-999,GRADY,40051,USA,34.85749,-97.80279
GCOMP505,SOUTHERN STAR CENTRAL GAS PIPELINE INC.,543 WAKITA,Technician-11,12/12/2022,12/7/2023,12,55,20,,,70,31897 OK-11A; 1 MILE S OF WAKITA ON 11A,WAKITA,OK,73771,IN SERVICE,2,4000,GRANT,40053,USA,36.86657135,-97.93074919
GCOMP73,SOUTHERN STAR CENTRAL GAS PIPELINE INC.,432 WEBB,Technician-12,12/20/2022,12/15/2023,12,55,,,,60,110146 JOHNSTON ROAD; JOHNSTON ROAD 31K,DEER CREEK,OK,74636,IN SERVICE,1,2400,GRANT,40053,USA,36.85371918,-97.47790852
GCOMP1946,DCP OPERATING COMPANY L.P.,BUFFALO COMPRESSOR STATION,Technician-13,7/4/2023,12/31/2023,6,55,,,,50,1.3 MILES SW OF ROADS N2010 AND EW-12,BUFFALO,OK,73834,IN SERVICE,1,-999,HARPER,40059,USA,36.824,-99.4431
GCOMP1943,ONEOK FIELD SERVICES COMPANY L.L.C.,PET X LATERAL COMPRESSOR STATION,Technician-14,11/20/2022,11/15/2023,12,55,,,,25,1801-1899 ROAD N1980,BUFFALO,OK,73834,IN SERVICE,1,-999,HARPER,40059,USA,36.751863,-99.493857
GCOMP1945,ONEOK FIELD SERVICES COMPANY L.L.C.,CHEYENNE COMPRESSOR STATION (ONEOK),Technician-15,5/21/2023,11/17/2023,6,55,20,40,,100,2 MILES NE OF ROADS N1990 AND EW-27,SELMAN,OK,73834,IN SERVICE,1,-999,HARPER,40059,USA,36.649275,-99.464903
GCOMP1947,ONEOK FIELD SERVICES COMPANY L.L.C.,CROWSFOOT COMPRESSOR STATION,Technician-16,2/22/2023,11/19/2023,9,55,,,,100,2198 N1950 ROAD; ROADS N1950 AND E0220,BUFFALO,OK,73834,IN SERVICE,1,-999,HARPER,40059,USA,36.695116,-99.54963
GCOMP1944,TAPSTONE ENERGY L.L.C.,LOG CABIN CENTRAL COMPRESSOR STATION,Technician-17,11/26/2022,11/21/2023,12,55,,40,,100,0.5 MILE SE OF HIGHWAY 270 AND ROAD N1770,LAVERNE,OK,73848,IN SERVICE,1,-999,HARPER,40059,USA,36.6174,-99.8661
GCOMP496,ENBRIDGE INC.,LEQUIRE,Technician-18,5/27/2023,11/23/2023,6,55,,,,100,31088 N4440 ROAD,MCCURTAIN,OK,74944,IN SERVICE,4,45400,HASKELL,40061,USA,35.105009,-95.120496
GCOMP1205,CENTERPOINT ENERGY GAS TRANSMISSION COMPANY L.L.C.,ALLEN,Technician-19,11/16/2022,11/11/2023,12,55,,,,100,NS374 ROAD/EW 148 ROAD (3.54 MILES SE OF ALLEN),ALLEN,OK,74825,IN SERVICE,1,13220,HUGHES,40063,USA,34.86647,-96.352732
GCOMP1948,XTO ENERGY INC.,DAUBE RANCH COMPRESSOR STATION,Technician-20,5/18/2023,11/14/2023,6,55,20,,Y,100,0.2 MILE W OF DAUBE RANCH ROAD AND LONE CEDAR ROAD,TISHOMINGO,OK,73460,IN SERVICE,1,-999,JOHNSTON,40069,USA,34.245852,-96.920085
GCOMP215,SOUTHERN STAR CENTRAL GAS PIPELINE INC.,511 BLACKWELL,Technician-21,11/20/2022,11/15/2023,12,55,,40,,100,1600 N 13TH STREET,BLACKWELL,OK,74631,IN SERVICE,5,8400,KAY,40071,USA,36.82548326,-97.30037272
GCOMP1971,BCE MACH III MIDSTREAM HOLDINGS L.L.C.,WAY SOUTH COMPRESSOR STATION,Technician-22,11/6/2022,11/1/2023,12,55,,,,100,SW OF ROADS E0820 AND N2950,CASHION,OK,73016,IN SERVICE,5,-999,KINGFISHER,40073,USA,35.82719,-97.745888
GCOMP1972,BCE MACH III MIDSTREAM HOLDINGS L.L.C.,WAY SOUTH COMPRESSOR STATION 1,Technician-23,11/20/2022,11/15/2023,12,55,,,,100,0.4 MILE W OF ROADS N2960 AND E0820,CASHION,OK,73016,IN SERVICE,1,-999,KINGFISHER,40073,USA,35.82714,-97.735446
GCOMP1976,BCE MACH III MIDSTREAM HOLDINGS L.L.C.,NORTH OF LINCOLN COMPRESSOR STATION,Technician-24,12/4/2022,11/29/2023,12,55,,,,100,0.01 MILE W OF ROADS E0700 AND N2970,CRESCENT,OK,73028,NOT AVAILABLE,-999,-999,KINGFISHER,40073,USA,36.000534,-97.71164
GCOMP949,PANHANDLE EASTERN PIPE LINE COMPANY L.P.,OKLAHOMA-CASHION-KINGFISHER COUNTY,Technician-25,6/4/2023,12/1/2023,6,55,,,,100,CASHION STATION; 4 MILE WEST 1/2 MILE SOUTH OF CASHION,CASHION,OK,73016,IN SERVICE,4,11222,KINGFISHER,40073,USA,35.78932848,-97.74436885
GCOMP1973,SUPERIOR PIPELINE COMPANY L.L.C.,REEDING COMPRESSOR STATION,Technician-01,12/12/2022,12/7/2023,12,55,20,,,100,26512 E0860 ROAD; 0.5 MILE W OF ROADS E0860 AND N2960,CASHION,OK,73016,IN SERVICE,10,-999,KINGFISHER,40073,USA,35.766629,-97.734173
GCOMP1227,NATURAL GAS PIPELINE COMPANY OF AMERICA L.L.C.,STATION 156 - MT. VIEW,Technician-02,6/18/2023,12/15/2023,6,55,,,,100,OK-115/E 1340 ROAD; CORNER OF E1340 ROAD AND OK-115,MOUNTAIN VIEW,OK,73062,IN SERVICE,3,9000,KIOWA,40075,USA,35.07391306,-98.72742539
GCOMP198,CENTERPOINT ENERGY GAS TRANSMISSION COMPANY L.L.C.,CHANDLER,Technician-03,1/5/2023,12/31/2023,12,55,,,,25,1537 SW 1050TH AVENUE,WILBURTON,OK,74578,IN SERVICE,3,20000,LATIMER,40077,USA,34.88892034,-95.40459597
GCOMP451,CENTERPOINT ENERGY GAS TRANSMISSION COMPANY L.L.C.,POTEAU,Technician-04,5/19/2023,11/15/2023,6,55,,,,33,28021 OK-112,CAMERON,OK,74932,IN SERVICE,5,37300,LE FLORE,40079,USA,35.1291162,-94.56229453
GCOMP1953,DCP OPERATING COMPANY L.P.,COPPERHEAD COMPRESSOR STATION,Technician-05,5/21/2023,11/17/2023,6,55,,,,49,336410 E 930 ROAD; ROAD E 930 0.6 MILE E OF S HIGHWAY 177,CHANDLER,OK,74834,IN SERVICE,3,-999,LINCOLN,40081,USA,35.670592,-97.006371
GCOMP1958,HARRAH MIDSTREAM L.L.C.,SOUTH DAVENPORT COMPRESSOR STATION,Technician-06,5/23/2023,11/19/2023,6,55,,,,51,ROAD E 930 0.7 MILE WNW OF ROAD 3500,DAVENPORT,OK,74026,IN SERVICE,3,-999,LINCOLN,40081,USA,35.668317,-96.777348
GCOMP1957,HARRAH MIDSTREAM L.L.C.,DAVENPORT COMPRESSOR STATION,Technician-07,11/26/2022,11/21/2023,12,55,,,,66,ROAD N3490 0.5 MILE S OF ROAD E 890,CHANDLER,OK,74834,IN SERVICE,5,-999,LINCOLN,40081,USA,35.717915,-96.786409
GCOMP1963,HARRAH MIDSTREAM L.L.C.,WELLSTON COMPRESSOR STATION,Technician-08,5/27/2023,11/23/2023,6,55,20,,,67,332851 E 950 ROAD; 0.2 MILE W OF MIDLOTHIAN ROAD AND ROAD 3330,WELLSTON,OK,74881,IN SERVICE,1,-999,LINCOLN,40081,USA,35.636385,-97.073526
GCOMP1959,SCISSORTAIL ENERGY L.L.C.,NORTH AJAX COMPRESSOR STATION,Technician-09,5/15/2023,11/11/2023,6,55,,,,92,ROADS N3480 AND 830,STROUD,OK,74079,IN SERVICE,1,-999,LINCOLN,40081,USA,35.811179,-96.805244
GCOMP1962,SCISSORTAIL ENERGY L.L.C.,GOOSE CREEK COMPRESSOR STATION,Technician-10,11/19/2022,11/14/2023,12,55,,,,93,353500 E 970 ROAD; ROAD E 970 0.3 MILE W OF ROAD N3540,STROUD,OK,74079,IN SERVICE,1,-999,LINCOLN,40081,USA,35.608919,-96.703118
GCOMP1950,SCISSORTAIL ENERGY L.L.C.,MOUNT VERNON COMPRESSOR STATION,Technician-11,5/19/2023,11/15/2023,6,55,,,,94,ROAD E 840 0.6 MILE W OF ROAD N 3410,CARNEY,OK,74832,IN SERVICE,1,-999,LINCOLN,40081,USA,35.797233,-96.935739
GCOMP1968,SCISSORTAIL ENERGY L.L.C.,MCDANIEL COMPRESSOR STATION,Technician-12,11/6/2022,11/1/2023,12,55,,,,95,200 US-177,CARNEY,OK,74832,NOT AVAILABLE,-999,-999,LINCOLN,40081,USA,35.82044,-97.016826
GCOMP1969,SCISSORTAIL ENERGY L.L.C.,NUBERRY COMPRESSOR STATION,Technician-13,5/19/2023,11/15/2023,6,55,,,,96,332842 OK-105; OK-105 W OF ROAD 3330,CARNEY,OK,74832,NOT AVAILABLE,-999,-999,LINCOLN,40081,USA,35.869932,-97.072609
GCOMP1952,SCISSORTAIL ENERGY L.L.C.,ACHILLES COMPRESSOR STATION,Technician-14,12/4/2022,11/29/2023,12,55,,,,97,0.7 MILE NW OF ROAD S 3450 AND ROAD E 870,CHANDLER,OK,74834,IN SERVICE,2,-999,LINCOLN,40081,USA,35.760621,-96.86657
GCOMP1954,SCISSORTAIL ENERGY L.L.C.,EAST CHANDLER COMPRESSOR STATION,Technician-15,3/6/2023,12/1/2023,9,55,,,,98,1970-1852 E INDIAN TRAIL; 0.7 MILE W OF ROADS N3460 AND E0920,CHANDLER,OK,74834,IN SERVICE,3,-999,LINCOLN,40081,USA,35.687591,-96.85004
GCOMP1955,SCISSORTAIL ENERGY L.L.C.,MIDWAY COMPRESSOR STATION,Technician-16,6/10/2023,12/7/2023,6,55,20,,,99,341403 E 0860 ROAD; 0.5 MILE E OF ROADS E 0860 AND N 3410,CHANDLER,OK,74834,IN SERVICE,2,-999,LINCOLN,40081,USA,35.770506,-96.92448
GCOMP1956,SCISSORTAIL ENERGY L.L.C.,TURNPIKE COMPRESSOR STATION,Technician-17,6/18/2023,12/15/2023,6,55,,,,80,ROAD S3470 0.3 MILE N OF US-44,CHANDLER,OK,74834,IN SERVICE,2,-999,LINCOLN,40081,USA,35.732128,-96.823539
GCOMP1960,SCISSORTAIL ENERGY L.L.C.,STEAMBOAT COMPRESSOR STATION,Technician-18,1/5/2023,12/31/2023,12,55,,,,75,0.5 MILE NE OF ROAD N3503 AND US-44,CHANDLER,OK,74834,IN SERVICE,1,-999,LINCOLN,40081,USA,35.743916,-96.758834
GCOMP1961,SCISSORTAIL ENERGY L.L.C.,WILZETTA COMPRESSOR STATION,Technician-19,2/18/2023,11/15/2023,9,55,,,,70,OIL ROAD 0.5 MILE W OF NORTHSOUTH 3520,SPARKS,OK,74869,IN SERVICE,1,-999,LINCOLN,40081,USA,35.557903,-96.737295
GCOMP1964,SCISSORTAIL ENERGY L.L.C.,POLL COMPRESSOR STATION,Technician-20,11/22/2022,11/17/2023,12,55,,,,60,ROAD N 3340 0.5 MILE S OF US-44,WELLSTON,OK,74881,IN SERVICE,1,-999,LINCOLN,40081,USA,35.674106,-97.053187
GCOMP1965,SCISSORTAIL ENERGY L.L.C.,KVG COMPRESSOR STATION,Technician-21,5/23/2023,11/19/2023,6,55,,,,50,MIDLOTHIAN ROAD W OF ROAD N 3340,WELLSTON,OK,74881,IN SERVICE,1,-999,LINCOLN,40081,USA,35.637241,-97.054593
GCOMP1966,SCISSORTAIL ENERGY L.L.C.,WEST WOMACK COMPRESSOR STATION,Technician-22,5/25/2023,11/21/2023,6,55,,,,25,W OF ROAD E0840 AND ROAD S 3300,WELLSTON,OK,74881,IN SERVICE,1,-999,LINCOLN,40081,USA,35.795965,-97.127028
GCOMP1967,SCISSORTAIL ENERGY L.L.C.,EAST WOMACK COMPRESSOR STATION,Technician-23,5/27/2023,11/23/2023,6,55,,,,100,S OF ROAD E0840 AND ROAD S 3300,WELLSTON,OK,74881,NOT AVAILABLE,-999,-999,LINCOLN,40081,USA,35.796199,-97.12348
GCOMP1949,SUPERIOR PIPELINE COMPANY L.L.C.,CARNEY NE COMPRESSOR STATION,Technician-24,5/15/2023,11/11/2023,6,55,,,,100,NW OF ROADS N3380 AND E0810,CARNEY,OK,74832,IN SERVICE,3,-999,LINCOLN,40081,USA,35.841221,-96.983255
GCOMP1951,SUPERIOR PIPELINE COMPANY L.L.C.,CARNEY COMPRESSOR STATION,Technician-25,11/19/2022,11/14/2023,12,55,20,40,,100,ROAD E0840 0.5 MILE E OF ROAD N 3340,CARNEY,OK,74832,IN SERVICE,10,-999,LINCOLN,40081,USA,35.795963,-97.043809
GCOMP1984,4AM MIDSTREAM L.L.C.,PANTHER COMPRESSOR STATION,Technician-01,11/20/2022,11/15/2023,12,55,,40,,100,0.92 MILE W OF HIGHWAY 65 AND ROAD N3140,MULHALL,OK,73063,IN SERVICE,2,-999,LOGAN,40083,USA,36.069457,-97.424167
GCOMP1985,4AM MIDSTREAM L.L.C.,PENN COMPRESSOR STATION,Technician-02,11/6/2022,11/1/2023,12,55,,40,,100,NE OF ROADS N3060 AND E0650,MULHALL,OK,73063,IN SERVICE,2,-999,LOGAN,40083,USA,36.073232,-97.549861
GCOMP1983,4AM MIDSTREAM L.L.C.,DOUGLAS COMPRESSOR STATION,Technician-03,5/19/2023,11/15/2023,6,55,,40,,100,0.3 MILE W OF ROADS E0640 AND N3160,ORLANDO,OK,73073,IN SERVICE,4,-999,LOGAN,40083,USA,36.087373,-97.378135
GCOMP1988,DCP OPERATING COMPANY L.P.,GOODNIGHT COMPRESSOR STATION,Technician-04,12/4/2022,11/29/2023,12,55,,40,,100,0.5 MILE N OF ROADS N3270 AND E0770,COYLE,OK,73027,NOT AVAILABLE,4,-999,LOGAN,40083,USA,35.905268,-97.173653
GCOMP1974,DCP OPERATING COMPANY L.P.,WEST EDMOND COMPRESSOR STATION,Technician-05,6/4/2023,12/1/2023,6,55,,40,,100,W CHARTER OAK ROAD AND MAC ARTHUR BOULEVARD,EDMOND,OK,73034,IN SERVICE,-999,-999,LOGAN,40083,USA,35.755392,-97.621367
GCOMP1970,DCP OPERATING COMPANY L.P.,ATLAS COMPRESSOR STATION,Technician-06,3/12/2023,12/7/2023,9,55,,40,,100,0.5 MILE SE OF ROADS E0840 AND TRIPLE XXX,MERIDIAN,OK,73058,IN SERVICE,4,-999,LOGAN,40083,USA,35.795328,-97.221896
GCOMP1975,ETC TEXAS PIPELINE LTD.,BALSIGER COMPRESSOR STATION,Technician-07,12/20/2022,12/15/2023,12,55,,40,,100,0.2 MILE NE OF ROAD E0720 AND MAC ARTHUR BOULEVARD,CRESCENT,OK,73028,IN SERVICE,1,-999,LOGAN,40083,USA,35.972589,-97.618846
GCOMP1981,ETC TEXAS PIPELINE LTD.,DAVIS COMPRESSOR STATION,Technician-08,7/4/2023,12/31/2023,6,55,,40,,100,ROADS N3010 AND E0670,CRESCENT,OK,73028,IN SERVICE,1,-999,LOGAN,40083,USA,36.043945,-97.639384
GCOMP1982,ETC TEXAS PIPELINE LTD.,ROXANNA COMPRESSOR STATION,Technician-09,11/20/2022,11/15/2023,12,55,,40,,100,SE OF ROAD N3000 AND ROAD E0640,CRESCENT,OK,73028,IN SERVICE,1,-999,LOGAN,40083,USA,36.086435,-97.656979
GCOMP1989,ETC TEXAS PIPELINE LTD.,BUFFORD COMPRESSOR STATION,Technician-10,5/21/2023,11/17/2023,6,55,20,40,,100,12620-12644 E 750 ROAD; 0.2 MILE E OF ROAD E750 AND N PORTLAND AVENUE,CRESCENT,OK,73028,IN SERVICE,1,-999,LOGAN,40083,USA,35.92797,-97.584409
GCOMP1978,ETC TEXAS PIPELINE LTD.,BROWN COMPRESSOR STATION,Technician-11,11/24/2022,11/19/2023,12,55,,40,,25,0.3 MILE E OF ROADS E0710 AND N3080,GUTHRIE,OK,73044,IN SERVICE,1,-999,LOGAN,40083,USA,35.985376,-97.509546
GCOMP1980,ETC TEXAS PIPELINE LTD.,KELLOGG COMPRESSOR STATION,Technician-12,11/26/2022,11/21/2023,12,55,20,40,,33,5023-4401 W INDUSTRIAL ROAD; 0.5 MILE E OF S BROADWAY AND INDUSTRIAL ROADS,GUTHRIE,OK,73044,IN SERVICE,1,-999,LOGAN,40083,USA,35.855768,-97.472761
GCOMP1990,ETC TEXAS PIPELINE LTD.,MILLER COMPRESSOR STATION,Technician-13,11/28/2022,11/23/2023,12,55,,40,,49,0.4 MILE S OF ROADS N3120 AND E0690,MULHALL,OK,73063,IN SERVICE,1,-999,LOGAN,40083,USA,36.00864,-97.442919
GCOMP1986,ETC TEXAS PIPELINE LTD.,ORLANDO,Technician-14,11/16/2022,11/11/2023,12,55,20,,,51,0.47 MILE S OF ROADS E0580 AND N3130,ORLANDO,OK,73073,IN SERVICE,1,-999,LOGAN,40083,USA,36.166878,-97.424856
GCOMP1977,NEMAHA GAS GATHERING SYSTEMS L.L.C.,INTERCONNECT COMPRESSOR STATION,Technician-15,5/18/2023,11/14/2023,6,55,,,,66,0.27 MILE NW OF ROADS E0680 AND N3050,CRESCENT,OK,73028,IN SERVICE,4,-999,LOGAN,40083,USA,36.031428,-97.569276
GCOMP1979,SUPERIOR PIPELINE COMPANY L.L.C.,WEST CARNEY COMPRESSOR STATION,Technician-16,11/20/2022,11/15/2023,12,55,,40,,67,10025 WILLIAMS ROAD; 0.7 MILE SE OF WILLIAMS AND FORESTHILLS ROADS,WELLSTON,OK,74881,IN SERVICE,1,-999,LOGAN,40083,USA,35.778201,-97.164852
GCOMP1987,TOM STACK L.L.C.,SUTTON COMPRESSOR FACILITY,Technician-17,5/5/2023,11/1/2023,6,55,20,,,92,0.52 MILE W OF 32ND AND VASSER ROADS,STILLWATER,OK,73073,IN SERVICE,2,-999,LOGAN,40083,USA,36.087118,-97.270081
GCOMP1839,WOODFORD EXPRESS L.L.C.,HOOK ECHO COMPRESSOR STATION,Technician-18,11/20/2022,11/15/2023,12,55,,,,93,11831-11001 COUNCIL AVENUE; 0.8 MILE NW OF ROADS E1480 AND N3000,BRADLEY,OK,73052,IN SERVICE,7,-999,MCCLAIN,40087,USA,34.87975,-97.654883
GCOMP1999,DCP OPERATING COMPANY L.P.,CANTON COMPRESSOR STATION,Technician-19,6/2/2023,11/29/2023,6,55,,,,94,0.65 MILE W OF ROADS E0560 AND N2430,LONGDALE,OK,73755,IN SERVICE,3,-999,MAJOR,40093,USA,36.203326,-98.68377
GCOMP1994,DCP OPERATING COMPANY L.P.,HUDSON COMPRESSOR FACILITY,Technician-20,6/4/2023,12/1/2023,6,55,,,,95,.5 MILE E OF ROADS N2340 AND E0580,CHESTER,OK,73838,IN SERVICE,2,-999,MAJOR,40093,USA,36.173495,-98.828848
GCOMP2012,ETC TEXAS PIPELINE LTD.,CHEYENNE VALLEY COMPRESSOR STATION,Technician-21,6/10/2023,12/7/2023,6,55,20,40,,96,40990 S COUNTY ROAD 240; ROADS NS 240 AND EW 41,WAYNOKA,OK,73860,IN SERVICE,5,-999,MAJOR,40093,USA,36.420376,-98.7269
GCOMP1991,GREAT SALT PLAINS MIDSTREAM L.L.C.,THUNDERBIRD COMPRESSOR STATION,Technician-22,12/20/2022,12/15/2023,12,55,,,,97,0.4 MILE SW OF ROADS EW-58 AND NS-273,AMES,OK,73718,IN SERVICE,3,-999,MAJOR,40093,USA,36.173407,-98.148397
GCOMP1992,ONEOK FIELD SERVICES COMPANY L.L.C.,SMILEY COMPRESSOR STATION,Technician-23,7/4/2023,12/31/2023,6,55,,40,,98,0.5 MILE NW OF ROADS NORTHSOUTH 242 AND EW 54,FAIRVIEW,OK,73737,IN SERVICE,1,-999,MAJOR,40093,USA,36.235774,-98.695434
GCOMP2001,ONEOK FIELD SERVICES COMPANY L.L.C.,HUNT BOWERS COMPRESSOR STATION,Technician-24,5/19/2023,11/15/2023,6,55,,,,99,54340-54160 NS 243 ROAD; ROAD N2430 0.4 MILE S EW 54 ROAD,FAIRVIEW,OK,73737,IN SERVICE,1,-999,MAJOR,40093,USA,36.229547,-98.669472
GCOMP2003,ONEOK FIELD SERVICES COMPANY L.L.C.,CROSSTIMBERS COMPRESSOR STATION,Technician-25,11/22/2022,11/17/2023,12,55,,,,80,1.8 MILES SE OF ROADS NS 240 AND E0520,FAIRVIEW,OK,73737,IN SERVICE,1,-999,MAJOR,40093,USA,36.250035,-98.698612
GCOMP2004,ONEOK FIELD SERVICES COMPANY L.L.C.,FAST COMPRESSOR STATION,Technician-01,5/23/2023,11/19/2023,6,55,20,,,75,0.8 MILE E OF ROADS N2440 AND E0510,FAIRVIEW,OK,73737,IN SERVICE,1,-999,MAJOR,40093,USA,36.275772,-98.643594
GCOMP2005,ONEOK FIELD SERVICES COMPANY L.L.C.,SOUTH DELIVERY COMPRESSOR STATION,Technician-02,11/26/2022,11/21/2023,12,55,,40,,70,ROADS NS 246 AND E0520,FAIRVIEW,OK,73737,IN SERVICE,2,-999,MAJOR,40093,USA,36.260632,-98.622117
GCOMP2006,ONEOK FIELD SERVICES COMPANY L.L.C.,URC 2 COMPRESSOR STATION,Technician-03,5/27/2023,11/23/2023,6,55,,,,60,ROADS E0570 AND N2480,FAIRVIEW,OK,73737,IN SERVICE,1,-999,MAJOR,40093,USA,36.188396,-98.582988
GCOMP2007,ONEOK FIELD SERVICES COMPANY L.L.C.,WILLITS LATERAL COMPRESSOR STATION,Technician-04,11/16/2022,11/11/2023,12,55,,,,50,0.5 MILE S OF ROADS NS 243 AND EW 49; 4 MILE S OF HIGHWAY 15 AND 412 NW OF FAIRVIEW,FAIRVIEW,OK,73737,IN SERVICE,1,-999,MAJOR,40093,USA,36.296157,-98.677135
GCOMP1995,ONEOK FIELD SERVICES COMPANY L.L.C.,NORTH BLOOMER COMPRESSOR STATION,Technician-05,2/17/2023,11/14/2023,9,55,,,,25,227899-227999 EASTWEST 45 ROAD; 0.65 MILE E OF ROADS N2270 AND E0450,CHESTER,OK,73838,IN SERVICE,3,-999,MAJOR,40093,USA,36.362016,-98.945589
GCOMP1996,ONEOK FIELD SERVICES COMPANY L.L.C.,SOUTH BLOOMER COMPRESSOR STATION,Technician-06,5/19/2023,11/15/2023,6,55,,,,100,235210-235164 EW 53 ROAD; 0.2 MILE NE OF ROADS EAST0530 AND N2350,CHESTER,OK,73838,IN SERVICE,1,-999,MAJOR,40093,USA,36.248242,-98.811308
GCOMP1997,RINGWOOD GATHERING COMPANY,COPPOCK COMPRESSOR STATION,Technician-07,5/5/2023,11/1/2023,6,55,20,,Y,100,"2.1 MILES WSW OF ROADS N2620 AND E0470; 6 MILES SE OF CLEO SPRINGS, OK",CLEO SPRINGS,OK,73729,IN SERVICE,2,-999,MAJOR,40093,USA,36.324549,-98.373433
GCOMP1998,RINGWOOD GATHERING COMPANY,NIGHTENGALE COMPRESSOR STATION,Technician-08,11/20/2022,11/15/2023,12,55,,,,100,NS 258 ROAD 0.6 MILE N OF US-412,CLEO SPRINGS,OK,73729,IN SERVICE,1,-999,MAJOR,40093,USA,36.39765377,-98.40680774
GCOMP2000,RINGWOOD GATHERING COMPANY,CIMARRON COMPRESSOR STATION,Technician-09,3/4/2023,11/29/2023,9,55,,,,100,OK-58 AND ROAD N2590,FAIRVIEW,OK,73737,IN SERVICE,1,-999,MAJOR,40093,USA,36.27557,-98.391187
GCOMP2010,RINGWOOD GATHERING COMPANY,CAMPBELL COMPRESSOR STATION,Technician-10,12/6/2022,12/1/2023,12,55,,,,100,0.8 MILE SW OF ROADS EW 50 AND NS 267,RINGWOOD,OK,73768,IN SERVICE,1,-999,MAJOR,40093,USA,36.282025,-98.257071
GCOMP2002,TALL OAK MIDCON L.L.C.,JEFFERSON COMPRESSOR FACILITY,Technician-11,5/19/2023,11/15/2023,6,55,,,,100,ROAD E0515 0.4 MILE W OF ROAD N2520,FAIRVIEW,OK,73737,IN SERVICE,4,-999,MAJOR,40093,USA,36.268992,-98.523555
GCOMP2008,TALL OAK MIDCON L.L.C.,CORNER CREEK COMPRESSOR FACILITY,Technician-12,5/21/2023,11/17/2023,6,55,,,,100,0.4 MILE W OF ROADS E0560 AND N2600,ISABELLA,OK,73747,NOT AVAILABLE,-999,-999,MAJOR,40093,USA,36.202982,-98.375058
GCOMP2011,TALL OAK MIDCON L.L.C.,PENNER COMPRESSOR STATION,Technician-13,5/23/2023,11/19/2023,6,55,,,,100,ROAD N2620 N OF ROAD EW 56,RINGWOOD,OK,73768,IN SERVICE,1,-999,MAJOR,40093,USA,36.207691,-98.332709
GCOMP2009,TARGA PIPELINE MIDCONTINENT WESTOK L.L.C.,ORIENTA COMPRESSOR STATION,Technician-14,5/25/2023,11/21/2023,6,55,20,,,100,ROAD E0440 0.3 MILE W OF ROAD NS 254,CLEO SPRINGS,OK,73729,IN SERVICE,4,-999,MAJOR,40093,USA,36.377033,-98.485769
GCOMP1993,TARGA PIPELINE MIDCONTINENT WESTOK L.L.C.,FISHER COMPRESSOR STATION,Technician-15,11/28/2022,11/23/2023,12,55,,,,100,233221-233283 EW 53 ROAD; 0.2 MILE E OF ROADS EAST0530 AND N2330,CHESTER,OK,73838,IN SERVICE,6,-999,MAJOR,40093,USA,36.24769,-98.845519
GCOMP2018,4AM MIDSTREAM L.L.C.,PERRY COMPRESSOR STATION (DEVON),Technician-16,11/16/2022,11/11/2023,12,55,,,Y,100,0.31 MILE S OF ROADS N3260 AND E0540,PERRY,OK,73077,IN SERVICE,3,-999,NOBLE,40103,USA,36.227368,-97.196467
GCOMP2020,"ENABLE OKLAHOMA INTRASTATE TRANSMISSION, L.L.C.",PERRY COMPRESSOR STATION (ENABLE),Technician-17,11/19/2022,11/14/2023,12,55,,,,100,20495 COUNTY ROAD 40; 0.4 MILE LESW OF ROADS E0480 AND N3140,PERRY,OK,73077,IN SERVICE,-999,-999,NOBLE,40103,USA,36.312395,-97.40906
GCOMP2016,ETC TEXAS PIPELINE LTD.,EAST LUCIEN COMPRESSOR STATION,Technician-18,5/19/2023,11/15/2023,6,55,,,,100,ROADS N3180 AND E0560,PERRY,OK,73077,IN SERVICE,-999,-999,NOBLE,40103,USA,36.202839,-97.335894
GCOMP2017,ETC TEXAS PIPELINE LTD.,BILLINGS COMPRESSOR STATION,Technician-19,11/6/2022,11/1/2023,12,55,,,,25,0.5 MILE E OF ROADS N3160 AND E0380,PERRY,OK,73077,NOT AVAILABLE,4,-999,NOBLE,40103,USA,36.463401,-97.365408
GCOMP2021,ETC TEXAS PIPELINE LTD. (REGENCY FIELD SERVICES L.L.C.),WARREN CREEK COMPRESSOR STATION,Technician-20,5/19/2023,11/15/2023,6,55,,,,33,0.4 MILE SE OF ROADS E0480 AND N3140,PERRY,OK,73077,NOT AVAILABLE,2,-999,NOBLE,40103,USA,36.311684,-97.407523
GCOMP2013,MUSTANG GAS PRODUCTS L.L.C.,NORTH BILLINGS COMPRESSOR STATION,Technician-21,3/4/2023,11/29/2023,9,55,,,,49,0.1 MILE N OF ROAD N3140 AND ZIGZAG,BILLINGS,OK,74630,IN SERVICE,1,-999,NOBLE,40103,USA,36.522601,-97.408039
GCOMP2019,MUSTANG GAS PRODUCTS L.L.C.,SOUTH BILLINGS COMPRESSOR STATION,Technician-22,12/6/2022,12/1/2023,12,55,20,,,51,0.5 MILE N OF COOUNTY ROAD 40 AND VALLEY ROAD,BILLINGS,OK,74630,IN SERVICE,2,-999,NOBLE,40103,USA,36.468006,-97.407714
GCOMP2014,MUSTANG GAS PRODUCTS L.L.C.,BADLANDS COMPRESSOR STATION,Technician-23,6/10/2023,12/7/2023,6,55,,,,66,0.3 MILE N OF ROAD E0320 AND COUNTY ROAD 280,MARLAND,OK,74644,IN SERVICE,1,-999,NOBLE,40103,USA,36.555144,-96.978203
GCOMP2015,SUPERIOR PIPELINE COMPANY L.L.C.,MORRISON COMPRESSOR STATION,Technician-24,12/20/2022,12/15/2023,12,55,,,,67,0.2 MILE W OF ROAD E0510 AND COUNTY ROAD 250,MORRISON,OK,73061,IN SERVICE,1,-999,NOBLE,40103,USA,36.274999,-97.035685
GCOMP2032,BRATCO OPERATING COMPANY INC.,BLUCO COMPRESSOR STATION,Technician-25,7/4/2023,12/31/2023,6,55,,,,92,SW OF ROADS EW 8 AND N4060,WANN,OK,74083,NOT AVAILABLE,1,-999,NOWATA,40105,USA,36.901629,-95.774345
GCOMP2029,CEP MIDCONTINENT L.L.C.,NOWATA COMPRESSOR STATION,Technician-01,11/22/2022,11/17/2023,12,55,,,,93,19001 NS 412; 1 MILE N ON COUNTY ROAD 412 FROM US-60,NOWATA,OK,74048,IN SERVICE,1,-999,NOWATA,40105,USA,36.729007,-95.665423
GCOMP2022,NFCDA ENERGY L.L.C.,WEST LENAPAH COMPRESSOR STATION,Technician-02,11/24/2022,11/19/2023,12,55,,,,94,SE OF ROADS E0080 AND NS 411,LENAPAH,OK,74042,IN SERVICE,2,-999,NOWATA,40105,USA,36.901048,-95.683149
GCOMP2023,RIVER ROCK OPERATING L.L.C.,EAST LENAPAH COMPRESSOR STATION,Technician-03,11/26/2022,11/21/2023,12,55,,,,95,NW OF ROADS NS 417 AND EW 8,LENAPAH,OK,74042,NOT AVAILABLE,-999,-999,NOWATA,40105,USA,36.904019,-95.572922
GCOMP2024,RIVER ROCK OPERATING L.L.C.,JARBOE COMPRESSOR STATION,Technician-04,11/28/2022,11/23/2023,12,55,,,,96,9663 EW 11 ROAD; 1 MILE W OF ROADS E0110 AND NS411,LENAPAH,OK,74042,IN SERVICE,1,-999,NOWATA,40105,USA,36.858116,-95.711281
GCOMP2025,RIVER ROCK OPERATING L.L.C.,MANGELS COMPRESSOR STATION,Technician-05,5/15/2023,11/11/2023,6,55,,,,97,1.5 MILES SE OF ROADS EW 8 AND NS 417,LENAPAH,OK,74042,NOT AVAILABLE,-999,-999,NOWATA,40105,USA,36.898308,-95.546726
GCOMP2026,RIVER ROCK OPERATING L.L.C.,REITZ COMPRESSOR STATION,Technician-06,11/19/2022,11/14/2023,12,55,20,40,,98,0.7 MILE W OF ROADS EW 9 AND NS 413,LENAPAH,OK,74042,NOT AVAILABLE,-999,-999,NOWATA,40105,USA,36.887192,-95.662869
GCOMP2027,RIVER ROCK OPERATING L.L.C.,JORDAN COMPRESSOR STATION,Technician-07,5/19/2023,11/15/2023,6,55,,40,,99,0.4 MILE S OF ROADS NS 411 AND E0120,LENAPAH,OK,74042,NOT AVAILABLE,-999,-999,NOWATA,40105,USA,36.837004,-95.683029
GCOMP2028,RIVER ROCK OPERATING L.L.C.,WEBSTER COMPRESSOR STATION,Technician-08,11/6/2022,11/1/2023,12,55,,40,,80,10999 EW 11 ROAD; ROADS NE OF N4110 AND E0110,LENAPAH,OK,74042,IN SERVICE,1,-999,NOWATA,40105,USA,36.85866,-95.68349
GCOMP2033,RIVER ROCK OPERATING L.L.C.,BRINKMAN COMPRESSOR STATION,Technician-09,5/19/2023,11/15/2023,6,55,,40,,75,E OF ROADS E0120 AND NS 413,LENAPAH,OK,74042,IN SERVICE,1,-999,NOWATA,40105,USA,36.843731,-95.646487
GCOMP2030,RIVER ROCK OPERATING L.L.C.,PLACE COMPRESSOR STATION,Technician-10,6/2/2023,11/29/2023,6,55,,40,,70,ROAD E0070 AND HIGHWAY 169; 0.06 MILE E OF US 169 AND ROAD SH10,SOUTH COFFEYVILLE,OK,74072,NOT AVAILABLE,1,-999,NOWATA,40105,USA,36.916719,-95.628923
GCOMP2031,"SOUTHERN STAR CENTRAL GAS PIPELINE, INC.",SOUTHERN STAR COMPRESSOR FACILITY,Technician-11,6/4/2023,12/1/2023,6,55,,40,,60,0.1 MILE W OF ROADS E0080 AND NS 409,WANN,OK,74083,IN SERVICE,2,-999,NOWATA,40105,USA,36.901458,-95.721313
GCOMP2036,ENERFIN RESOURCES COMPANY,CASTLE EAST COMPRESSOR STATION,Technician-12,12/12/2022,12/7/2023,12,55,,40,,50,375104 E1060 ROAD; E OF ROADS E1060 AND N3750,CASTLE,OK,74833,NOT AVAILABLE,-999,-999,OKFUSKEE,40107,USA,35.478056,-96.3341
GCOMP2035,ENERFIN RESOURCES COMPANY,BEARDEN COMPRESSOR STATION,Technician-13,6/18/2023,12/15/2023,6,55,,40,,25,NE OF OK-48 AND ROAD E1140,BEARDEN,OK,74859,NOT AVAILABLE,-999,-999,OKFUSKEE,40107,USA,35.363516,-96.371316
GCOMP2037,ENERFIN RESOURCES COMPANY,CASTLE WEST COMPRESSOR STATION,Technician-14,7/4/2023,12/31/2023,6,55,,40,,100,107060 N 3730 ROAD; 0.3 MILE S OF ROAD N3730 AND US-62,OKEMAH,OK,74859,IN SERVICE,1,-999,OKFUSKEE,40107,USA,35.458417,-96.371128
GCOMP2038,ENERFIN RESOURCES COMPANY,SOUTH OKEMAH COMPRESSOR STATION,Technician-15,11/20/2022,11/15/2023,12,55,,40,,100,111099 OK-27; NE OF OK-27 AND ROAD E1120,OKEMAH,OK,74859,IN SERVICE,2,-999,OKFUSKEE,40107,USA,35.392001,-96.29923
GCOMP2034,SCISSORTAIL ENERGY L.L.C.,BEAR COMPRESSOR STATION,Technician-16,5/21/2023,11/17/2023,6,55,20,40,,100,0.3 MILE S OF OK-48 AND ROAD E1150,BEARDEN,OK,74859,IN SERVICE,1,-999,OKFUSKEE,40107,USA,35.344337,-96.405404
GCOMP2039,SCISSORTAIL ENERGY L.L.C.,OKEMAH COMPRESSOR STATION,Technician-17,11/24/2022,11/19/2023,12,55,,40,,100,0.4 MILE W OF ROADS E1120 AND N3750,OKEMAH,OK,74859,IN SERVICE,1,-999,OKFUSKEE,40107,USA,35.391387,-96.343689
GCOMP2040,SCISSORTAIL ENERGY L.L.C.,PARAGON COMPRESSOR STATION,Technician-18,5/25/2023,11/21/2023,6,55,20,40,,100,0.5 MILE E OF ROADS E1090 AND N3690,OKEMAH,OK,74859,IN SERVICE,1,-999,OKFUSKEE,40107,USA,35.435055,-96.433895
GCOMP2041,SCISSORTAIL ENERGY L.L.C.,ARNO COMPRESSOR STATION,Technician-19,11/28/2022,11/23/2023,12,55,,40,Y,100,0.5 MILE NE OF ROADS N3630 AND E 960,PADEN,OK,74860,IN SERVICE,1,-999,OKFUSKEE,40107,USA,35.628752,-96.542833
GCOMP2042,SCISSORTAIL ENERGY L.L.C.,PATSY COMPRESSOR STATION,Technician-20,2/14/2023,11/11/2023,9,55,20,,Y,100,0.15 MILE NE OF ROADS N3610 AND E1100,PADEN,OK,74860,IN SERVICE,1,-999,OKFUSKEE,40107,USA,35.422274,-96.580507
GCOMP2043,SCISSORTAIL ENERGY L.L.C.,PADEN PLANT,Technician-21,5/18/2023,11/14/2023,6,55,,,,100,100151 N 3630 ROAD; 1 MILE N OF ROADS N3630 AND E1020,PADEN,OK,74860,IN SERVICE,2,-999,OKFUSKEE,40107,USA,35.55495,-96.548939
GCOMP790,SOUTHERN STAR CENTRAL GAS PIPELINE INC.,535 EDMOND,Technician-22,5/19/2023,11/15/2023,6,55,,40,,100,6724 N AIR DEPOT BOULEVARD,EDMOND,OK,73034,IN SERVICE,3,4050,OKLAHOMA,40109,USA,37.58578426,-100.4510603
GCOMP2046,ENERFIN RESOURCES COMPANY,GRAYSON COMPRESSOR STATION,Technician-23,11/6/2022,11/1/2023,12,55,20,,Y,100,28301-28437 ARBEKA ROAD; SE OF ARBEKA ROAD AND ROAD E1080,HENRYETTA,OK,74437,IN SERVICE,1,-999,OKMULGEE,40111,USA,35.447744,-95.910169
GCOMP2047,ENERFIN RESOURCES COMPANY,TAMARACK COMPRESSOR STATION,Technician-24,2/18/2023,11/15/2023,9,55,,,,100,7408 HORNBEAN ROAD; 0.6 MILE SW OF HORNBEAN ROAD AND ROAD S180,HENRYETTA,OK,74437,IN SERVICE,1,-999,OKMULGEE,40111,USA,35.431766,-96.064314
GCOMP2048,ENERFIN RESOURCES COMPANY,BELL COMPRESSOR STATION,Technician-25,12/4/2022,11/29/2023,12,55,,,,100,15225-15119 BANYAN ROAD; 0.3 MILE E OF BANYAN ROAD AND ROAD S 250,OKMULGEE,OK,74447,IN SERVICE,1,-999,OKMULGEE,40111,USA,35.580516,-95.923391
GCOMP2049,ENERFIN RESOURCES COMPANY,FULLER COMPRESSOR STATION,Technician-01,6/4/2023,12/1/2023,6,55,,,,100,13513-13511 W 91ST STREET; 0.8 MILE W OF 91ST STREET AND ROAD N 240,OKMULGEE,OK,74447,NOT AVAILABLE,-999,-999,OKMULGEE,40111,USA,35.697425,-95.954106
GCOMP2050,ENERFIN RESOURCES COMPANY,HONEY CREEK COMPRESSOR STATION,Technician-02,6/10/2023,12/7/2023,6,55,20,40,,25,1 MILE S OF ROAD S 180 AND HONEYCREEK ROAD,OKMULGEE,OK,74447,NOT AVAILABLE,-999,-999,OKMULGEE,40111,USA,35.5435,-96.051834
GCOMP2045,ONEOK GAS TRANSPORTATION L.L.C.,ROCK CREEK COMPRESSOR STATION,Technician-03,6/18/2023,12/15/2023,6,55,,,,33,19501 FERGUSON ROAD; 0.2 MILE S OF ROADS FERGUSON AND N295,HASKELL,OK,74447,IN SERVICE,5,-999,OKMULGEE,40111,USA,35.811299,-95.845903
GCOMP2044,SCISSORTAIL ENERGY L.L.C.,MILLER COMPRESSOR STATION,Technician-04,7/4/2023,12/31/2023,6,55,,40,,49,19999 FERGUSON ROAD; 0.2 MILE S OF ROADS FERGUSON AND N295,HASKELL,OK,74447,IN SERVICE,1,-999,OKMULGEE,40111,USA,35.8103,-95.84658
GCOMP2051,KEYSTONE GAS CORPORATION,ACOTT COMPRESSOR STATION,Technician-05,1/15/2023,1/15/2024,12,55,,,,51,1 MILE NE OF COUNTY ROAD 5230 AND COUNTY ROAD 5455,CLEVELAND,OK,74020,IN SERVICE,1,-999,OSAGE,40113,USA,36.37404,-96.44211
GCOMP2055,SCISSORTAIL ENERGY L.L.C.,OSAGE COMPRESSOR STATION,Technician-06,2/15/2023,2/15/2024,12,55,,,,66,0.3 MILE N OF COUNTY ROAD 4551 AND US-60,PAWHUSKA,OK,74009,IN SERVICE,1,-999,OSAGE,40113,USA,36.687597,-96.566164
GCOMP2052,SCISSORTAIL ENERGY L.L.C.,OAK 3 COMPRESSOR STATION,Technician-07,3/15/2023,3/15/2024,12,55,20,,,67,3 MILES NORTH AND 3 MILES EAST OF HOMINY,HOMINY,OK,74035,IN SERVICE,2,-999,OSAGE,40113,USA,36.451829,-96.349715
GCOMP2053,SCISSORTAIL ENERGY L.L.C.,ZINK COMPRESSOR STATION,Technician-08,4/15/2023,4/15/2024,6,55,,40,,92,0.4 MILE SE OF WILDCAT HILL ROAD AND COUNTY ROAD 1401,HOMINY,OK,74035,IN SERVICE,1,-999,OSAGE,40113,USA,36.288409,-96.193654
GCOMP2054,SCISSORTAIL ENERGY L.L.C.,MYERS COMPRESSOR STATION,Technician-09,5/15/2023,5/15/2024,12,55,,,Y,93,1 MILE SW OF COUNTY ROAD 4220 AND COUNTY ROAD 4201,PAWHUSKA,OK,74056,IN SERVICE,1,-999,OSAGE,40113,USA,36.742775,-96.390793
GCOMP2056,SCISSORTAIL ENERGY L.L.C.,BULL CREEK COMPRESSOR STATION,Technician-10,6/15/2023,6/15/2024,6,55,,,,94,0.6 MILE N OF COUNTY ROAD 2240 AND COUNTY ROAD 2115,WYNONA,OK,74084,IN SERVICE,1,-999,OSAGE,40113,USA,36.501155,-96.197765
GCOMP2057,KEYSTONE GAS CORPORATION,CUSHING COMPRESSOR STATION,Technician-11,7/15/2023,7/15/2024,9,55,,,,95,3340 N3530 ROAD; ROADS E0690 AND N3530,CUSHING,OK,74023,IN SERVICE,1,-999,PAYNE,40119,USA,36.014333,-96.714676
GCOMP2058,KEYSTONE GAS CORPORATION,GLENCOE COMPRESSOR STATION,Technician-12,8/15/2023,8/15/2024,12,55,,,,96,12389 E 5400 ROAD; 0.4 MILE E OF ROADS E 5400 AND 3430,GLENCOE,OK,74032,IN SERVICE,1,-999,PAYNE,40119,USA,36.23249,-96.8832
GCOMP2059,KEYSTONE GAS CORPORATION,INGALLS COMPRESSOR STATION,Technician-13,9/15/2023,9/15/2024,6,55,20,,,97,0.2 MILE S OF ROAD N3440 AND E 32 AVENUE,RIPLEY,OK,74062,IN SERVICE,1,-999,PAYNE,40119,USA,36.084981,-96.873541
GCOMP2062,KEYSTONE GAS CORPORATION,STILLWATER COMPRESSOR STATION,Technician-14,10/15/2023,10/15/2024,12,55,,,,98,7013 N3320 ROAD; 0.2 MILE S OF W 68TH STREET AND S WESTERN ROAD,STILLWATER,OK,74074,IN SERVICE,1,-999,PAYNE,40119,USA,36.041172,-97.087177
GCOMP2064,SCISSORTAIL ENERGY L.L.C.,SOUTH YALE COMPRESSOR STATION,Technician-15,11/15/2023,11/15/2024,6,55,,,,99,0.2 MILE SE OF ROADS E0640 AND N3520,YALE,OK,74085,IN SERVICE,2,-999,PAYNE,40119,USA,36.084097,-96.728112
GCOMP2063,SPECIAL ENERGY CORPORATION,RAMSEY 1 18 SWD COMPRESSOR STATION,Technician-16,12/15/2023,12/15/2024,12,55,,,,80,0.5 MILE SE OF 68 STREET AND ROAD 3290,STILLWATER,OK,74074,IN SERVICE,2,-999,PAYNE,40119,USA,36.03652,-97.13321
GCOMP2060,SUPERIOR PIPELINE COMPANY L.L.C.,RIPLEY COMPRESSOR STATION,Technician-17,11/20/2022,11/15/2023,12,55,,,,75,199 3430 ROAD; OK-33 AND ROAD 3430,RIPLEY,OK,74062,NOT AVAILABLE,-999,-999,PAYNE,40119,USA,35.985119,-96.89241
GCOMP2065,TOM STACK L.L.C.,GALLAGHER COMPRESSOR STATION,Technician-18,11/22/2022,11/17/2023,12,55,,,,70,154 AGRA ROAD; 0.5 MILE SW OF W MAIN STREET AND S AGRA ROAD,CUSHING,OK,74023,IN SERVICE,1,-999,PAYNE,40119,USA,35.980377,-96.88059
GCOMP2061,TOM STACK L.L.C.,BENNETT COMPRESSOR STATION,Technician-19,11/24/2022,11/19/2023,12,55,,,,60,445 E0680 ROAD; 0.33 MILE W OF ROAD N3340 AND W 80TH STREET,STILLWATER,OK,74074,IN SERVICE,3,-999,PAYNE,40119,USA,36.026054,-97.062443
GCOMP2074,ARKOMA OPERATIONS L.L.C.,MEADORS COMPRESSOR STATION,Technician-20,5/25/2023,11/21/2023,6,55,20,,,50,1.2 MILES SE OF OK-113 AND ROAD D1290,CANADIAN,OK,74425,IN SERVICE,1,-999,PITTSBURG,40121,USA,35.156044,-95.705517
GCOMP2096,CANAAN RESOURCES X L.L.C.,ENTERPRISE GAS COMPRESSOR SITE,Technician-21,11/28/2022,11/23/2023,12,55,,,,25,610 RUSSELLVILLE ROAD,QUINTON,OK,74561,NOT AVAILABLE,2,-999,PITTSBURG,40121,USA,35.159566,-95.40345
GCOMP2084,ENABLE MIDSTREAM PARTNERS L.P.,PEACEABLE COMPRESSOR STATION,Technician-22,5/15/2023,11/11/2023,6,55,,,,100,1 MILE N OF PEACABLE ROAD AND 4 CORNERS ROAD; ROAD N4090,MCALESTER,OK,74501,IN SERVICE,2,-999,PITTSBURG,40121,USA,34.825149,-95.740147
GCOMP2116,ENABLE MIDSTREAM PARTNERS L.P.,MCALESTER COMPRESSOR STATION,Technician-23,11/19/2022,11/14/2023,12,55,,,,100,SE OF FRINK ROAD AND OK-375,MCALESTER,OK,74501,NOT AVAILABLE,-999,-999,PITTSBURG,40121,USA,34.878597,-95.819678
GCOMP2117,ENABLE MIDSTREAM PARTNERS L.P.,TIPPETT COMPRESSOR STATION,Technician-24,5/19/2023,11/15/2023,6,55,,,,100,1.5 MILES NE OF ROAD E1410 AND N ARPELAR ROAD,MCALESTER,OK,74501,IN SERVICE,2,-999,PITTSBURG,40121,USA,34.985071,-95.94433
GCOMP2094,ENABLE MIDSTREAM PARTNERS L.P.,WILD HORSE COMPRESSOR STATION,Technician-25,5/5/2023,11/1/2023,6,55,,,,100,8656 OK-113,MCALESTER,OK,74502,IN SERVICE,2,-999,PITTSBURG,40121,USA,35.10286,-95.76489
GCOMP2095,ENABLE MIDSTREAM PARTNERS L.P.,PITTSBURG COMPRESSOR STATION,Technician-01,5/19/2023,11/15/2023,6,55,,,,100,1.5 MILES NE ON HIGHWAY 63,MCALESTER,OK,74502,IN SERVICE,3,-999,PITTSBURG,40121,USA,34.735971,-95.820714
GCOMP2108,ENABLE MIDSTREAM PARTNERS L.P.,WOOD COMPRESSOR STATION,Technician-02,12/4/2022,11/29/2023,12,55,,,,100,781 JODY WOODS ROAD,ASHLAND,OK,74524,IN SERVICE,1,-999,PITTSBURG,40121,USA,34.749241,-96.030671
GCOMP2076,ENABLE MIDSTREAM PARTNERS L.P.,HAILEYVILLE COMPRESSOR STATION,Technician-03,6/4/2023,12/1/2023,6,55,20,,,100,0.8 MILE E OF ROADS E151.2 AND N417,HAILEYVILLE,OK,74546,IN SERVICE,1,-999,PITTSBURG,40121,USA,34.824732,-95.586532
GCOMP2077,ENABLE MIDSTREAM PARTNERS L.P.,SMALLWOOD COMPRESSOR STATION,Technician-04,5/19/2023,11/15/2023,6,55,,,,100,2 MILES W AND 1 MILE S OF HAILEYVILLE,HAILEYVILLE,OK,74546,IN SERVICE,1,-999,PITTSBURG,40121,USA,34.83167,-95.6078
GCOMP2109,ENABLE MIDSTREAM PARTNERS L.P.,VAN DYKE COMPRESSOR STATION,Technician-05,11/22/2022,11/17/2023,12,55,,,,100,0.7 MILE SE OF ROAD N4110 AND OK-63,HAILEYVILLE,OK,74546,IN SERVICE,1,-999,PITTSBURG,40121,USA,34.772265,-95.693996
GCOMP2110,ENABLE MIDSTREAM PARTNERS L.P.,WEST WILBURTON COMPRESSOR STATION,Technician-06,5/23/2023,11/19/2023,6,55,,,,100,0.4 MILE S OF ROADS N4205 AND E148,HARTSHORNE,OK,74547,IN SERVICE,2,-999,PITTSBURG,40121,USA,34.862737,-95.532606
GCOMP2113,ENABLE MIDSTREAM PARTNERS L.P.,KIOWA COMPRESSOR STATION,Technician-07,11/26/2022,11/21/2023,12,55,,,,100,2.2 MILES SW OF KIOWA,KIOWA,OK,74553,IN SERVICE,4,-999,PITTSBURG,40121,USA,34.71096,-95.938709
GCOMP2103,ENABLE MIDSTREAM PARTNERS L.P.,SOUTH QUINTON COMPRESSOR STATION,Technician-08,5/27/2023,11/23/2023,6,55,,,,100,6 MILES S OF QUINTON AND 4 MILES W OF OK-2,QUINTON,OK,74561,IN SERVICE,1,-999,PITTSBURG,40121,USA,35.037733,-95.391219
GCOMP2106,ENABLE MIDSTREAM PARTNERS L.P.,ARMY COMPRESSOR STATION,Technician-09,11/16/2022,11/11/2023,12,55,,,,100,0.6 MILE W OF QUAID LOOP ROAD AND WILLIE ROSE ROAD,ASHLAND,OK,74570,IN SERVICE,4,-999,PITTSBURG,40121,USA,34.721926,-96.05367
GCOMP2107,ENABLE MIDSTREAM PARTNERS L.P.,POWELL COMPRESSOR STATION,Technician-10,2/17/2023,11/14/2023,9,55,,,,100,W OF ROADS E1555 AND N3912,ASHLAND,OK,74570,IN SERVICE,4,-999,PITTSBURG,40121,USA,34.75892,-96.0542
GCOMP2097,"ENABLE OKLAHOMA INTRASTATE TRANSMISSION, L.L.C.",SAN BOIS COMPRESSOR STATION,Technician-11,5/19/2023,11/15/2023,6,55,,,,100,0.3 MILE NE OF ROADS N4280 AND E1330,QUINTON,OK,74561,IN SERVICE,3,-999,PITTSBURG,40121,USA,35.09177,-95.40119
GCOMP2105,"ENABLE OKLAHOMA INTRASTATE TRANSMISSION, L.L.C.",PANTHER MOUNTAIN COMPRESSOR STATION,Technician-12,5/5/2023,11/1/2023,6,55,20,40,,100,6 MILES N AND 2 MILES W OF JUNCTION OK-2 AND US-270,WILBURTON,OK,74578,IN SERVICE,2,-999,PITTSBURG,40121,USA,35.03128,-95.3693
GCOMP2078,ETC TEXAS PIPELINE LTD.,CHOCTAW THRUST COMPRESSOR STATION,Technician-13,11/20/2022,11/15/2023,12,55,,40,,100,0.2 MILE E OF ROADS N4193 AND E152,HARTSHORNE,OK,74547,IN SERVICE,1,-999,PITTSBURG,40121,USA,34.811639,-95.554742
GCOMP2102,HORIZON GAS GATHERING L.L.C.,SW QUINTON COMPRESSOR STATION,Technician-14,3/4/2023,11/29/2023,9,55,,40,,100,0.8 MILE SE OF ROAD E1360 AND GATE ROAD,QUINTON,OK,74561,IN SERVICE,2,-999,PITTSBURG,40121,USA,35.035218,-95.459932
GCOMP2079,HPH OKLAHOMA GATHERING LLC,HARTSHORNE COMPRESSOR STATION,Technician-15,12/6/2022,12/1/2023,12,55,,40,,100,1.5 MILES NE ON US-270 OF HARTSHORNE,HARTSHORNE,OK,74547,IN SERVICE,2,-999,PITTSBURG,40121,USA,34.866664,-95.523594
GCOMP2075,MARKWEST OKLAHOMA GAS COMPANY L.L.C.,WIRTH COMPRESSOR STATION,Technician-16,5/19/2023,11/15/2023,6,55,,40,,100,0.1 MILE E OK-113 AND THOMAS ROAD,CANADIAN,OK,74425,IN SERVICE,2,-999,PITTSBURG,40121,USA,35.174295,-95.681401
GCOMP2111,MARKWEST OKLAHOMA GAS COMPANY L.L.C.,CANAAN POD 15 COMPRESSOR STATION,Technician-17,5/21/2023,11/17/2023,6,55,,40,,100,5433 CHOATE PRAIRIE ROAD; 0.4 MILE N OF CHOATE PRAIRIE ROAD AND LONE OAK ROAD,INDIANOLA,OK,74442,IN SERVICE,1,-999,PITTSBURG,40121,USA,35.152119,-95.858219
GCOMP2080,MARKWEST OKLAHOMA GAS COMPANY L.L.C.,SHERMAN ELLIS COMPRESSOR STATION,Technician-18,5/23/2023,11/19/2023,6,55,,40,,100,0.7 MILE NW OF ROADS N3930 AND E1470,HAYWOOD,OK,74501,IN SERVICE,2,-999,PITTSBURG,40121,USA,34.884269,-96.031807
GCOMP2081,MARKWEST OKLAHOMA GAS COMPANY L.L.C.,VERNER COMPRESSOR STATION,Technician-19,5/25/2023,11/21/2023,6,55,,40,,100,1.85 MILES ESE OF HIGHWAY270 AND HAYWOOD ROAD,MCALESTER,OK,74501,IN SERVICE,11,-999,PITTSBURG,40121,USA,34.923224,-95.919781
GCOMP2085,MARKWEST OKLAHOMA GAS COMPANY L.L.C.,KERNS CANAAN POD 5 COMPRESSOR STATION,Technician-20,11/28/2022,11/23/2023,12,55,,40,,100,0.3 MILE N OF US-375 AND SUNSET ROAD,MCALESTER,OK,74501,IN SERVICE,2,-999,PITTSBURG,40121,USA,35.107734,-95.892179
GCOMP2086,MARKWEST OKLAHOMA GAS COMPANY L.L.C.,CALHOUN COMPRESSOR STATION,Technician-21,11/16/2022,11/11/2023,12,55,,40,,100,0.4 MILE S OF W HALL ROAD AND OK-31,MCALESTER,OK,74501,IN SERVICE,2,-999,PITTSBURG,40121,USA,34.833571,-96.056416
GCOMP2087,MARKWEST OKLAHOMA GAS COMPANY L.L.C.,SCARBROUGH COMPRESSOR STATION,Technician-22,11/19/2022,11/14/2023,12,55,20,40,,100,0.3 MILE N OF MITCHELL ROAD AND ROAD E1410,MCALESTER,OK,74501,IN SERVICE,2,-999,PITTSBURG,40121,USA,34.975906,-95.834081
GCOMP2088,MARKWEST OKLAHOMA GAS COMPANY L.L.C.,SCHWARZ COMPRESSOR STATION,Technician-23,5/19/2023,11/15/2023,6,55,,40,,100,1562 FREE ROAD; 1 MILE W OF OK-113,MCALESTER,OK,74501,IN SERVICE,8,-999,PITTSBURG,40121,USA,35.040727,-95.787334
GCOMP2090,MARKWEST OKLAHOMA GAS COMPANY L.L.C.,MYER MOUNTAIN COMPRESSOR STATION,Technician-24,11/6/2022,11/1/2023,12,55,20,40,,100,0.60 MILE N OF ROAD N3930 AND N FOUR CORNERS ROAD,SCIPIO,OK,74501,IN SERVICE,12,-999,PITTSBURG,40121,USA,35.071454,-96.01674
GCOMP2091,MARKWEST OKLAHOMA GAS COMPANY L.L.C.,NEWMAN SCIPIO COMPRESSOR STATION,Technician-25,5/19/2023,11/15/2023,6,55,,40,,100,344 NEWMAN ROAD; 0.6 MILE SE OF ROADS E1360 AND N3960,MCALESTER,OK,74501,IN SERVICE,2,-999,PITTSBURG,40121,USA,35.042141,-95.965519
GCOMP2112,MARKWEST OKLAHOMA GAS COMPANY L.L.C.,CANAAN POD 6 COMPRESSOR STATION,Technician-01,3/4/2023,11/29/2023,9,55,20,,,100,0.2 MILE E OF ROADS E1320 AND N4020,INDIANOLA,OK,74501,IN SERVICE,1,-999,PITTSBURG,40121,USA,35.101283,-95.848259
GCOMP2115,MARKWEST OKLAHOMA GAS COMPANY L.L.C.,CANAAN NO 1 COMPRESSOR STATION,Technician-02,12/6/2022,12/1/2023,12,55,,,,100,S CLEARLAKE ROAD AND K & W LOOP ROAD,MCALESTER,OK,74501,NOT AVAILABLE,-999,-999,PITTSBURG,40121,USA,35.072402,-95.930005
GCOMP2119,MARKWEST OKLAHOMA GAS COMPANY L.L.C.,HAYWOOD COMPRESSOR STATION,Technician-03,6/10/2023,12/7/2023,6,55,,40,,100,0.6 MILE NE OF ROAD N3993 AND OK-31,MCALESTER,OK,74501,IN SERVICE,1,-999,PITTSBURG,40121,USA,34.907394,-95.900554
GCOMP2120,MARKWEST OKLAHOMA GAS COMPANY L.L.C.,NEWMAN COMPRESSOR STATION,Technician-04,12/20/2022,12/15/2023,12,55,20,,,100,0.2 MILE NW OF ROADS N 3945 AND E1410,MCALESTER,OK,74501,IN SERVICE,7,-999,PITTSBURG,40121,USA,34.97363,-95.99504
GCOMP2121,MARKWEST OKLAHOMA GAS COMPANY L.L.C.,CANAAN POD 10 COMPRESSOR STATION,Technician-05,7/4/2023,12/31/2023,6,55,,,,100,682 N3970 ROAD; 0.5 M0LE N OF BYINGTON SCHOOL ROAD AND REGAN ROAD,MCALESTER,OK,74501,IN SERVICE,1,-999,PITTSBURG,40121,USA,35.116697,-95.947335
GCOMP2122,MARKWEST OKLAHOMA GAS COMPANY L.L.C.,CANAAN POD 12 COMPRESSOR STATION,Technician-06,11/20/2022,11/15/2023,12,55,,,,100,1.8 MILES N OF BYINGTON SCHOOL ROAD AND REGAN ROAD,MCALESTER,OK,74501,IN SERVICE,1,-999,PITTSBURG,40121,USA,35.130384,-95.965334
GCOMP2123,MARKWEST OKLAHOMA GAS COMPANY L.L.C.,CANAAN POD 2 COMPRESSOR STATION,Technician-07,11/22/2022,11/17/2023,12,55,,,,100,2687 E CLEARLAKE ROAD; 2.5 MILES NW OF E CLEARLAKE ROAD AND OK-375,MCALESTER,OK,74501,IN SERVICE,1,-999,PITTSBURG,40121,USA,35.093592,-95.928598
GCOMP2124,MARKWEST OKLAHOMA GAS COMPANY L.L.C.,CANAAN POD 9 COMPRESSOR STATION,Technician-08,11/24/2022,11/19/2023,12,55,20,40,,100,0.7 MILE N OF REAGAN ROAD AND OK-375,MCALESTER,OK,74501,IN SERVICE,1,-999,PITTSBURG,40121,USA,35.127528,-95.892632
GCOMP2125,MARKWEST OKLAHOMA GAS COMPANY L.L.C.,LAKE TRAVIS COMPRESSOR STATION,Technician-09,11/26/2022,11/21/2023,12,55,,,,100,2.5 MILES W OF ROADS E1370 AND N3940,MCALESTER,OK,74501,IN SERVICE,1,-999,PITTSBURG,40121,USA,35.026135,-96.03833
GCOMP2068,MERIT ENERGY COMPANY L.L.C.,ARMY AMMUNITION COMPRESSOR SITE,Technician-10,5/27/2023,11/23/2023,6,55,,40,,100,0.5 MILE N OF BASE AND YELLOW HILL ROAD,ASHLAND,OK,74570,IN SERVICE,1,-999,PITTSBURG,40121,USA,34.803677,-96.021951
GCOMP2098,PONDEROSA GATHERING L.L.C.,PONDEROSA COMPRESSOR STATION 2,Technician-11,11/16/2022,11/11/2023,12,55,,,,100,0.11 MILE NW OF ROADS N428 AND E133,QUINTON,OK,74561,IN SERVICE,5,-999,PITTSBURG,40121,USA,35.08858,-95.40368
GCOMP2099,PONDEROSA GATHERING L.L.C.,PONDEROSA COMPRESSOR STATION 1,Technician-12,5/18/2023,11/14/2023,6,55,,,,100,0.55 MILE SW OF ROADS E1310 AND N4220,QUINTON,OK,74561,IN SERVICE,6,-999,PITTSBURG,40121,USA,35.112273,-95.515127
GCOMP2100,PONDEROSA GATHERING L.L.C.,PONDEROSA COMPRESSOR STATION 3,Technician-13,11/20/2022,11/15/2023,12,55,20,,,100,0.4 MILE SW OF ROAD E1310 AND OK-2,QUINTON,OK,74561,IN SERVICE,3,-999,PITTSBURG,40121,USA,35.112698,-95.357424
GCOMP2101,PONDEROSA GATHERING L.L.C.,PONDEROSA COMPRESSOR STATION,Technician-14,5/5/2023,11/1/2023,6,55,,40,,100,0.15 MILE W OF ROADS E1310 AND N4250,QUINTON,OK,74561,IN SERVICE,-999,-999,PITTSBURG,40121,USA,35.118375,-95.456701
GCOMP2127,REDBUD E AND P INC.,WEST LIBERTY COMPRESSOR STATION,Technician-15,5/19/2023,11/15/2023,6,55,,,,100,0.2 MILE S OF CROSS LANE AND ROAD E1260,QUINTON,OK,74561,NOT AVAILABLE,1,-999,PITTSBURG,40121,USA,35.1864,-95.471896
GCOMP2069,SCISSORTAIL ENERGY L.L.C.,STRANGE COMPRESSOR STATION,Technician-16,6/2/2023,11/29/2023,6,55,,,,100,0.3 MILE SE OF S BACHE ROAD AND ROAD E153,BACHE,OK,74501,IN SERVICE,1,-999,PITTSBURG,40121,USA,34.793122,-95.650378
GCOMP2092,SCISSORTAIL ENERGY L.L.C.,FISH CREEK COMPRESSOR STATION,Technician-17,12/6/2022,12/1/2023,12,55,,,,100,0.8 MILE SE OF ROAD N4120 AND 2 MILE ROAD,MCALESTER,OK,74501,NOT AVAILABLE,-999,-999,PITTSBURG,40121,USA,34.980634,-95.670206
GCOMP2070,SCISSORTAIL ENERGY L.L.C.,BLOCKER COMPRESSOR STATION,Technician-18,6/10/2023,12/7/2023,6,55,,,,100,0.5 MILE S OF MASSEY POINT ROAD AND BLOCKER ROAD,BLOCKER,OK,74529,IN SERVICE,3,-999,PITTSBURG,40121,USA,35.068626,-95.626751
GCOMP2071,SCISSORTAIL ENERGY L.L.C.,CABLE COMPRESSOR STATION,Technician-19,5/19/2023,11/15/2023,6,55,20,,,100,897 CABLE LOOP; 0.8 MILE E OF ROADS E134 AND N423,BLOCKER,OK,74529,IN SERVICE,6,-999,PITTSBURG,40121,USA,35.073445,-95.474374
GCOMP2073,SCISSORTAIL ENERGY L.L.C.,HOSS COMPRESSOR STATION,Technician-20,11/22/2022,11/17/2023,12,55,,,,100,1088 TWO MILE ROAD; 1 MILE S OF OK-31 AND TWO MILE ROAD,BLOCKER,OK,74529,IN SERVICE,5,-999,PITTSBURG,40121,USA,35.051331,-95.55384
GCOMP2082,SCISSORTAIL ENERGY L.L.C.,ASH CREEK COMPRESSOR STATION,Technician-21,5/23/2023,11/19/2023,6,55,,,Y,100,0.2 MILE NE OF D1400 AND ASH CREEK ROAD,KREBS,OK,74554,IN SERVICE,3,-999,PITTSBURG,40121,USA,34.999652,-95.566411
GCOMP2083,SCISSORTAIL ENERGY L.L.C.,RICHVILLE COMPRESSOR STATION,Technician-22,11/26/2022,11/21/2023,12,55,,,,100,0.3 MILE E OF ADAMS ROAD AND SHANNON ROAD,KREBS,OK,74554,IN SERVICE,2,-999,PITTSBURG,40121,USA,34.929905,-95.658006
GCOMP2072,SCISSORTAIL ENERGY L.L.C.,FEATHERSTON COMPRESSOR STATION,Technician-23,5/27/2023,11/23/2023,6,55,,,,25,17890 E STATE HIGHWAY 31,QUINTON,OK,74561,IN SERVICE,6,-999,PITTSBURG,40121,USA,35.072043,-95.506917
GCOMP2104,SCISSORTAIL ENERGY L.L.C.,SHAWNEE COMPRESSOR STATION,Technician-24,11/16/2022,11/11/2023,12,55,,,,33,0.8 MILE N OF ROADS E1560 AND N4020,SAVANNA,OK,74565,IN SERVICE,1,-999,PITTSBURG,40121,USA,34.765363,-95.862915
GCOMP2093,SUPERIOR PIPELINE COMPANY L.L.C.,SCIPIO COMPRESSOR STATION,Technician-25,2/17/2023,11/14/2023,9,55,,,,49,W OF US-375 AND SUNSHINE ROAD,MCALESTER,OK,74501,IN SERVICE,2,-999,PITTSBURG,40121,USA,35.042927,-95.885881
GCOMP2126,TRINITY OPERATING USG L.L.C.,WOOD 1 COMPRESSOR STATION,Technician-01,5/19/2023,11/15/2023,6,55,20,,,51,445 OLD HIGHWAY US 69; 0.1 MILE NE OF ROAD E1360 AND OLD US 69,MEKKO,OK,74501,NOT AVAILABLE,1,-999,PITTSBURG,40121,USA,35.058755,-95.70083
GCOMP2114,WILLIAMS MIDSTREAM GAS SERVICES L.L.C.,WADSWORTH COMPRESSOR STATION,Technician-02,5/5/2023,11/1/2023,6,55,,,,66,262 COOPER LANE; 0.5 MILE E OF ROADS N2630 AND E1410,LONGTOWN,OK,74432,IN SERVICE,1,-999,PITTSBURG,40121,USA,35.148643,-95.573277
GCOMP2089,XTO ENERGY INC.,MCKAY COMPRESSOR STATION,Technician-03,11/20/2022,11/15/2023,12,55,,,,67,1 MILE N OF TANNEHILL ROAD AND ROAD N4010,MCALESTER,OK,74501,IN SERVICE,3,-999,PITTSBURG,40121,USA,35.011371,-95.883682
GCOMP2118,XTO ENERGY INC.,EUFAULA?·COMPRESSOR STATION,Technician-04,3/4/2023,11/29/2023,9,55,,,,92,462 E1390 ROAD; 0.7 MILE NW OF ROAD E1390 AND OK-31,MCALESTER,OK,74501,IN SERVICE,1,-999,PITTSBURG,40121,USA,35.002758,-95.61693
GCOMP2067,XTO ENERGY INC.,STUART COMPRESSOR STATION,Technician-05,12/6/2022,12/1/2023,12,55,,,Y,93,2227 DAISY ROAD; 1 MILE E OF HIGHWAY 270 AND DAISY ROAD,ARPELAR,OK,74570,NOT AVAILABLE,1,-999,PITTSBURG,40121,USA,34.943752,-95.936273
GCOMP1021,CENTERPOINT ENERGY GAS TRANSMISSION COMPANY L.L.C.,ADA,Technician-06,6/10/2023,12/7/2023,6,55,,,,94,E 151ST STREET,ADA,OK,74820,IN SERVICE,7,29750,PONTOTOC,40123,USA,34.831863,-96.687245
GCOMP2165,ENABLE GAS GATHERING L.L.C.,CHEYENNE COMPRESSOR STATION (ENABLE),Technician-07,6/18/2023,12/15/2023,6,55,,,,95,OK-47 AND ROAD N1820,CHEYENNE?·,OK,73628,IN SERVICE,3,-999,ROGER MILLS,40129,USA,35.60933,-99.725414
GCOMP2166,ENABLE GAS GATHERING L.L.C.,CRAWFORD COMPRESSOR STATION,Technician-08,7/4/2023,12/31/2023,6,55,,,,96,ROADS E0810 AND N1817,CRAWFORD,OK,73638,NOT AVAILABLE,-999,-999,ROGER MILLS,40129,USA,35.840685,-99.750784
GCOMP2168,ENABLE GAS GATHERING L.L.C.,ROLL COMPRESSOR STATION,Technician-09,5/23/2023,11/19/2023,6,55,20,,,97,SW OF OK-33 AND ROAD N1810,CRAWFORD,OK,73638,IN SERVICE,3,-999,ROGER MILLS,40129,USA,35.797021,-99.766549
GCOMP2170,ENABLE GAS GATHERING L.L.C.,ANTELOPE COMPRESSOR STATION,Technician-10,11/26/2022,11/21/2023,12,55,,,,98,0.2 MILE NW OF ROADS N1780 AND E0770,CRAWFORD,OK,73638,IN SERVICE,4,-999,ROGER MILLS,40129,USA,35.9026,-99.8278
GCOMP2171,ENABLE GAS GATHERING L.L.C.,PACK MULE COMPRESSOR STATION,Technician-11,11/28/2022,11/23/2023,12,55,,,,99,0.5 MILE S OF US-283 AND ROAD E0810,CRAWFORD,OK,73638,IN SERVICE,3,-999,ROGER MILLS,40129,USA,35.832797,-99.731687
GCOMP2172,ENABLE GAS GATHERING L.L.C.,OASIS COMPRESSOR STATION,Technician-12,11/16/2022,11/11/2023,12,55,,,,80,0.1 MILE W OF ROADS N1710 AND E0820,DURHAM,OK,73642,IN SERVICE,2,-999,ROGER MILLS,40129,USA,35.826029,-99.945041
GCOMP2163,ENABLE GAS GATHERING L.L.C.,BLACK KETTLE COMPRESSOR STATION (ENABLE),Technician-13,5/18/2023,11/14/2023,6,55,,,,75,0.7 MILE N OF ROADS N1960 AND E1000 ROADS,HAMMON,OK,73650,IN SERVICE,2,-999,ROGER MILLS,40129,USA,35.576428,-99.501229
GCOMP2169,ENABLE GAS GATHERING L.L.C.,MOOREWOOD COMPRESSOR STATION,Technician-14,11/20/2022,11/15/2023,12,55,,,,70,0.1 MILE OF ROADS E0850 AND N1980,LEEDEY,OK,73654,IN SERVICE,2,-999,ROGER MILLS,40129,USA,35.783004,-99.466317
GCOMP2179,ENABLE GAS GATHERING L.L.C.,STRONG?·COMPRESSOR STATION,Technician-15,5/5/2023,11/1/2023,6,55,,,,60,0.8 MILE N OF ROAD N1890 AND RM NS 189,LEEDEY,OK,73654,IN SERVICE,2,-999,ROGER MILLS,40129,USA,35.74628,-99.625269
GCOMP2167,ENABLE GAS GATHERING L.L.C.,CROTON CREEK COMPRESSOR STATION,Technician-16,2/18/2023,11/15/2023,9,55,,,,50,0.1 MILE W OF OK-47 AND ROAD N1810,REYDON,OK,73660,IN SERVICE,1,-999,ROGER MILLS,40129,USA,35.610382,-99.769424
GCOMP2145,"ENABLE GAS TRANSMISSION, L.L.C.",EARLSBORO COMPRESSOR FACILITY,Technician-17,12/4/2022,11/29/2023,12,55,,,,25,0.2 MILE SE OF ROADS E1090 AND N1840,LEEDEY,OK,73654,IN SERVICE,1,-999,ROGER MILLS,40129,USA,35.432036,-99.696269
GCOMP2157,"ENABLE GAS TRANSMISSION, L.L.C.",MERIDIAN CREEK COMPRESSOR STATION,Technician-18,6/4/2023,12/1/2023,6,55,20,40,,100,0.4 MILE W OF ROADS E1040 AND N1690,SWEETWATER,OK,73666,IN SERVICE,1,-999,ROGER MILLS,40129,USA,35.509634,-99.972018
GCOMP2130,ENABLE MIDSTREAM PARTNERS L.P.,GRIMES COMPRESSOR STATION,Technician-19,12/12/2022,12/7/2023,12,55,,40,,100,0.3 MILE W OF ROADS E1070 AND N1840,CHEYENNE,OK,73628,IN SERVICE,3,-999,ROGER MILLS,40129,USA,35.465971,-99.705881
GCOMP2131,ENABLE MIDSTREAM PARTNERS L.P.,LIPPENCOTT COMPRESSOR STATION,Technician-20,6/18/2023,12/15/2023,6,55,,40,,100,0.2 MILE N OF ROADS N1810 AND E0930,CHEYENNE,OK,73638,IN SERVICE,6,-999,ROGER MILLS,40129,USA,35.670258,-99.765059
GCOMP2141,ENABLE MIDSTREAM PARTNERS L.P.,DURHAM COMPRESSOR STATION,Technician-21,1/5/2023,12/31/2023,12,55,,40,,100,0.3 MILE W OF ROAD E840 AND HIGHWAY 30,DURHAM,OK,73642,IN SERVICE,4,-999,ROGER MILLS,40129,USA,35.799134,-99.932747
GCOMP2132,ENABLE MIDSTREAM PARTNERS L.P.,TRM COMPRESSOR STATION,Technician-22,11/20/2022,11/15/2023,12,55,,40,,100,S OF ROADS E980 AND N1940,HAMMON,OK,73650,IN SERVICE,2,-999,ROGER MILLS,40129,USA,35.594156,-99.53689
GCOMP2142,ENABLE MIDSTREAM PARTNERS L.P.,HAMMON COMPRESSOR STATION,Technician-23,11/22/2022,11/17/2023,12,55,,40,,100,0.4 MILE W OF ROADS E 980 AND N1980,HAMMON,OK,73650,IN SERVICE,2,-999,ROGER MILLS,40129,USA,35.595684,-99.474425
GCOMP2136,"ENABLE OKLAHOMA INTRASTATE TRANSMISSION, L.L.C.",ROGER MILLS COMPRESSOR STATION (ENABLE),Technician-24,11/24/2022,11/19/2023,12,55,,40,,100,0.1 MILE S OF ROADS N1940 AND E1010,ELK CITY,OK,73644,IN SERVICE,2,-999,ROGER MILLS,40129,USA,35.550518,-99.522423
GCOMP2137,"ENABLE OKLAHOMA INTRASTATE TRANSMISSION, L.L.C.",SANDSTONE CREEK COMPRESSOR STATION,Technician-25,5/25/2023,11/21/2023,6,55,,40,,100,0.1 MILE W OF ROADS N1940 AND E1010,ELK CITY,OK,73644,IN SERVICE,2,-999,ROGER MILLS,40129,USA,35.551118,-99.525601
GCOMP2153,ENOGEX GAS GATHERING L.L.C.,MULETRAIN COMPRESSOR STATION,Technician-01,11/28/2022,11/23/2023,12,55,20,40,,100,1 MILE S OF ROADS N1900 AND E 820,LEEDEY,OK,73654,NOT AVAILABLE,-999,-999,ROGER MILLS,40129,USA,35.810964,-99.604142
GCOMP2146,ETC TEXAS PIPELINE LTD.,BIG TREE COMPRESSOR STATION,Technician-02,5/15/2023,11/11/2023,6,55,,40,,100,0.3 MILE W OF ROADS E890 AND N1710,REYDON,OK,73660,IN SERVICE,2,-999,ROGER MILLS,40129,USA,35.725802,-99.948231
GCOMP2147,ETC TEXAS PIPELINE LTD.,BLACK KETTLE COMPRESSOR STATION (ETC),Technician-03,11/19/2022,11/14/2023,12,55,20,,,100,0.6 MILE SW OF OK-47 AND OK-30,REYDON,OK,73660,IN SERVICE,2,-999,ROGER MILLS,40129,USA,35.619743,-99.916443
GCOMP2148,ETC TEXAS PIPELINE LTD.,RANKIN COMPRESSOR STATION,Technician-04,5/19/2023,11/15/2023,6,55,,,,100,0.3 MILE N OF ROADS E970 AND N1690,REYDON,OK,73660,IN SERVICE,2,-999,ROGER MILLS,40129,USA,35.614981,-99.979909
GCOMP2173,MARKWEST OKLAHOMA GAS COMPANY L.L.C.,COTTON COMPRESSOR STATION,Technician-05,5/5/2023,11/1/2023,6,55,,40,,100,0.1 MILE W OF ROAD E 990 AND OK-34,HAMMON,OK,73650,IN SERVICE,2,-999,ROGER MILLS,40129,USA,35.581179,-99.378865
GCOMP2177,MARKWEST OKLAHOMA GAS COMPANY L.L.C.,DODSON COMPRESSOR STATION,Technician-06,5/19/2023,11/15/2023,6,55,20,,,25,W OF ROADS E0800 AND N1950,LEEDEY,OK,73654,IN SERVICE,1,-999,ROGER MILLS,40129,USA,35.855071,-99.520926
GCOMP2180,MARKWEST OKLAHOMA GAS COMPANY L.L.C.,MULE COMPRESSOR STATION,Technician-07,12/4/2022,11/29/2023,12,55,,,,33,0.6 MILE NW OF ROADS N1950 AND E0890,LEEDEY,OK,73654,IN SERVICE,1,-999,ROGER MILLS,40129,USA,35.728991,-99.524354
GCOMP2155,MARKWEST OKLAHOMA GAS COMPANY L.L.C.,JACKSON COMPRESSOR STATION,Technician-08,6/4/2023,12/1/2023,6,55,,,Y,49,1 MILE SE OF ROADS E1090 AND N1840,SAYRE,OK,73662,IN SERVICE,4,-999,ROGER MILLS,40129,USA,35.432314,-99.682444
GCOMP2162,MIDCOAST PIPELINES TEXAS GATHERING L.P.,BERLIN COMPRESSOR STATION,Technician-09,6/10/2023,12/7/2023,6,55,,,Y,51,0.6 MILE NW OF ROADS N1850 AND EW105 ROADS,BERLIN,OK,73628,IN SERVICE,3,-999,ROGER MILLS,40129,USA,35.50191,-99.688476
GCOMP2138,NORTHERN NATURAL GAS COMPANY,ROGER MILLS COUNTY #1 COMPRESSOR STATION (NORTHERN NATURAL),Technician-10,12/20/2022,12/15/2023,12,55,20,40,,66,SW OF ROADS N1940 AND E1010,ELK CITY,OK,73644,IN SERVICE,2,-999,ROGER MILLS,40129,USA,35.550474,-99.523472
GCOMP2174,"OKTEX PIPELINE COMPANY, LLC",LEEDEY COMPRESSOR STATION,Technician-11,7/4/2023,12/31/2023,6,55,,,,67,8347 N1980 ROAD; NE OF ROADS N1980 AND E 830,LEEDEY,OK,73654,IN SERVICE,5,-999,ROGER MILLS,40129,USA,35.813326,-99.462124
GCOMP2133,ONEOK FIELD SERVICES COMPANY L.L.C.,TRACY COMPRESSOR STATION,Technician-12,11/20/2022,11/15/2023,12,55,,40,Y,92,18146 OK-47; 0.3 MILE NE OF HIGHWAY 47 AND ROAD N1810,CHEYENNE,OK,73628,NOT AVAILABLE,1,-999,ROGER MILLS,40129,USA,35.611757,-99.762438
GCOMP2139,ONEOK FIELD SERVICES COMPANY L.L.C.,CHEYENNE TURBINES COMPRESSOR STATION,Technician-13,6/2/2023,11/29/2023,6,55,,,,93,11 MILES N OF CRAWFORD,CRAWFORD,OK,73638,IN SERVICE,2,-999,ROGER MILLS,40129,USA,35.996878,-99.835926
GCOMP2140,ONEOK FIELD SERVICES COMPANY L.L.C.,WEST DURHAM COMPRESSOR STATION,Technician-14,12/6/2022,12/1/2023,12,55,,,,94,0.4 MILE N OF ROADS N1790 AND E0810,CRAWFORD,OK,73638,IN SERVICE,2,-999,ROGER MILLS,40129,USA,35.845044,-99.799719
GCOMP2129,ONEOK FIELD SERVICES COMPANY L.L.C.,EAST WICKHAM COMPRESSOR STATION,Technician-15,3/12/2023,12/7/2023,9,55,20,,,95,0.3 MILE E OF ROADS E870 AND N1940,CHEYENNE,OK,73650,IN SERVICE,2,-999,ROGER MILLS,40129,USA,35.7557,-99.5298
GCOMP2143,ONEOK FIELD SERVICES COMPANY L.L.C.,WEST FOSS COMPRESSOR STATION,Technician-16,6/18/2023,12/15/2023,6,55,,40,,96,0.8 MILE E OF ROADS E 990 AND N2000,HAMMON,OK,73650,IN SERVICE,1,-999,ROGER MILLS,40129,USA,35.58152,-99.412324
GCOMP2175,ONEOK FIELD SERVICES COMPANY L.L.C.,DORIS COMPRESSOR STATION,Technician-17,7/4/2023,12/31/2023,6,55,,,,97,0.2 MILE S OF ROADS N1982 AND E 905,HAMMON,OK,73650,IN SERVICE,2,-999,ROGER MILLS,40129,USA,35.701515,-99.461716
GCOMP2176,ONEOK FIELD SERVICES COMPANY L.L.C.,FARNI COMPRESSOR STATION,Technician-18,11/19/2022,11/14/2023,12,55,,,,98,0.3 MILE N OF ROADS N1950 AND E 900,HAMMON,OK,73650,IN SERVICE,3,-999,ROGER MILLS,40129,USA,35.715491,-99.518327
GCOMP2144,ONEOK FIELD SERVICES COMPANY L.L.C.,BROADBENT COMPRESSOR STATION,Technician-19,2/18/2023,11/15/2023,9,55,,,,99,0.3 MILE N OF ROADS N1990 AND E780,LEEDEY,OK,73654,IN SERVICE,1,-999,ROGER MILLS,40129,USA,35.888152,-99.447617
GCOMP2154,ONEOK FIELD SERVICES COMPANY L.L.C.,DEAN LATERAL COMPRESSOR STATION,Technician-20,11/6/2022,11/1/2023,12,55,,,,80,1 MILE NW OF ROADS E0867 AND N1920,LEEDEY,OK,73654,IN SERVICE,1,-999,ROGER MILLS,40129,USA,35.767951,-99.585408
GCOMP2156,ONEOK FIELD SERVICES COMPANY L.L.C.,HAY COMPRESSOR STATON,Technician-21,5/19/2023,11/15/2023,6,55,20,,,75,0.6 MILE NE OF ROADS E0890 AND N1920,LEEDEY,OK,73654,IN SERVICE,1,-999,ROGER MILLS,40129,USA,35.730342,-99.563425
GCOMP2178,ONEOK FIELD SERVICES COMPANY L.L.C.,WOODS COMPRESSOR STATION,Technician-22,6/2/2023,11/29/2023,6,55,,,,70,0.2 MILE N OF ROADS N2000 AND E 870,LEEDEY,OK,73654,NOT AVAILABLE,-999,-999,ROGER MILLS,40129,USA,35.756304,-99.429436
GCOMP2149,ONEOK FIELD SERVICES COMPANY L.L.C.,CONRAD COMPRESSOR STATION,Technician-23,6/4/2023,12/1/2023,6,55,,,Y,60,0.3 MILE S OF ROADS N1690 AND E950,REYDON,OK,73660,NOT AVAILABLE,-999,-999,ROGER MILLS,40129,USA,35.63546,-99.979946
GCOMP2128,PALO DURO G AND P OKLAHOMA L.P.,C 8 COMPRESSOR STATION,Technician-24,6/10/2023,12/7/2023,6,55,,,,50,2.7 MILES WEST ON HIGHWAY 47 OF CHEYENNE,CHEYENNE,OK,73628,IN SERVICE,3,-999,ROGER MILLS,40129,USA,35.610676,-99.726209
GCOMP2134,PALO DURO G AND P OKLAHOMA L.P.,BOGGS COMPRESSOR STATION,Technician-25,12/20/2022,12/15/2023,12,55,,,,25,N OF ROADS N1870 AND E1040; ROAD E1040 E OF OK-283,CHEYENNE,OK,73628,IN SERVICE,1,-999,ROGER MILLS,40129,USA,35.512718,-99.648056
GCOMP2151,PALO DURO G AND P OKLAHOMA L.P.,SCOUT RIDGE COMPRESSOR STATION,Technician-01,1/5/2023,12/31/2023,12,55,,,,100,ROADS E950 AND N1840,CHEYENNE,OK,73628,IN SERVICE,5,-999,ROGER MILLS,40129,USA,35.637249,-99.712035
GCOMP2158,PALO DURO G AND P OKLAHOMA L.P.,RED HILLS COMPRESSOR STATION,Technician-02,1/15/2023,1/15/2024,12,55,,,,100,0.73 MILE NE OF ROAD N1700 AND OK-152,SWEETWATER,OK,73645,IN SERVICE,3,-999,ROGER MILLS,40129,USA,35.432987,-99.945195
GCOMP2135,PALO DURO G AND P OKLAHOMA L.P.,PURVIS COMPRESSOR STATION,Technician-03,2/15/2023,2/15/2024,6,55,20,,,100,0.56 MILE NE ROADS E0990 AND N1790,REYDON,OK,73660,IN SERVICE,4,-999,ROGER MILLS,40129,USA,35.586316,-99.792537
GCOMP2150,PALO DURO G AND P OKLAHOMA L.P.,C 2 COMPRESSOR STATION,Technician-04,3/15/2023,3/15/2024,12,55,,,,100,0.6 MILE NE OF ROADS N1750 AND E990,REYDON,OK,73660,IN SERVICE,1,-999,ROGER MILLS,40129,USA,35.588433,-99.869664
GCOMP2152,PALO DURO G AND P OKLAHOMA L.P.,TEX OK COMPRESSOR STATION,Technician-05,4/15/2023,4/15/2024,6,55,,,,100,0.45 MILE N OF ROADS N1680 AND E0990,REYDON,OK,73660,IN SERVICE,5,-999,ROGER MILLS,40129,USA,35.58895,-99.99627
GCOMP2159,PALO DURO PIPELINES TEXAS GATHERING LP,BECKHAM 3 COMPRESSOR STATION,Technician-06,5/15/2023,5/15/2024,9,55,,,,100,0.4 MILE SW OF ROADS E1090 AND N1750,SWEETWATER,OK,73666,IN SERVICE,2,-999,ROGER MILLS,40129,USA,35.432121,-99.86385
GCOMP2160,PALO DURO PIPELINES TEXAS GATHERING LP,SIERRA COMPRESSOR STATION,Technician-07,6/15/2023,6/15/2024,12,55,,,,100,0.8 MILE S OF ROADS E1000 AND N1690,SWEETWATER,OK,73666,IN SERVICE,1,-999,ROGER MILLS,40129,USA,35.553727,-99.978039
GCOMP2164,REGENCY FIELD SERVICES L.L.C.,CHEYENNE COMPRESSOR STATION (REGENCY),Technician-08,7/15/2023,7/15/2024,6,55,,,,100,2.5 MILES NW OF ROADS E1030 AND N1920,CHEYENNE?·,OK,73628,NOT AVAILABLE,-999,-999,ROGER MILLS,40129,USA,35.554421,-99.579659
GCOMP2161,WILLIAMS MIDSTREAM GAS SERVICES L.L.C.,STILES CDP COMPRESSOR STATION,Technician-09,8/15/2023,8/15/2024,12,55,,,,100,0.8 MILE S OF ROADS N1690 AND E1040 ROADS,SWEETWATER,OK,73666,IN SERVICE,3,-999,ROGER MILLS,40129,USA,35.49755,-99.965054
GCOMP2189,"ENABLE OKLAHOMA INTRASTATE TRANSMISSION, L.L.C.",SASAKWA COMPRESSOR STATION,Technician-10,9/15/2023,9/15/2024,6,55,,,,100,0.3 MILE E OF ROADS EW 1430 AND NS 358,SASAKWA,OK,74867,IN SERVICE,2,-999,SEMINOLE,40133,USA,34.941514,-96.631352
GCOMP2182,ENERFIN RESOURCES I L.P.,BUCK?·COMPRESSOR STATION,Technician-11,10/15/2023,10/15/2024,12,55,20,,,100,0.8 MILE W OF ROADS E1110 AND N3670,CROMWELL,OK,74837,IN SERVICE,1,-999,SEMINOLE,40133,USA,35.400923,-96.491779
GCOMP2186,ENERFIN RESOURCES I L.P.,SEMINOLE COMPRESSOR STATION,Technician-12,11/15/2023,11/15/2024,12,55,,,,100,12624 NS 3565 ROAD; NW OF ROADS NS 3565 E1267,SEMINOLE,OK,74868,IN SERVICE,2,-999,SEMINOLE,40133,USA,35.182316,-96.658549
GCOMP2188,ENERFIN RESOURCES I L.P.,WEWOKA COMPRESSOR STATION,Technician-13,12/15/2023,12/15/2024,12,55,,,,100,13043 N S 3670 ROAD; 0.2 MILE NE OF ROADS N3670 AND EW 1305,WEWOKA,OK,74884,IN SERVICE,2,-999,SEMINOLE,40133,USA,35.125101,-96.475725
GCOMP2181,SCISSORTAIL ENERGY L.L.C.,HIGHWAY 77 COMPRESSOR STATION,Technician-14,1/15/2023,1/15/2024,12,55,,,,25,0.3 MILE S OF ROADS N3610 AND E1330,BOWLEGS,OK,74867,IN SERVICE,1,-999,SEMINOLE,40133,USA,35.082666,-96.581082
GCOMP2185,SCISSORTAIL ENERGY L.L.C.,SPAULDING COMPRESSOR STATION,Technician-15,2/15/2023,2/15/2024,6,55,,,,33,0.9 MILE S OF ROADS NS366 AND E138,SASAKWA,OK,74867,IN SERVICE,5,-999,SEMINOLE,40133,USA,34.998452,-96.492801
GCOMP2183,SCISSORTAIL ENERGY L.L.C.,SYLVIAN COMPRESSOR STATION,Technician-16,3/15/2023,3/15/2024,12,55,,,,49,36193 EW 1160 ROAD; 0.3 MILE SE OF ROADS EW1160 AND NS 362,SEMINOLE,OK,74868,IN SERVICE,1,-999,SEMINOLE,40133,USA,35.332265,-96.563153
GCOMP2184,SCISSORTAIL ENERGY L.L.C.,WEST PARADIGM COMPRESSOR STATION,Technician-17,4/15/2023,4/15/2024,6,55,,,,51,11587 NS 3540 ROAD; 0.4 MILE N OF ROADS NS3540 AND E1160,SEMINOLE,OK,74868,IN SERVICE,2,-999,SEMINOLE,40133,USA,35.336827,-96.707489
GCOMP2187,SCISSORTAIL ENERGY L.L.C.,STROTHER COMPRESSOR STATION,Technician-18,5/15/2023,5/15/2024,12,55,,,,66,36118 EW 1140 ROAD; 0.8 MILE N OF ROADS NS3610 AND EW1140,SEMINOLE,OK,74868,IN SERVICE,2,-999,SEMINOLE,40133,USA,35.375516,-96.585382
GCOMP2203,BOUNTY TRANSFER L.L.C.,KOVAR CCF COMPRESSOR STATION,Technician-19,6/15/2023,6/15/2024,6,55,,,,67,969 OK-29; 0.2 MILE NW OK-29 AND ROAD N2840,MARLOW,OK,73055,IN SERVICE,4,-999,STEPHENS,40137,USA,34.639495,-97.934192
GCOMP2200,BOUNTY TRANSFER L.L.C.,DYER COMPRESSOR STATION,Technician-20,7/15/2023,7/15/2024,6,55,20,40,,92,7892 N 44TH STREET; 0.4 MILE NE OF N 44TH STREET AND W GATLIN ROAD,DUNCAN,OK,73533,IN SERVICE,1,-999,STEPHENS,40137,USA,34.583028,-97.996288
GCOMP2191,DCP OPERATING COMPANY L.P.,LIGHTNING COMPRESSOR STATION,Technician-21,8/15/2023,8/15/2024,6,55,,40,,93,162998 N 3040 ROAD; 0.7 MILE N OF ROAD N3040 AND OK-29,FOSTER,OK,73434,IN SERVICE,8,-999,STEPHENS,40137,USA,34.65313,-97.58212
GCOMP2192,DCP OPERATING COMPANY L.P.,THUNDER COMPRESSOR STATION,Technician-22,9/15/2023,9/15/2024,12,55,,40,,94,0.4 S MILE OF ROADS N3020 AND E1620,FOSTER,OK,73434,IN SERVICE,8,-999,STEPHENS,40137,USA,34.660441,-97.616978
GCOMP2193,DCP OPERATING COMPANY L.P.,YELLOW JACKET COMPRESSOR STATION,Technician-23,10/15/2023,10/15/2024,6,55,,40,,95,164500 18 MILE ROAD; 0.35 MILE S OF ROAD N3010 AND OK-29,FOSTER,OK,73434,IN SERVICE,6,-999,STEPHENS,40137,USA,34.632398,-97.631956
GCOMP2196,DCP OPERATING COMPANY L.P.,YELLOW JACKET COMPRESSOR STATION,Technician-24,11/15/2023,11/15/2024,6,55,,40,,96,164500 18 MILE ROAD; 0.35 MILE S OF ROAD N3010 AND OK-29,FOSTER,OK,73434,IN SERVICE,6,-999,STEPHENS,40137,USA,34.632398,-97.631946
GCOMP2197,DCP OPERATING COMPANY L.P.,SKIPPER COMPRESSOR STATION,Technician-25,12/15/2023,12/15/2024,12,55,,40,,97,0.8 MILE N OF ROAD N3010 AND OK-29,FOSTER,OK,73434,IN SERVICE,6,-999,STEPHENS,40137,USA,34.651357,-97.634716
GCOMP2201,DCP OPERATING COMPANY L.P.,CROSSROADS COMPRESSOR STATION,Technician-01,1/15/2023,1/15/2024,6,55,,40,,98,163621 OK-76; 0.35 MILE N OF OK-76 AND OK-29,FOSTER,OK,73434,IN SERVICE,8,-999,STEPHENS,40137,USA,34.643364,-97.599308
GCOMP2190,ENABLE GAS GATHERING L.L.C.,BRAY COMPRESSOR STATION,Technician-02,2/15/2023,2/15/2024,12,55,,40,,99,1.2 MILES NW OF ROAD N3010 AND OK-29,BRAY,OK,73055,IN SERVICE,6,-999,STEPHENS,40137,USA,34.65451,-97.64104
GCOMP2194,ENABLE GAS GATHERING L.L.C.,POTEET COMPRESSOR STATION,Technician-03,3/15/2023,3/15/2024,6,55,,40,,80,299319 OK-29; 1.22 MILE NE OF ROAD N2990 AND OK-29,MARLOW,OK,73055,IN SERVICE,6,-999,STEPHENS,40137,USA,34.651378,-97.654044
GCOMP2206,ENABLE GAS GATHERING L.L.C.,COTTONWOOD COMPRESSOR STATION (ENABLE),Technician-04,4/15/2023,4/15/2024,12,55,,40,,75,170177 HOPE TERRITORY ROAD; .4 MILE W OF ROADS N2990 AND E1700,MARLOW,OK,73055,IN SERVICE,5,-999,STEPHENS,40137,USA,34.547627,-97.670492
GCOMP2209,ENABLE GAS GATHERING L.L.C.,ELY COMPRESSOR STATION,Technician-05,5/15/2023,5/15/2024,9,55,20,40,,70,170931 HOPE TERRITORY ROAD,MARLOW,OK,73055,IN SERVICE,6,-999,STEPHENS,40137,USA,34.541933,-97.663227
GCOMP2214,ENABLE GAS GATHERING L.L.C.,MINNICK COMPRESSOR STATION,Technician-06,6/15/2023,6/15/2024,6,55,,40,,60,NW OF 5 MILE ROAD AND CADDO ROAD,MARLOW,OK,73055,IN SERVICE,1,-999,STEPHENS,40137,USA,34.638661,-98.055397
GCOMP2215,ENABLE GAS GATHERING L.L.C.,WEST MARLOW COMPRESSOR STATION,Technician-07,7/15/2023,7/15/2024,6,55,20,40,,50,272370 NABOR ROAD; 0.6 MILE E OF NABOR ROAD AND 6 MILE ROAD,MARLOW,OK,73055,IN SERVICE,1,-999,STEPHENS,40137,USA,34.653796,-98.062735
GCOMP2217,ENABLE GAS GATHERING L.L.C.,BLACK BEAR COMPRESSOR STATION,Technician-08,8/15/2023,8/15/2024,12,55,,40,,25,296251 CAMELBACK ROAD; 0.3 MILE SE OF ROADS E1700 AND N2960,MARLOW,OK,73055,IN SERVICE,6,-999,STEPHENS,40137,USA,34.542637,-97.717662
GCOMP2195,ENABLE GAS GATHERING L.L.C.,TRI COUNTY COMPRESSOR STATION,Technician-09,9/15/2023,9/15/2024,9,55,20,,,100,0.29 MILE E OF ROADS E1610 AND N2990,FOSTER,OK,73434,IN SERVICE,6,-999,STEPHENS,40137,USA,34.680715,-97.663237
GCOMP2208,ENABLE GAS GATHERING L.L.C.,DOYLE COMPRESSOR STATION,Technician-10,10/15/2023,10/15/2024,12,55,,,,100,0.5 MILE N OF ROADS N3000 AND E1660 ROADS,FOSTER,OK,73434,IN SERVICE,6,-999,STEPHENS,40137,USA,34.616409,-97.649383
GCOMP2212,ENABLE GAS GATHERING L.L.C.,ROBBERSON COMPRESSOR STATION,Technician-11,11/15/2023,11/15/2024,6,55,,40,,100,0.7 MILE SE OF ROAD N3020 AND OK-29,FOSTER,OK,73434,IN SERVICE,5,-999,STEPHENS,40137,USA,34.627592,-97.609973
GCOMP2213,ENABLE GAS GATHERING L.L.C.,VANARKEL COMPRESSOR STATION,Technician-12,12/15/2023,12/15/2024,6,55,20,,,100,0.2 MILE N OF ROADS E1620 AND N3020,FOSTER,OK,73434,IN SERVICE,6,-999,STEPHENS,40137,USA,34.669212,-97.614662
GCOMP2198,ENABLE GAS GATHERING L.L.C.,LOCO COMPRESSOR STATION,Technician-13,5/15/2023,11/11/2023,6,55,,,,100,303725 E 1850 ROAD; 0.74 MILE E OF ROADS E1850 AND N3030,LOCO,OK,73442,IN SERVICE,2,-999,STEPHENS,40137,USA,34.331643,-97.585757
GCOMP2210,ENERFIN GATHERING L.L.C.,SANTA FE HILLS COMPRESSOR STATION,Technician-14,5/18/2023,11/14/2023,6,55,,,,100,0.3 MILE W OF ROADS E1780 AND N2972,VELMA,OK,73491,IN SERVICE,1,-999,STEPHENS,40137,USA,34.434047,-97.704597
GCOMP2204,ONEOK FIELD SERVICES COMPANY L.L.C.,SOUTH KNOX COMPRESSOR STATION,Technician-15,11/20/2022,11/15/2023,12,55,,,,100,2160 E 1610 ROAD; 0.4 MILE W OF ROADS E1610 AND 13 MILE,MARLOW,OK,73055,IN SERVICE,1,-999,STEPHENS,40137,USA,34.680771,-97.728481
GCOMP2205,ONEOK FIELD SERVICES COMPANY L.L.C.,TUGMON COMPRESSOR STATION,Technician-16,11/6/2022,11/1/2023,12,55,20,40,,100,162494 N2800 ROAD; 0.3 MILE SW OF HEFFINGTON ROAD AND BALLPARK ROAD,MARLOW,OK,73055,IN SERVICE,1,-999,STEPHENS,40137,USA,34.663075,-98.007248
GCOMP1844,ONEOK FIELD SERVICES COMPANY L.L.C.,MAYBERRY COMPRESSOR STATION,Technician-17,11/20/2022,11/15/2023,12,55,,,,100,2828 N2850 ROAD; 3 MILES E OF DUNCAN,DUNCAN,OK,73533,IN SERVICE,1,-999,STEPHENS,40137,USA,34.54114,-97.908089
GCOMP2202,ONEOK FIELD SERVICES COMPANY L.L.C.,DUNCAN COMPRESSOR STATION,Technician-18,6/2/2023,11/29/2023,6,55,,40,,100,0.8 MILE NE OF 4 MILE ROAD AND CAMELBACK ROAD,DUNCAN,OK,73533,IN SERVICE,1,-999,STEPHENS,40137,USA,34.5575,-98.0276
GCOMP2207,ONEOK FIELD SERVICES COMPANY L.L.C.,COTTONWOOD COMPRESSOR STATION (ONEOK),Technician-19,12/6/2022,12/1/2023,12,55,,,,100,SE OF ROADS N2930 AND E1730,DUNCAN,OK,73533,IN SERVICE,1,-999,STEPHENS,40137,USA,34.504311,-97.770559
GCOMP1843,SCOOP EXPRESS L.L.C.,COWBOY COMPRESSOR FACILITY,Technician-20,1/15/2023,1/15/2024,6,55,,,,100,0.2 MILE E OF ROADS E1660 AND N3000,BRAY,OK,73533,IN SERVICE,6,-999,STEPHENS,40137,USA,34.60807,-97.6484
GCOMP2199,TARGA PIPELINE MIDCONTINENT L.L.C.,MAXWELL COMPRESSOR STATION,Technician-21,2/15/2023,2/15/2024,9,55,20,,,100,0.5 MILE N OF POTTS ROAD AND ROAD E1660,BRAY,OK,73055,IN SERVICE,1,-999,STEPHENS,40137,USA,34.617665,-97.774236
GCOMP2211,TARGA PIPELINE MIDCONTINENT L.L.C.,KETCHUM RANCH COMPRESSOR STATION,Technician-22,3/15/2023,3/15/2024,12,55,,40,,25,1.2 MILES N OF ROADS N2963 AND E1730,MARLOW,OK,73055,IN SERVICE,6,-999,STEPHENS,40137,USA,34.524123,-97.714731
GCOMP2216,TARGA PIPELINE MIDCONTINENT L.L.C.,EAST DOYLE COMPRESSOR STATION,Technician-23,4/15/2023,4/15/2024,6,55,,,,33,167986 N 2970 ROAD; E OF ROADS N2970 AND E1680,MARLOW,OK,73055,IN SERVICE,2,-999,STEPHENS,40137,USA,34.580098,-97.70294
GCOMP1845,TARGA PIPELINE MIDCONTINENT L.L.C.,PLATO COMPRESSOR STATION,Technician-24,5/15/2023,5/15/2024,12,55,,,,49,4300 E PLATO ROAD; 5 MILES E OF DUNCAN,DUNCAN,OK,73533,IN SERVICE,1,-999,STEPHENS,40137,USA,34.533814,-97.878429
GCOMP1842,WOODFORD EXPRESS L.L.C.,VELMA COMPRESSOR FACILITY,Technician-25,6/15/2023,6/15/2024,6,55,,,,51,295998 OLD HIGHWAY 7; 3 MILES W ON CHEROKEE ROAD OF VELMA,VELMA,OK,73491,IN SERVICE,2,-999,STEPHENS,40137,USA,34.464184,-97.72525
GCOMP1841,WOODFORD EXPRESS L.L.C.,VORTEX COMPRESSOR STATION,Technician-01,7/15/2023,7/15/2024,12,55,,,,66,0.18 MILE E OF ROAD N3020 AND BALLPARK ROAD,DUNCAN,OK,73533,IN SERVICE,5,-999,STEPHENS,40137,USA,34.666076,-97.61272
GCOMP2240,BADGER MIDSTREAM ENERGY L.P.,HANES COMPRESSOR SITE,Technician-02,8/15/2023,8/15/2024,12,55,20,,,67,SE OF ROADS N0530 AND EW 19,KEYES,OK,73947,NOT AVAILABLE,1,-999,TEXAS,40139,USA,36.732654,-102.06704
GCOMP2220,DCP OPERATING COMPANY L.P.,D LINE COMPRESSOR STATION,Technician-03,9/15/2023,9/15/2024,12,55,,,,92,1 MILE S OF MILE 26 ROAD AND ROAD EE; 5 MILES SE OF GOODWELL,GOODWELL,OK,73939,IN SERVICE,2,-999,TEXAS,40139,USA,36.54342,-101.565906
GCOMP2241,DCP OPERATING COMPANY L.P.,HOG WILD COMPRESSOR STATION,Technician-04,1/15/2023,1/15/2024,12,55,,,,93,0.6 MILES N OF COUNTY ROAD 27 AND ROAD E0250,GOODWELL,OK,73939,IN SERVICE,1,-999,TEXAS,40139,USA,36.6532,-101.889542
GCOMP2224,DCP OPERATING COMPANY L.P.,BAUER C COMPRESSOR STATION,Technician-05,2/15/2023,2/15/2024,6,55,,,,94,0.1 MILE N OF ROAD N0870 AND COUNTY HIGHWAY 7,GUYMON,OK,73942,IN SERVICE,2,-999,TEXAS,40139,USA,36.863693,-101.450731
GCOMP2225,DCP OPERATING COMPANY L.P.,BAUER E COMPRESSOR STATION,Technician-06,3/15/2023,3/15/2024,12,55,,,,95,0.1 MILE N OF COUNTY HIGHWAY 26 AND ROAD N,GUYMON,OK,73942,IN SERVICE,1,-999,TEXAS,40139,USA,36.806983,-101.456287
GCOMP2226,DCP OPERATING COMPANY L.P.,BEER COMPRESSOR STATION,Technician-07,4/15/2023,4/15/2024,6,55,,,,96,SE OF ROAD I AND COUNTY HIGHWAY 23,GUYMON,OK,73942,IN SERVICE,1,-999,TEXAS,40139,USA,36.877223,-101.558708
GCOMP2227,DCP OPERATING COMPANY L.P.,COLDWATER COMPRESSOR STATION,Technician-08,5/15/2023,5/15/2024,12,55,,,,97,7 MILES SE OF COUNTY HIGHWAY 207 AND OK-412,GUYMON,OK,73942,IN SERVICE,3,-999,TEXAS,40139,USA,36.581111,-101.356697
GCOMP2228,DCP OPERATING COMPANY L.P.,FLEMING A COMPRESSOR STATION,Technician-09,6/15/2023,6/15/2024,6,55,20,,,98,0.2 MILE N OF ROAD N0870 AND ROAD H,GUYMON,OK,73942,IN SERVICE,3,-999,TEXAS,40139,USA,36.893471,-101.45081
GCOMP2242,DCP OPERATING COMPANY L.P.,NORTH BAKER COMPRESSOR STATION,Technician-10,7/15/2023,7/15/2024,6,55,,,Y,99,NE OF ROAD I AND MILE 57 ROAD,GUYMON,OK,73942,IN SERVICE,1,-999,TEXAS,40139,USA,36.878269,-100.998684
GCOMP2245,DCP OPERATING COMPANY L.P.,KLEFFMAN D COMPRESSOR STATION,Technician-11,8/15/2023,8/15/2024,6,55,,,,80,0.4 MILE E OF ROAD E0120 AND COUNTY ROAD 26,GUYMON,OK,73942,IN SERVICE,2,-999,TEXAS,40139,USA,36.835118,-101.452963
GCOMP2219,DCP OPERATING COMPANY L.P.,SOUTH BAKER COMPRESSOR STATION,Technician-12,9/15/2023,9/15/2024,12,55,,,,75,0.5 MILE E OF K ROAD AND MILE 57 ROAD,BAKER,OK,73950,IN SERVICE,1,-999,TEXAS,40139,USA,36.849114,-100.990891
GCOMP2218,ENABLE MIDSTREAM PARTNERS L.P.,NORTHEAST HARDESTY COMPRESSOR STATION,Technician-13,10/15/2023,10/15/2024,6,55,,,,70,0.1 MILE N OF MILE ROAD 54 AND ROAD E0231,ADAMS,OK,73901,IN SERVICE,1,-999,TEXAS,40139,USA,36.67501,-101.061528
GCOMP2231,MERIT ENERGY COMPANY L.L.C.,MOUSER COMPRESSOR STATION,Technician-14,11/15/2023,11/15/2024,6,55,,,,60,SW OF ROAD H AND ROAD N0880,GUYMON,OK,73942,IN SERVICE,1,-999,TEXAS,40139,USA,36.891288,-101.433674
GCOMP2232,MERIT ENERGY COMPANY L.L.C.,MURDOCK A 1 COMPRESSOR STATION,Technician-15,12/15/2023,12/15/2024,12,55,,,,50,0.44 MILE S OF ROADS N0885 AND E0120,GUYMON,OK,73942,IN SERVICE,1,-999,TEXAS,40139,USA,36.825205,-101.431913
GCOMP2233,MERIT ENERGY COMPANY L.L.C.,3 TUBS COMPRESSOR STATION,Technician-16,1/15/2023,1/15/2024,6,55,,,,25,1.24 MILES NE US-54 AND ROAD N0930,HOOKER,OK,73945,IN SERVICE,1,-999,TEXAS,40139,USA,36.775548,-101.332396
GCOMP2237,MERIT ENERGY COMPANY L.L.C.,WILSON E COMPRESSOR FACILITY,Technician-17,2/15/2023,2/15/2024,12,55,20,,,100,0.5 MILE OF ROAD H AND ROAD N0900,HOOKER,OK,73945,IN SERVICE,1,-999,TEXAS,40139,USA,36.886489,-101.389512
GCOMP2221,ONEOK FIELD SERVICES COMPANY L.L.C.,TEXAS COUNTY 1-03 COMPRESSOR STATION,Technician-18,3/15/2023,3/15/2024,6,55,,,,100,SW OF ROAD M AND ROAD 16,GUYMON,OK,73942,IN SERVICE,2,-999,TEXAS,40139,USA,36.819899,-101.744548
GCOMP2222,ONEOK FIELD SERVICES COMPANY L.L.C.,TEXAS COUNTY 2 01 COMPRESSOR STATION,Technician-19,4/15/2023,4/15/2024,12,55,,,Y,100,SE OF MILE 22 ROAD AND ROAD E0190,GUYMON,OK,73942,IN SERVICE,4,-999,TEXAS,40139,USA,36.732268,-101.63826
GCOMP2223,ONEOK FIELD SERVICES COMPANY L.L.C.,TEXAS COUNTY 1 01 COMPRESSOR STATION,Technician-20,5/15/2023,5/15/2024,9,55,,,,100,0.7 MILE SE OF ROAD I AND ROAD 18,GUYMON,OK,73942,IN SERVICE,1,-999,TEXAS,40139,USA,36.86878,-101.699306
GCOMP1258,PANHANDLE EASTERN PIPE LINE COMPANY L.P.,OKLAHOMA-ADAMS-TEXAS COUNTY,Technician-21,6/15/2023,6/15/2024,6,55,,,,100,ROAD R/ MILE 52,ADAMS,OK,73901,IN SERVICE,3,1740,TEXAS,40139,USA,36.746624,-101.097058
GCOMP982,PANHANDLE EASTERN PIPE LINE COMPANY L.P.,OKLAHOMA-MOUSER-TEXAS COUNTY,Technician-22,7/15/2023,7/15/2024,6,55,,,,100,CORNER OF MILE 33 AND E0090 ROAD; 12 MILES W OF HOOKER,HOOKER,OK,73945,IN SERVICE,7,4594,TEXAS,40139,USA,36.87369,-101.43358
GCOMP2230,SCOUT ENERGY MANAGEMENT L.L.C.,MCCORMICK FIELD COMPRESSOR STATION,Technician-23,8/15/2023,8/15/2024,12,55,,,,100,NE OF N PIONEER DRIVE AND W NELSON STREET,GUYMON,OK,73942,IN SERVICE,1,-999,TEXAS,40139,USA,36.697116,-101.50095
GCOMP2239,SCOUT ENERGY MANAGEMENT L.L.C.,PEARL DAVIS COMPRESSOR STATION,Technician-24,9/15/2023,9/15/2024,9,55,,,,100,SW OF ROAD E0040 AND OK-136,GUYMON,OK,73942,IN SERVICE,3,-999,TEXAS,40139,USA,36.949305,-101.487871
GCOMP2234,SCOUT ENERGY MANAGEMENT L.L.C.,CONWILL COMPRESSOR STATION,Technician-25,10/15/2023,10/15/2024,12,55,,,,100,NW OF MILE 43 ROAD AND COUNTY ROAD 1,HOOKER,OK,73945,IN SERVICE,1,-999,TEXAS,40139,USA,36.877835,-101.252667
GCOMP2235,SCOUT ENERGY MANAGEMENT L.L.C.,HAYNES COMPRESSOR STATION,Technician-01,11/15/2023,11/15/2024,6,55,20,40,,100,NE OF MILE 40 ROAD AND COUNTY HIGHWAY 7,HOOKER,OK,73945,IN SERVICE,1,-999,TEXAS,40139,USA,36.863455,-101.306425
GCOMP2236,SCOUT ENERGY MANAGEMENT L.L.C.,JAMES RALEY COMPRESSOR STATION,Technician-02,12/15/2023,12/15/2024,6,55,,40,,100,SE OF MILE43 ROAD AND ROAD K,HOOKER,OK,73945,IN SERVICE,3,-999,TEXAS,40139,USA,36.847809,-101.259163
GCOMP2238,TIMBERLAND GATHERING AND PROCESSING COMPANY,RAINES COMPRESSOR STATION,Technician-03,5/19/2023,11/15/2023,6,55,,40,,100,0.4 MILE N OF MILE 47 ROAD AND US-54,HOOKER,OK,73945,IN SERVICE,1,-999,TEXAS,40139,USA,36.885143,-101.180693
GCOMP2243,TIMBERLAND GATHERING AND PROCESSING COMPANY,FLYNT NO 1 2 COMPRESSOR STATION,Technician-04,5/5/2023,11/1/2023,6,55,,40,,100,NW OF ROAD P AND MILE 45 ROAD,HOOKER,OK,73945,IN SERVICE,1,-999,TEXAS,40139,USA,36.776381,-101.224194
GCOMP2244,TIMBERLAND GATHERING AND PROCESSING COMPANY,UKENS COMPRESSOR STATION,Technician-05,11/20/2022,11/15/2023,12,55,,40,,25,0.4 MILE S OF OK-94 AND ROAD N,HOOKER,OK,73945,IN SERVICE,1,-999,TEXAS,40139,USA,36.798239,-101.206597
GCOMP2229,WESTERN GAS INTERSTATE COMPANY,STEPHENS F COMPRESSOR STATION,Technician-06,12/4/2022,11/29/2023,12,55,,40,,33,SW AND SE OF COUNTY HIGHWAY 26 AND ROAD E0160,GUYMON,OK,73942,IN SERVICE,4,-999,TEXAS,40139,USA,36.77639,-101.45658
GCOMP2247,CEP MIDCONTINENT L.L.C.,OGLESBY COMPRESSOR STATION,Technician-07,12/6/2022,12/1/2023,12,55,,40,,49,402758-402748 W 2600 ROAD; 0.5 MILE E OF ROADS W2600 AND N4020,BARTLESVILLE,OK,74003,IN SERVICE,1,-999,WASHINGTON,40147,USA,36.6413,-95.836391
GCOMP2248,"ENABLE OKLAHOMA INTRASTATE TRANSMISSION, L.L.C.",SOUTH RAMONA COMPRESSOR STATION,Technician-08,6/10/2023,12/7/2023,6,55,,40,,51,0.4 MILE SW OF W 4000 ROAD AND US-75,RAMONA,OK,74061,IN SERVICE,1,-999,WASHINGTON,40147,USA,36.434545,-95.92451
GCOMP2246,SCISSORTAIL ENERGY L.L.C.,OAK 1 COMPRESSOR STATION,Technician-09,12/20/2022,12/15/2023,12,55,,40,,66,0.4 MILE S OF ROAD N4100 AND OK-11,SKIATOOK,OK,74070,IN SERVICE,2,-999,WASHINGTON,40147,USA,36.433926,-96.00079
GCOMP213,SOUTHERN STAR CENTRAL GAS PIPELINE INC.,523 COTTON VALLEY,Technician-10,7/4/2023,12/31/2023,6,55,,40,,67,16 25 MILE NE OF DEWEY,COPAN,OK,74022,IN SERVICE,2,4000,WASHINGTON,40147,USA,36.96316695,-95.85939086
GCOMP2259,ENABLE GAS GATHERING L.L.C.,BURNS FLAT COMPRESSOR STATION,Technician-11,1/15/2023,1/15/2024,9,55,20,40,,92,21413 E 1120 ROAD; 0.5 MILE W OF ROADS E1120 AND N2150,BURNS FLAT,OK,73624,IN SERVICE,3,-999,WASHITA,40149,USA,35.393083,-99.159915
GCOMP2260,ENABLE GAS GATHERING L.L.C.,BURNS FLAT SOUTH COMPRESSOR STATION,Technician-12,2/15/2023,2/15/2024,12,55,,40,,93,112 WEBB STREET; 0.4 MILE E OF OK-44 AND ROAD E1150,BURNS FLAT,OK,73624,IN SERVICE,3,-999,WASHITA,40149,USA,35.348722,-99.163307
GCOMP2261,ENABLE GAS GATHERING L.L.C.,SOUTH CANUTE COMPRESSOR STATION,Technician-13,3/15/2023,3/15/2024,6,55,20,40,,94,0.5 MILE SW OF ROADS E1180 AND N2080 ROADS,BURNS FLAT,OK,73624,IN SERVICE,1,-999,WASHITA,40149,USA,35.30173,-99.28055
GCOMP2251,ENABLE GAS GATHERING L.L.C.,BONNY COMPRESSOR STATION,Technician-14,4/15/2023,4/15/2024,12,55,,40,,95,0.54 MILE NE OF ROADS E1120 AND N2060,CANUTE,OK,73626,IN SERVICE,1,-999,WASHITA,40149,USA,35.393397,-99.301495
GCOMP2250,ENABLE MIDSTREAM PARTNERS L.P.,CANUTE COMPRESSOR STATION,Technician-15,5/15/2023,5/15/2024,6,55,20,,,96,0.2 MILE W OF ROADS E1180 AND N2080,BURNS FLAT,OK,73624,IN SERVICE,1,-999,WASHITA,40149,USA,35.307023,-99.281233
GCOMP2266,"ENABLE OKLAHOMA INTRASTATE TRANSMISSION, L.L.C.",WASHITA RIVER COMPRESSOR STATION,Technician-16,6/15/2023,6/15/2024,12,55,,,,97,ROADS NE N2320 AND E1100,CLINTON,OK,73601,IN SERVICE,4,-999,WASHITA,40149,USA,35.422331,-98.851719
GCOMP2262,"ENABLE OKLAHOMA INTRASTATE TRANSMISSION, L.L.C.",HAGGARD COMPRESSOR STATION,Technician-17,7/15/2023,7/15/2024,12,55,,40,,98,0.4 MILE SW OF ROADS N2040 AND E1170,CANUTE,OK,73644,IN SERVICE,1,-999,WASHITA,40149,USA,35.315308,-99.351092
GCOMP2267,MIDCOAST PIPELINES G AND P OKLAHOMA L.P.,DILL CITY COMPRESSOR STATION,Technician-18,8/15/2023,8/15/2024,12,55,20,,,99,0.3 MILE SW OF ROADS N2090 AND E1200,DILL CITY,OK,73641,IN SERVICE,5,-999,WASHITA,40149,USA,35.272832,-99.261306
GCOMP2263,MIDCOAST PIPELINES TEXAS GATHERING L.P.,WASHITA 1 COMPRESSOR STATION,Technician-19,9/15/2023,9/15/2024,12,55,,,,80,0.5 MILE N OF ROAD N2080 AND OK-152,CANUTE,OK,73626,IN SERVICE,1,-999,WASHITA,40149,USA,35.29909,-99.2778
GCOMP2264,MIDCOAST PIPELINES TEXAS GATHERING L.P.,EL PASO CANUTE COMPRESSOR STATION,Technician-20,10/15/2023,10/15/2024,6,55,,,,75,0.3 MILE NW OF ROADS N2069 AND E1180,CANUTE,OK,73626,IN SERVICE,2,-999,WASHITA,40149,USA,35.30957,-99.301272
GCOMP2255,MIDCOAST PIPELINES TEXAS GATHERING L.P.,SPRADLIN COMPRESSOR STATION,Technician-21,11/15/2023,11/15/2024,12,55,,,,70,NW OF ROADS E1170 AND N2050,ELK CITY,OK,73644,IN SERVICE,2,-999,WASHITA,40149,USA,35.320623,-99.330202
GCOMP2258,MIDCOAST PIPELINES TEXAS GATHERING L.P.,SENTINEL COMPRESSOR STATION,Technician-22,12/15/2023,12/15/2024,6,55,20,40,Y,60,0.4 MILE S OF ROADS N2090 AND E1230 ROADS,SENTINEL,OK,73664,IN SERVICE,4,-999,WASHITA,40149,USA,35.226876,-99.257914
GCOMP2253,ONEOK FIELD SERVICES COMPANY L.L.C.,KATIE LATERAL COMPRESSOR STATION,Technician-23,1/15/2023,1/15/2024,12,55,,,Y,50,0.9 MILE S OF ROADS N2420 AND E1080,COLONY,OK,73021,IN SERVICE,1,-999,WASHITA,40149,USA,35.437295,-98.676966
GCOMP2254,ONEOK FIELD SERVICES COMPANY L.L.C.,DACUS COMPRESSOR STATION,Technician-24,2/15/2023,2/15/2024,6,55,,40,,25,0.5 MILE SW OF ROADS E1200 AND N2110,DILL CITY,OK,73641,IN SERVICE,1,-999,WASHITA,40149,USA,35.272926,-99.229168
GCOMP2256,ONEOK FIELD SERVICES COMPANY L.L.C.,SHEILA COMPRESSOR STATION,Technician-25,3/15/2023,3/15/2024,6,55,,,,100,0.8 MILE SW OF ROADS E1230 AND N2100,SENTINEL,OK,73664,IN SERVICE,2,-999,WASHITA,40149,USA,35.226598,-99.250055
GCOMP2257,ONEOK FIELD SERVICES COMPANY L.L.C.,WALTERS COMPRESSOR STATION,Technician-01,4/15/2023,4/15/2024,6,55,,,Y,100,0.8 MILE N OF ROADS N2060 AND E1230,SENTINEL,OK,73664,IN SERVICE,1,-999,WASHITA,40149,USA,35.244098,-99.310969
GCOMP2252,WILLIAMS MIDSTREAM GAS SERVICES L.L.C.,CEDAR COMPRESSOR STATION,Technician-02,5/15/2023,5/15/2024,12,55,20,,,100,0.5 MILE W OF ROADS E1090 AND N2210,CLINTON,OK,73601,IN SERVICE,5,-999,WASHITA,40149,USA,35.43645,-99.055765
GCOMP2265,WILLIAMS MIDSTREAM GAS SERVICES L.L.C.,KAYSER COMPRESSOR STATION,Technician-03,6/15/2023,6/15/2024,6,55,,40,,100,0.3 MILE W OF ROADS E1100 AND N2260,CLINTON,OK,73601,IN SERVICE,5,-999,WASHITA,40149,USA,35.422772,-98.962935
GCOMP2249,WILLIAMS MIDSTREAM GAS SERVICES L.L.C.,BESSIE COMPRESSOR STATION,Technician-04,7/15/2023,7/15/2024,12,55,,,,100,0.1 MILE W OF ROADS E1120 AND N2240,BESSIE,OK,73622,IN SERVICE,1,-999,WASHITA,40149,USA,35.393533,-98.995829
GCOMP2268,ETC TEXAS PIPELINE LTD.,REDHORSE COMPRESSOR STATION,Technician-05,8/15/2023,8/15/2024,6,55,,,,100,0.60 MILE W OF ROADS E0060 AND N2260,ALVA,OK,73717,IN SERVICE,2,-999,WOODS,40151,USA,36.927513,-98.999775
GCOMP2278,ETC TEXAS PIPELINE LTD.,AVARD COMPRESSOR STATION,Technician-06,9/15/2023,9/15/2024,12,55,,,,100,NW OF GRADY ROAD AND COUNTY ROAD 420; NW OF ROADS E0200 AND N2420,ALVA,OK,73717,IN SERVICE,3,-999,WOODS,40151,USA,36.725453,-98.702789
GCOMP2279,ETC TEXAS PIPELINE LTD.,BUCKLAND COMPRESSOR STATION,Technician-07,10/15/2023,10/15/2024,6,55,,,,100,22743 N2370 ROAD; 0.5 MILE S OF ROADS E0190 AND N2370,ALVA,OK,73717,IN SERVICE,2,-999,WOODS,40151,USA,36.734487,-98.793251
GCOMP2280,ETC TEXAS PIPELINE LTD.,COUNTY LINE COMPRESSOR STATION,Technician-08,11/15/2023,11/15/2024,12,55,20,,,100,NW OF ROADS E0200 AND N2510,DACOMA,OK,73731,IN SERVICE,4,-999,WOODS,40151,USA,36.725216,-98.541562
GCOMP2281,ETC TEXAS PIPELINE LTD.,LAKE CREEK COMPRESSOR STATION,Technician-09,12/15/2023,12/15/2024,9,55,,,,100,48560 CUSTER ROAD; 0.5 MILE W OF ROADS E0240 AND N2490,DACOMA,OK,73731,IN SERVICE,2,-999,WOODS,40151,USA,36.666158,-98.584435
GCOMP2282,ETC TEXAS PIPELINE LTD.,PLEASANT VIEW COMPRESSOR STATION,Technician-10,1/15/2023,1/15/2024,6,55,,,,100,0.6 MILE N OF ROADS N2470 AND CRAIG,DACOMA,OK,73731,IN SERVICE,4,-999,WOODS,40151,USA,36.660046,-98.613672
GCOMP2286,ETC TEXAS PIPELINE LTD.,WHEATLAND COMPRESSOR STATION,Technician-11,2/15/2023,2/15/2024,6,55,,,,100,0.2 MILE N OF ROAD N2470 AND GARVIN ROAD,HOPETON,OK,73746,IN SERVICE,3,-999,WOODS,40151,USA,36.71178,-98.613532
GCOMP2284,ETC TEXAS PIPELINE LTD.,SCOUT COMPRESSOR STATION,Technician-12,3/15/2023,3/15/2024,12,55,,,Y,100,1.36 MILES N OF ROADS N2280 AND E0120,FREEDOM,OK,73842,IN SERVICE,1,-999,WOODS,40151,USA,36.86138,-98.957945
GCOMP606,PANHANDLE EASTERN PIPE LINE COMPANY L.P.,ALVA N HOPETON COMPRESSOR STATION (OKLAHOMA-HOPETON-WOODS COUNTY),Technician-13,4/15/2023,4/15/2024,9,55,,,,100,42589 GRADY ROAD; 6.5 MILES SW OF ALVA; 0.3 MILE W OF ROADS E0200 AND N2430,ALVA,OK,73717,IN SERVICE,5,20800,WOODS,40151,USA,36.72619,-98.69101
GCOMP2271,SEMGAS L.P.,HOPETON COMPRESSOR STATION,Technician-14,5/15/2023,5/15/2024,12,55,,,,100,NE OF ROADS N2480 AND E0220,ALVA,OK,73717,IN SERVICE,3,-999,WOODS,40151,USA,36.696368,-98.593676
GCOMP2288,SEMGAS L.P.,ASHLEY COMPRESOR STATION,Technician-15,6/15/2023,6/15/2024,6,55,20,,,100,0.3 MILE S OF ROADS N2490 AND E0170,ALVA,OK,73717,NOT AVAILABLE,-999,-999,WOODS,40151,USA,36.763332,-98.575489
GCOMP2292,SEMGAS L.P.,LOCUST COMPRESSOR STATION,Technician-16,7/15/2023,7/15/2024,6,55,,,,100,0.2 MILE SW OF ROADS E0220 AND N2470,DACOMA,OK,73731,NOT AVAILABLE,-999,-999,WOODS,40151,USA,36.695,-98.616
GCOMP498,SOUTHERN STAR CENTRAL GAS PIPELINE INC.,556 ALVA,Technician-17,8/15/2023,8/15/2024,6,55,,,,100,31465 US-281,ALVA,OK,73717,IN SERVICE,4,6900,WOODS,40151,USA,36.8638389,-98.64933043
GCOMP2289,"SOUTHERN STAR CENTRAL GAS PIPELINE, INC.",NORTH ALVA COMPRESOR STATION (SOUTHERN STAR),Technician-18,9/15/2023,9/15/2024,6,55,,,,100,NW OF ROADS E0110 AND N2390,ALVA,OK,73717,IN SERVICE,4,6900,WOODS,40151,USA,36.8563,-98.756105
GCOMP2291,TALL OAK MIDCON L.L.C.,MAGIC CIRCLE COMPRESSOR STATION,Technician-19,10/15/2023,10/15/2024,12,55,,,,100,11068 N2500 ROAD (NE OF ROADS N2500 AND E0310),CARMEN,OK,73726,NOT AVAILABLE,-999,-999,WOODS,40151,USA,36.566,-98.55
GCOMP2293,TALL OAK MIDCON L.L.C.,HULL COMPRESSOR STATION (TALL OAK),Technician-20,11/15/2023,11/15/2024,12,55,,,,100,1 MILE S OF ROADS N2380 AND E0330,WAYNOKA,OK,73860,NOT AVAILABLE,3,-999,WOODS,40151,USA,36.52,-98.7639
GCOMP2269,TARGA PIPELINE MIDCONTINENT WESTOK L.L.C.,MEGAN COMPRESSOR STATION,Technician-21,12/15/2023,12/15/2024,12,55,,,,100,0.4 MILE E OF JOHNSON ROAD AND ROAD N2350,ALVA,OK,73717,IN SERVICE,4,-999,WOODS,40151,USA,36.855001,-98.820382
GCOMP2274,TARGA PIPELINE MIDCONTINENT WESTOK L.L.C.,WINCHESTER COMPRESSOR STATION,Technician-22,5/19/2023,11/15/2023,6,55,,,,100,0.65 MILE NW OF ROADS N2350 AND E0050,ALVA,OK,73717,IN SERVICE,6,-999,WOODS,40151,USA,36.951626,-98.83736
GCOMP2275,TARGA PIPELINE MIDCONTINENT WESTOK L.L.C.,WOLGAMOTT COMPRESSOR STATION,Technician-23,11/22/2022,11/17/2023,12,55,20,,,100,1.2 MILES NW OF ROAD D0015 AND COUNTY ROAD 290,ALVA,OK,73717,IN SERVICE,1,-999,WOODS,40151,USA,36.991513,-98.941006
GCOMP2290,TARGA PIPELINE MIDCONTINENT WESTOK L.L.C.,WAYNARD COMPRESSOR STATION,Technician-24,5/23/2023,11/19/2023,6,55,,,,100,0.5 MILE W OF ROADS E0200 AND N2430,ALVA,OK,73717,IN SERVICE,2,-999,WOODS,40151,USA,36.725633,-98.693981
GCOMP2272,TARGA PIPELINE MIDCONTINENT WESTOK L.L.C.,ANDERSON CREEK COMPRESSOR STATION,Technician-25,2/24/2023,11/21/2023,9,55,,,,100,0.7 MILE NW OF ROADS E0120 AND N230,FREEDOM,OK,73842,IN SERVICE,2,-999,WOODS,40151,USA,36.845521,-99.058721
GCOMP2273,TARGA PIPELINE MIDCONTINENT WESTOK L.L.C.,EDEN COMPRESSOR STATION,Technician-01,11/28/2022,11/23/2023,12,55,,,,100,26001 GRANT ROAD; 0.7 MILE NW OF ROADS E0190 AND N2270,FREEDOM,OK,73842,IN SERVICE,3,-999,WOODS,40151,USA,36.744705,-98.986327
GCOMP2285,TARGA PIPELINE MIDCONTINENT WESTOK L.L.C.,IBERTY COMPRESSOR STATION,Technician-02,5/15/2023,11/11/2023,6,55,,,,100,0.5 MILE N OF ROAD N2290 AND DEWEY ROAD,FREEDOM,OK,73842,IN SERVICE,2,-999,WOODS,40151,USA,36.689716,-98.936562
GCOMP2270,WILLIAMS MIDSTREAM GAS SERVICES L.L.C.,NORTH ALVA COMPRESSOR STATION,Technician-03,11/19/2022,11/14/2023,12,55,,,,100,0.3 MILE W OF ROADS E0110 AND N2400,ALVA,OK,73717,IN SERVICE,5,-999,WOODS,40151,USA,36.856,-98.743
GCOMP2276,WILLIAMS MIDSTREAM GAS SERVICES L.L.C.,NORTH ALVA 2 COMPRESSOR STATION,Technician-04,5/19/2023,11/15/2023,6,55,,,,100,0.5 MILE N OF ROADS N2480 AND E0100,ALVA,OK,73717,IN SERVICE,4,-999,WOODS,40151,USA,36.87655,-98.591266
GCOMP2277,WILLIAMS MIDSTREAM GAS SERVICES L.L.C.,SALT FORK COMPRESSOR STATION,Technician-05,11/6/2022,11/1/2023,12,55,,,,100,SW OF KIOWA ROAD AND COUNTY ROAD 430,ALVA,OK,73717,IN SERVICE,3,-999,WOODS,40151,USA,36.883845,-98.685565
GCOMP2283,WILLIAMS MIDSTREAM GAS SERVICES L.L.C.,CAMP HOUSTON COMPRESSOR STATION,Technician-06,11/20/2022,11/15/2023,12,55,,,,100,0.2 MILE N OF ROADS N2210 AND E0120,FREEDOM,OK,73842,IN SERVICE,3,-999,WOODS,40151,USA,36.843323,-99.077803
GCOMP2287,WILLIAMS MIDSTREAM GAS SERVICES L.L.C.,HULL COMPRESSOR STATION (WILLIAMS),Technician-07,12/4/2022,11/29/2023,12,55,20,40,,100,7001 COUNTY ROAD 390; 0.2 MILE N OF ROADS N2390 AND E0350,WAYNOKA,OK,73860,IN SERVICE,2,-999,WOODS,40151,USA,36.51021,-98.747438
GCOMP28,ANR PIPELINE COMPANY,MOORELAND,Technician-08,12/6/2022,12/1/2023,12,55,,40,,100,1/4 MILE E OF MOORELAND (ON HIGHWAY 412); N2160 ROAD,MOORELAND,OK,73852,IN SERVICE,2,17226,WOODWARD,40153,USA,36.43800935,-99.1585356
GCOMP1057,CIMARRON RIVER PIPELINE L.L.C.,WOODWARD COUNTY 2,Technician-09,6/10/2023,12/7/2023,6,55,,40,,100,0.2 MI S OF N2030 AND E0500 ROADS,SHARON,OK,73840,IN SERVICE,4,1134,WOODWARD,40153,USA,36.28645348,-99.38808671
GCOMP1028,CIMARRON RIVER PIPELINE L.L.C.,WOODWARD COUNTY 3,Technician-10,12/20/2022,12/15/2023,12,55,,40,,100,E0450 ROAD,MOORELAND,OK,73852,IN SERVICE,1,526,WOODWARD,40153,USA,36.363074,-99.088911
GCOMP1177,CIMARRON RIVER PIPELINE L.L.C.,WOODWARD COUNTY 1,Technician-11,7/4/2023,12/31/2023,6,55,,40,,100,0.2 MILE N OF ROADS N1940 AND E0470,FARGO,OK,73857,IN SERVICE,2,1291,WOODWARD,40153,USA,36.337312,-99.551321
GCOMP2296,DCP MIDSTREAM L.P.,MOSCOW COMPRESSOR STATION,Technician-12,11/20/2022,11/15/2023,12,55,,40,,100,0.5 MILE S OF ROAD N2110 AND US-412,MOORELAND,OK,73852,IN SERVICE,1,-999,WOODWARD,40153,USA,36.427391,-99.247387
GCOMP2301,ENABLE GAS GATHERING L.L.C.,MUTUAL COMPRESSOR STATION,Technician-13,5/21/2023,11/17/2023,6,55,,40,,100,0.6 MILE E OF ROADS E0560 AND N2150,MUTUAL,OK,73853,IN SERVICE,6,-999,WOODWARD,40153,USA,36.202875,-99.158628
GCOMP1178,NATURAL GAS PIPELINE COMPANY OF AMERICA L.L.C.,STATION 159 - MOORELAND,Technician-14,5/23/2023,11/19/2023,6,55,,40,,100,0.3 MILE E OF ROADS E0320 AND N2050,MOORELAND,OK,73852,IN SERVICE,1,3165,WOODWARD,40153,USA,36.549602,-99.348509
GCOMP2295,ONEOK FIELD SERVICES COMPANY L.L.C.,COX LATERAL COMPRESSOR STATION,Technician-15,5/25/2023,11/21/2023,6,55,,40,,100,0.5 MILE E OF ROADS E0430 AND N2180,MOORELAND,OK,73852,IN SERVICE,2,-999,WOODWARD,40153,USA,36.39197,-99.107503
GCOMP2297,ONEOK FIELD SERVICES COMPANY L.L.C.,DOE CREEK COMPRESSOR STATION,Technician-16,11/28/2022,11/23/2023,12,55,,40,,100,0.5 MILE E OF ROADS E0260 AND N2170,MOORELAND,OK,73852,IN SERVICE,1,-999,WOODWARD,40153,USA,36.637977,-99.138135
GCOMP2302,REDCLIFF MIDSTREAM L.L.C.,RICHMOND COMPRESSOR STATION,Technician-17,5/15/2023,11/11/2023,6,55,20,40,,100,0.4 MILE S OF ROADS N2200 AND E0560,MUTUAL,OK,73853,IN SERVICE,1,-999,WOODWARD,40153,USA,36.19731,-99.078038
GCOMP2298,RINGWOOD GATHERING COMPANY,QUINLAN COMPRESSOR STATION (XTO ENERGY),Technician-18,11/19/2022,11/14/2023,12,55,,40,,100,0.2 MILE W OF ROADS E0270 AND N2140,MOORELAND,OK,73852,IN SERVICE,2,-999,WOODWARD,40153,USA,36.62496,-99.209269
GCOMP1179,SOUTHERN STAR CENTRAL GAS PIPELINE INC.,548 MUTUAL,Technician-19,5/19/2023,11/15/2023,6,55,20,40,,100,0.4 MILE N OF ROADS N2130 AND E0540,MUTUAL,OK,73853,IN SERVICE,1,1100,WOODWARD,40153,USA,36.23796543,-99.203344
GCOMP2294,TARGA PIPELINE MIDCONTINENT WESTOK L.L.C.,WALKER COMPRESSOR STATION,Technician-20,11/6/2022,11/1/2023,12,55,,40,,100,0.3 MILE E OF ROADS E0240 AND N2190,FREEDOM,OK,73842,IN SERVICE,1,-999,WOODWARD,40153,USA,36.668153,-99.107509
GCOMP2304,TARGA PIPELINE MIDCONTINENT WESTOK L.L.C.,DIXIE COMPRESSOR STATION,Technician-21,5/19/2023,11/15/2023,6,55,20,,,100,0.9 MILE E OF ROAD E0250 AND OK-50,FREEDOM,OK,73842,IN SERVICE,1,-999,WOODWARD,40153,USA,36.653558,-99.170473
GCOMP2299,TARGA PIPELINE MIDCONTINENT WESTOK L.L.C.,QUINLAN COMPRESSOR STATION (TARGA),Technician-22,12/4/2022,11/29/2023,12,55,,,,100,ROADS E N22020 AND E0370,MOORELAND,OK,73852,IN SERVICE,3,-999,WOODWARD,40153,USA,36.477544,-99.048934
GCOMP2303,TARGA PIPELINE MIDCONTINENT WESTOK L.L.C.,FREEDOM COMPRESSOR STATION,Technician-23,3/6/2023,12/1/2023,9,55,,40,,100,0.5 MILE W OF ROADS E0300 AND N2160,MOORELAND,OK,73852,IN SERVICE,3,-999,WOODWARD,40153,USA,36.581298,-99.167109
GCOMP2300,TARGA PIPELINE MIDCONTINENT WESTOK L.L.C.,BENT CREEK COMPRESSOR STATION,Technician-24,6/10/2023,12/7/2023,6,55,20,,,100,0.4 MILE N OF ROADS N220 AND E0570,MUTUAL,OK,73853,IN SERVICE,5,-999,WOODWARD,40153,USA,36.193607,-99.078716
GCOMP2305,TARGA PIPELINE MIDCONTINENT WESTOK L.L.C.,MATTESON COMPRESSOR STATION,Technician-25,6/18/2023,12/15/2023,6,55,,,,100,N OF ROADS E0340 AND N2250,WAYNOKA,OK,73860,NOT AVAILABLE,-999,-999,WOODWARD,40153,USA,36.522144,-98.995413
GCOMP263,NORTHWEST PIPELINE G.P.,BAKER,Technician-01,1/5/2023,12/31/2023,12,55,,,,25,18117 CHANDLER LANE; T8S R39E S24 NE 1/4,BAKER CITY,OR,97814,IN SERVICE,4,6300,BAKER,41001,USA,44.8567,-117.8734
GCOMP266,NORTHWEST PIPELINE G.P.,OREGON CITY,Technician-02,2/18/2023,11/15/2023,9,55,,,,33,18343 SPRINGWATER ROAD SOUTH,OREGON CITY,OR,97045,IN SERVICE,3,5343,CLACKAMAS,41005,USA,45.38986292,-122.4864042
GCOMP705,GAS TRANSMISSION NORTHWEST L.L.C.,#12- BEND,Technician-03,11/22/2022,11/17/2023,12,55,20,40,,49,55640 S. HIGHWAY 97,SUNRIVER,OR,97707,IN SERVICE,3,100800,DESCHUTES,41017,USA,43.8214688,-121.4229079
GCOMP83,NORTHWEST PIPELINE G.P.,WINCHESTER,Technician-04,5/23/2023,11/19/2023,6,55,,,,51,1137 BROZIO ROAD,WINCHESTER,OR,97495,IN SERVICE,1,1343,DOUGLAS,41019,USA,43.31050025,-123.3946312
GCOMP105,GAS TRANSMISSION NORTHWEST L.L.C.,#11- MADRAS,Technician-05,5/25/2023,11/21/2023,6,55,,40,,66,11900 US-26,MADRAS,OR,97741,IN SERVICE,2,50200,JEFFERSON,41031,USA,44.43874887,-121.0356879
GCOMP712,GAS TRANSMISSION NORTHWEST L.L.C.,#14- BONANZA,Technician-06,5/27/2023,11/23/2023,6,55,,,,67,5745 HARPOLD ROAD; 3 MILES SOUTH OF BONANZA ON HARPOLD ROAD,BONANZA,OR,97623,IN SERVICE,2,63200,KLAMATH,41035,USA,42.17398981,-121.4394543
GCOMP1234,GAS TRANSMISSION NORTHWEST L.L.C.,#13- CHEMULT,Technician-07,5/15/2023,11/11/2023,6,55,,,,92,OR-138/HIGHWAY-97; WEST OF US-97,CHEMULT,OR,97731,IN SERVICE,2,57200,KLAMATH,41035,USA,43.08216279,-121.8283516
GCOMP887,NORTHWEST PIPELINE G.P.,EUGENE,Technician-08,11/19/2022,11/14/2023,12,55,20,,,93,85166 HIDEWAY HILLS ROAD NORTH,EUGENE,OR,97405,IN SERVICE,1,1339,LANE,41039,USA,43.97607498,-123.048917
GCOMP534,NORTHWEST PIPELINE G.P.,ALBANY,Technician-09,11/20/2022,11/15/2023,12,55,,40,,94,34939 SPICER DRIVE,ALBANY,OR,97322,IN SERVICE,1,1200,LINN,41043,USA,44.60140874,-122.999351
GCOMP755,NORTHWEST PIPELINE G.P.,MCMINNVILLE,Technician-10,11/6/2022,11/1/2023,12,55,,,,95,6302 TORVEND ROAD NE,SILVERTON,OR,97381,IN SERVICE,1,3550,MARION,41047,USA,45.01610477,-122.8397812
GCOMP738,GAS TRANSMISSION NORTHWEST L.L.C.,#9- IONE,Technician-11,5/19/2023,11/15/2023,6,55,,,,96,60716 IONE GOOSEBERRY ROAD,IONE,OR,97843,IN SERVICE,2,56400,MORROW,41049,USA,45.48931795,-119.8487799
GCOMP920,GAS TRANSMISSION NORTHWEST L.L.C.,#10 - KENT,Technician-12,12/4/2022,11/29/2023,12,55,,,,97,97135 WILCOX LANE,KENT,OR,97033,IN SERVICE,2,95800,SHERMAN,41055,USA,45.12836072,-120.6139358
GCOMP536,GAS TRANSMISSION NORTHWEST L.L.C.,#560 - STANFIELD,Technician-13,6/4/2023,12/1/2023,6,55,,,,98,35078 GUTHERY LANE; .8 MILES E OF STANFIELD LOOP ROAD,STANFIELD,OR,97875,IN SERVICE,1,3180,UMATILLA,41059,USA,45.82837723,-119.1382557
GCOMP935,NORTHWEST PIPELINE G.P.,MEACHAM,Technician-14,3/12/2023,12/7/2023,9,55,20,,,99,BEAVER CREEK ROAD; OFF OF I-84 E,PENDLETON,OR,97801,IN SERVICE,2,8780,UMATILLA,41059,USA,45.490381,-118.416369
GCOMP1772,NATIONAL FUEL GAS SUPPLY CORPORATION,WILLING,Technician-15,12/20/2022,12/15/2023,12,55,,,,80,FITZSTEVEN ROAD,WELLSVILLE,PA,14895,IN SERVICE,1,330,ALLEGANY,36003,USA,42.01269,-77.92126
GCOMP1064,COLUMBIA GAS TRANSMISSION L.L.C.,GETTYSBURG,Technician-16,7/4/2023,12/31/2023,6,55,,,,75,GRANITE STATION ROAD AND GREENAMYER LANE,HUNTERSTOWN,PA,17325,IN SERVICE,5,7210,ADAMS,42001,USA,39.864502,-77.161215
GCOMP586,TEXAS EASTERN TRANSMISSION L.P.,HEIDLERSBURG,Technician-17,11/20/2022,11/15/2023,12,55,,,,70,4032 OXFOROAD ROAD,YORK SPRINGS,PA,17372,IN SERVICE,2,43000,ADAMS,42001,USA,39.94811338,-77.12919891
GCOMP284,DOMINION TRANSMISSION INC.,HUTCHINSON,Technician-18,5/21/2023,11/17/2023,6,55,,,,60,1911 HAYDEN BOULEVARD,ELIZABETH,PA,15037,IN SERVICE,2,250,ALLEGHENY,42003,USA,40.24369883,-79.86968312
GCOMP658,EQUITRANS L.P.,PENNVIEW,Technician-19,11/24/2022,11/19/2023,12,55,,,,50,500 INDIAN PINE LANE,WEXFORD,PA,15090,IN SERVICE,2,2940,ALLEGHENY,42003,USA,40.632566,-80.093456
GCOMP1301,DOMINION TRANSMISSION INC.,SOUTH BEND,Technician-20,11/26/2022,11/21/2023,12,55,,,,25,SOUTH BEND TWP STATE ROUTE 56/CNG STREET; WEST S,SOUTH BEND,PA,15774,IN SERVICE,6,12000,ARMSTRONG,42005,USA,40.636852,-79.356497
GCOMP63,DOMINION TRANSMISSION INC.,RURAL VALLEY,Technician-21,11/28/2022,11/23/2023,12,55,20,,,100,10612 STATE ROUTE 85,KITTANING,PA,16201,IN SERVICE,3,16240,ARMSTRONG,42005,USA,40.8085416,-79.37718508
GCOMP290,EQUITRANS L.P.,CROOKED CREEK,Technician-22,11/16/2022,11/11/2023,12,55,,,,100,1942 PA-66,FORD CITY,PA,16226,IN SERVICE,2,500,ARMSTRONG,42005,USA,40.71645525,-79.52848111
GCOMP573,DOMINION TRANSMISSION INC.,BEAVER,Technician-23,5/18/2023,11/14/2023,6,55,,,,100,398 THOMPSON RUN ROAD,BEAVER FALLS,PA,15010,IN SERVICE,4,12800,BEAVER,42007,USA,40.817602,-80.304079
GCOMP1011,COLUMBIA GAS TRANSMISSION L.L.C.,ARTEMAS #1,Technician-24,11/20/2022,11/15/2023,12,55,,,Y,100,CROOKED RUN ROAD AND ARTEMAS ROAD,ARTEMAS,PA,17211,IN SERVICE,5,7670,BEDFORD,42009,USA,39.72589111,-78.42150879
GCOMP1012,COLUMBIA GAS TRANSMISSION L.L.C.,ARTEMAS #2,Technician-25,5/5/2023,11/1/2023,6,55,,,,100,CROOKED RUN ROAD AND ARTEMAS ROAD,ARTEMAS,PA,17211,IN SERVICE,3,3670,BEDFORD,42009,USA,39.72582096,-78.4216369
GCOMP866,TEXAS EASTERN TRANSMISSION L.P.,BEDFORD,Technician-01,11/20/2022,11/15/2023,12,55,,,,100,8177 US ROUTE 220S,BEDFORD,PA,15522,IN SERVICE,3,54600,BEDFORD,42009,USA,39.92947,-78.58699
GCOMP639,TEXAS EASTERN TRANSMISSION L.P.,BECHTELSVILLE,Technician-02,6/2/2023,11/29/2023,6,55,,,,100,467 FORGEDALE ROAD,BARTO,PA,19504,IN SERVICE,4,33500,BERKS,42011,USA,40.41838542,-75.62244272
GCOMP1169,TEXAS EASTERN TRANSMISSION L.P.,BERNVILLE,Technician-03,6/4/2023,12/1/2023,6,55,,,,100,N HEIDLEBURG TWP,BERNVILLE,PA,19506,IN SERVICE,2,41800,BERKS,42011,USA,40.40901,-76.15048
GCOMP1256,TENNESSEE GAS PIPELINE COMPANY L.L.C.,#317 - TROY,Technician-04,6/10/2023,12/7/2023,6,55,20,,,100,RD #1 TENNESSEE GAS ROAD,TROY,PA,16947,IN SERVICE,2,28900,BRADFORD,42015,USA,41.739076,-76.797608
GCOMP1305,TENNESSEE GAS PIPELINE COMPANY L.L.C.,#319 - WYALUSING,Technician-05,12/20/2022,12/15/2023,12,55,,,,100,SPRINGHILL ROAD,WYALUSING,PA,18853,IN SERVICE,1,20500,BRADFORD,42015,USA,41.706376,-76.208539
GCOMP367,TEXAS EASTERN TRANSMISSION L.P.,LILLY,Technician-06,7/4/2023,12/31/2023,6,55,,,,100,224 TEXAS LANE,LILLY,PA,15938,IN SERVICE,4,34800,CAMBRIA,42021,USA,40.43810187,-78.5921133
GCOMP623,COLUMBIA GAS TRANSMISSION L.L.C.,EAGLE,Technician-07,11/20/2022,11/15/2023,12,55,,,,100,446 FELLOWSHIP ROAD,EAGLE,PA,15628,IN SERVICE,4,8050,CHESTER,42029,USA,40.097584,-75.682315
GCOMP181,COLUMBIA GAS TRANSMISSION L.L.C.,DOWNINGTOWN,Technician-08,5/21/2023,11/17/2023,6,55,,,Y,100,1470 POORHOUSE ROAD,DOWNINGTOWN,PA,19335,IN SERVICE,2,12000,CHESTER,42029,USA,39.982239,-75.731542
GCOMP836,TEXAS EASTERN TRANSMISSION L.P.,PHOENIXVILLE,Technician-09,11/24/2022,11/19/2023,12,55,,,,25,745 POTTSTOWN PIKE,CHESTER SPRINGS,PA,19425,IN SERVICE,1,4000,CHESTER,42029,USA,40.097006,-75.686322
GCOMP733,TRANSCONTINENTAL GAS PIPE LINE COMPANY L.L.C.,NO. 200 MALVERN,Technician-10,5/25/2023,11/21/2023,6,55,,,,33,60 N BACTON HILL ROAD,MALVERN,PA,19355,IN SERVICE,13,33000,CHESTER,42029,USA,40.048642,-75.58806
GCOMP214,COLUMBIA GAS TRANSMISSION L.L.C.,RIMERSBURG,Technician-11,11/28/2022,11/23/2023,12,55,,,,49,16 DARRELLS DRIVE,RIMERSBURG,PA,16248,IN SERVICE,1,320,CLARION,42031,USA,41.04532559,-79.50874613
GCOMP485,NATIONAL FUEL GAS SUPPLY CORPORATION,KAYLOR,Technician-12,2/14/2023,11/11/2023,9,55,,,,51,3021 PUMP STATION LANE,EAST BRADY,PA,16028,IN SERVICE,1,145,CLARION,42031,USA,40.93756303,-79.66030558
GCOMP1785,NATIONAL FUEL GAS SUPPLY CORPORATION,STRATTANVILLE,Technician-13,5/18/2023,11/14/2023,6,55,20,40,,66,N CENTER PLACE,CLARION,PA,16214,IN SERVICE,-999,30,CLARION,42031,USA,41.21626987,-79.38350555
GCOMP1254,DOMINION TRANSMISSION INC.,BIG RUN,Technician-14,5/19/2023,11/15/2023,6,55,,40,,67,RAINBOW ROAD/MILLS ROAD,BIG RUN,PA,15715,IN SERVICE,1,1775,CLEARFIELD,42033,USA,40.999379,-78.803826
GCOMP1,DOMINION TRANSMISSION INC.,HELVETIA,Technician-15,11/6/2022,11/1/2023,12,55,,40,,92,.25 MILES EAST OF DELARME ROAD AND KRINER LANE,LUTHERSBURG,PA,15848,IN SERVICE,1,330,CLEARFIELD,42033,USA,41.057123,-78.772445
GCOMP1339,DOMINION TRANSMISSION INC.,LUTHERSBURG,Technician-16,2/18/2023,11/15/2023,9,55,,40,,93,US-219 AND DUTCH ROAD,LUTHERSBURG,PA,15848,IN SERVICE,2,880,CLEARFIELD,42033,USA,41.058931,-78.728004
GCOMP1261,COLUMBIA GAS TRANSMISSION L.L.C.,RENOVO,Technician-17,12/4/2022,11/29/2023,12,55,,40,,94,RIGHT HAND YOUNG WOMANS CREEK ROAD AND FORK HILL ROAD,RENOVO,PA,17764,IN SERVICE,3,1610,CLINTON,42035,USA,41.373864,-77.696996
GCOMP1323,DOMINION TRANSMISSION INC.,FINNEFROCK,Technician-18,6/4/2023,12/1/2023,6,55,,40,,95,TAMARACK ROAD - STATE ROUTE 0144/FINNEFROCK STATION LANE,LEIDY,PA,17764,IN SERVICE,8,44415,CLINTON,42035,USA,41.425277,-77.856388
GCOMP1786,NATIONAL FUEL GAS SUPPLY CORPORATION,TAMARACK,Technician-19,6/10/2023,12/7/2023,6,55,,40,,96,STATE ROUTE 144,CROSS FORK,PA,17729,IN SERVICE,2,21074,CLINTON,42035,USA,41.4370646,-77.83665774
GCOMP240,TEXAS EASTERN TRANSMISSION L.P.,LEIDY,Technician-20,6/18/2023,12/15/2023,6,55,,40,,97,169 GAS PLANT LANE,LEIDY,PA,17004,IN SERVICE,13,25800,CLINTON,42035,USA,41.425509,-77.855894
GCOMP274,TRANSCONTINENTAL GAS PIPE LINE COMPANY L.L.C.,NO. 530 LEIDY-TAMARACK STORAGE FIELD,Technician-21,7/4/2023,12/31/2023,6,55,,40,,98,189 GAS PLANT LANE,RENOVO,PA,17764,IN SERVICE,0,0,CLINTON,42035,USA,41.430198,-77.848661
GCOMP44,TRANSCONTINENTAL GAS PIPE LINE COMPANY L.L.C.,NO. 517 BENTON,Technician-22,11/20/2022,11/15/2023,12,55,,40,,99,102 POLE BRIDGE ROAD,BENTON,PA,17814,IN SERVICE,6,88000,COLUMBIA,42037,USA,41.271842,-76.429826
GCOMP609,TEXAS EASTERN TRANSMISSION L.P.,GRANTVILLE,Technician-23,11/22/2022,11/17/2023,12,55,20,40,,80,429 STATION ROAD HIGHWAY 81 EXIT 28,GRANTVILLE,PA,17028,IN SERVICE,4,33500,DAUPHIN,42043,USA,40.3799742,-76.67122833
GCOMP1253,DOMINION TRANSMISSION INC.,ARDELL,Technician-24,11/24/2022,11/19/2023,12,55,,40,,75,QUEHANNA HIGHWAY AND CRISSMAN ROAD,ARDELL,PA,15868,IN SERVICE,2,25310,ELK,42047,USA,41.252546,-78.321441
GCOMP1044,NATIONAL FUEL GAS SUPPLY CORPORATION,BOONE MOUNTAIN,Technician-25,5/25/2023,11/21/2023,6,55,20,40,,70,FIRE TOWER-RATTLESNAKE ROAD/NE OF BUNDY CEMETARY ROAD,BROCKPORT,PA,15823,IN SERVICE,2,300,ELK,42047,USA,41.218361,-78.678322
GCOMP1778,NATIONAL FUEL GAS SUPPLY CORPORATION,BOONE MOUNTAIN (STORAGE),Technician-01,11/28/2022,11/23/2023,12,55,,40,,60,FIRE TOWER ROAD,BROCKPORT,PA,15823,IN SERVICE,2,300,ELK,42047,USA,41.21776,-78.67955
GCOMP1245,NATIONAL FUEL GAS SUPPLY CORPORATION,ISLAND RUN,Technician-02,5/15/2023,11/11/2023,6,55,20,,,50,PORTLAND MILLS ROAD,RIDGWAY,PA,15853,IN SERVICE,4,615,ELK,42047,USA,41.38013612,-78.73964248
GCOMP1235,NATIONAL FUEL GAS SUPPLY CORPORATION,SACKETT,Technician-03,2/17/2023,11/14/2023,9,55,,,,25,OWLS NEST ROAD,JAMES CITY,PA,16734,ABANDONED,4,675,ELK,42047,USA,41.519482,-78.902883
GCOMP1070,NATIONAL FUEL GAS SUPPLY CORPORATION,BOWEN,Technician-04,11/20/2022,11/15/2023,12,55,,40,,100,HIGHLAND KANE ROAD (4009)/NORTH OF MCCLAIN LANE,DE YOUNG,PA,16735,IN SERVICE,3,4890,ELK,42047,USA,41.57682032,-78.83356504
GCOMP1052,NATIONAL FUEL GAS SUPPLY CORPORATION,CARTER HILL,Technician-05,5/5/2023,11/1/2023,6,55,20,,,100,FOLLET ROAD/WEST OF BUFFALO ROAD,CORRY,PA,16407,IN SERVICE,2,765,ERIE,42049,USA,41.97173,-79.719738
GCOMP1034,NATIONAL FUEL GAS SUPPLY CORPORATION,SUMMIT,Technician-06,11/20/2022,11/15/2023,12,55,,,,100,EAST GRANDVIEW BOULEVARD AND GRANDVIEW BOULEVARD,ERIE,PA,16510,IN SERVICE,2,880,ERIE,42049,USA,42.0976,-80.053539
GCOMP1059,COLUMBIA GAS TRANSMISSION L.L.C.,MCCLELLANDTOWN,Technician-07,6/2/2023,11/29/2023,6,55,,,,100,GANS ROAD/LAKE LYNN ROAD,MC CLELLANDTOWN,PA,15458,IN SERVICE,1,225,FAYETTE,42051,USA,39.74766,-79.838581
GCOMP164,DOMINION TRANSMISSION INC.,CONNELLSVILLE-TE,Technician-08,12/6/2022,12/1/2023,12,55,,,,100,1419 CONNELLSVILLE STREET,CONNELLSVILLE,PA,15425,IN SERVICE,0,2700,FAYETTE,42051,USA,39.930731,-79.670641
GCOMP421,DOMINION TRANSMISSION INC.,NORTH SUMMIT. PA,Technician-09,12/12/2022,12/7/2023,12,55,20,40,,100,252 JUMONVILLE ROAD,HOPWOOD,PA,15445,IN SERVICE,2,6400,FAYETTE,42051,USA,39.85951754,-79.65282931
GCOMP195,TEXAS EASTERN TRANSMISSION L.P.,UNIONTOWN,Technician-10,12/20/2022,12/15/2023,12,55,,,,100,1525 CONNELLSVILLE ROAD,LEMONT FURNACE,PA,15456,IN SERVICE,5,80900,FAYETTE,42051,USA,39.93190374,-79.67101932
GCOMP1252,NATIONAL FUEL GAS SUPPLY CORPORATION,QUEEN,Technician-11,1/5/2023,12/31/2023,12,55,,40,Y,100,QUEEN PUMPING STATION ROAD AND QUEEN ROAD,QUEEN,PA,16353,IN SERVICE,0,0,FOREST,42053,USA,41.623465,-79.349169
GCOMP617,TENNESSEE GAS PIPELINE COMPANY L.L.C.,#307 - PIGEON,Technician-12,5/19/2023,11/15/2023,6,55,,,Y,100,44232 PA-66,MARIENVILLE,PA,16239,IN SERVICE,6,15500,FOREST,42053,USA,41.539255,-79.038829
GCOMP68,COLUMBIA GAS TRANSMISSION L.L.C.,GREENCASTLE,Technician-13,11/22/2022,11/17/2023,12,55,,,,100,10750 WELSH RUN ROAD,GREENSCASTLE,PA,17225,IN SERVICE,5,6860,FRANKLIN,42055,USA,39.780408,-77.832872
GCOMP278,DOMINION TRANSMISSION INC.,CHAMBERSBURG,Technician-14,5/23/2023,11/19/2023,6,55,20,,,100,1894 WARM SPRINGS ROAD,CHAMBERSBURG,PA,17201,IN SERVICE,5,38020,FRANKLIN,42055,USA,39.890808,-77.71997
GCOMP518,DOMINION TRANSMISSION INC.,CHAMBERSBURG-TE,Technician-15,11/26/2022,11/21/2023,12,55,,40,Y,100,3351 MOLLY PITCHER HIGHWAY,CHAMBERSBURG,PA,17201,IN SERVICE,5,37300,FRANKLIN,42055,USA,39.89140163,-77.67942444
GCOMP519,TEXAS EASTERN TRANSMISSION L.P.,CHAMBERSBURG,Technician-16,5/27/2023,11/23/2023,6,55,,,,100,3351 MOLLY PITCHER HIGHWAY,CHAMBERSBURG,PA,17202,IN SERVICE,2,41300,FRANKLIN,42055,USA,39.890987,-77.679297
GCOMP537,COLUMBIA GAS TRANSMISSION L.L.C.,WAYNESBURG,Technician-17,5/15/2023,11/11/2023,6,55,,,,25,3508 W ROY FURMAN HIGHWAY -18,WAYNESBURG,PA,15370,IN SERVICE,6,6860,GREENE,42059,USA,39.895143,-80.216194
GCOMP779,DOMINION TRANSMISSION INC.,CRAYNE,Technician-18,5/18/2023,11/14/2023,6,55,,,,33,657 JEFFERSON ROAD,WAYNESBURG,PA,15370,IN SERVICE,3,23300,GREENE,42059,USA,39.91975427,-80.12344843
GCOMP406,EQUITRANS L.P.,JEFFERSON,Technician-19,11/20/2022,11/15/2023,12,55,,,,49,243 DENNY HILL,JEFFERSON,PA,15344,IN SERVICE,4,30105,GREENE,42059,USA,39.909609,-80.074432
GCOMP103,EQUITRANS L.P.,MOUNT MORRIS,Technician-20,5/5/2023,11/1/2023,6,55,20,,,51,1182-US-19,MOUNT MORRIS,PA,15349,IN SERVICE,2,220,GREENE,42059,USA,39.8137692,-80.11707407
GCOMP1304,EQUITRANS L.P.,ROGERSVILLE,Technician-21,11/20/2022,11/15/2023,12,55,,,,66,SOUTHEAST OF INTERSECTION W ROY FURMAN HIGHWAY/PARK ROAD,ROGERSVILLE,PA,15359,IN SERVICE,1,-999,GREENE,42059,USA,39.877197,-80.266461
GCOMP251,EQUITRANS L.P.,WAYNESBURG,Technician-22,6/2/2023,11/29/2023,6,55,,,,67,177 ELM ROAD,WAYNESBURG,PA,15370,IN SERVICE,2,3600,GREENE,42059,USA,39.90503584,-80.15242043
GCOMP682,EQUITRANS L.P.,PRATT,Technician-23,12/6/2022,12/1/2023,12,55,,,,92,532 JEFFERSON ROAD,WAYNESBURG,PA,15370,IN SERVICE,5,4800,GREENE,42059,USA,39.91271605,-80.12820189
GCOMP1236,EQUITRANS L.P.,RYERSON,Technician-24,6/10/2023,12/7/2023,6,55,,,,93,PA-3022 (BRISTORIA ROAD)/EAST OF PA-21,WIND RIDGE,PA,15380,IN SERVICE,1,41,GREENE,42059,USA,39.89163862,-80.45336339
GCOMP271,TEXAS EASTERN TRANSMISSION L.P.,WAYNESBURG,Technician-25,12/20/2022,12/15/2023,12,55,,,,94,188 EAST STATE ROAD,WAYNESBURG,PA,15370,IN SERVICE,1,5000,GREENE,42059,USA,39.917822,-80.124552
GCOMP1209,TEXAS EASTERN TRANSMISSION L.P.,HOLBROOK,Technician-01,4/5/2023,12/31/2023,9,55,,,Y,95,OFF HIGHWAY 21,WIND RIDGE,PA,15380,IN SERVICE,15,58800,GREENE,42059,USA,39.89058612,-80.45168901
GCOMP1157,TEXAS EASTERN TRANSMISSION L.P.,ENTRIKEN,Technician-02,5/19/2023,11/15/2023,6,55,20,,,96,LOGGING ROAD 31118/WEST OF OLD FORGE ROAD,JAMES CREEK,PA,16657,IN SERVICE,2,48000,HUNTINGDON,42061,USA,40.308939,-78.138862
GCOMP1247,DOMINION TRANSMISSION INC.,CHERRY TREE,Technician-03,5/21/2023,11/17/2023,6,55,,,,97,POWELL RUN ROAD/ARCADIA ROAD,CHERRY TREE,PA,15724,IN SERVICE,2,1520,INDIANA,42063,USA,40.754254,-78.828364
GCOMP1271,DOMINION TRANSMISSION INC.,ROCHESTER MILLS,Technician-04,11/24/2022,11/19/2023,12,55,,,,98,ROUTE 210 HIGHWAY,ROCHESTER MILLS,PA,15771,IN SERVICE,3,1320,INDIANA,42063,USA,40.90638498,-79.02570819
GCOMP897,COLUMBIA GAS TRANSMISSION L.L.C.,IOWA,Technician-05,2/24/2023,11/21/2023,9,55,,,,99,893 IOWA ROAD,BROOKVILLE,PA,15825,IN SERVICE,2,2235,JEFFERSON,42065,USA,41.12911055,-79.00870263
GCOMP6,DOMINION TRANSMISSION INC.,STONEY RUN,Technician-06,11/28/2022,11/23/2023,12,55,,,,80,.5 MILES NORTH OF ROUTE 36 AND TIPPLE ROAD,BIG RUN,PA,15715,IN SERVICE,3,1152,JEFFERSON,42065,USA,40.924624,-78.845687
GCOMP896,DOMINION TRANSMISSION INC.,PUNXSUTAWNEY,Technician-07,5/15/2023,11/11/2023,6,55,,,,75,88 LASKA ROAD,PUNXSUTAWNEY,PA,15767,IN SERVICE,4,19262,JEFFERSON,42065,USA,40.909749,-79.018363
GCOMP1046,NATIONAL FUEL GAS SUPPLY CORPORATION,KNOX,Technician-08,5/18/2023,11/14/2023,6,55,,,,70,FIVE MILE RUN ROAD (SOUTH),BROOKVILLE,PA,15825,IN SERVICE,4,1968,JEFFERSON,42065,USA,41.12015271,-79.0818356
GCOMP1274,NATIONAL FUEL GAS SUPPLY CORPORATION,HEATH,Technician-09,5/19/2023,11/15/2023,6,55,,,,60,ROUTE 949 EAST OF SIGEL RR 1 BOX,SIGEL,PA,15860,IN SERVICE,1,1160,JEFFERSON,42065,USA,41.349166,-79.013611
GCOMP129,NATIONAL FUEL GAS SUPPLY CORPORATION,ELDRED,Technician-10,5/5/2023,11/1/2023,6,55,20,,,50,12797 FISHER ROAD,SIGEL,PA,15860,IN SERVICE,2,300,JEFFERSON,42065,USA,41.27652,-79.130424
GCOMP1197,DOMINION TRANSMISSION INC.,PERULACK,Technician-11,11/20/2022,11/15/2023,12,55,,,,25,NORTH OF RHINE HOLLOW ROAD (HIGHWAY 3020)/WEST OF HIGHWAY 3023,PERULACK,PA,17021,IN SERVICE,1,4735,JUNIATA,42067,USA,40.35691154,-77.65447079
GCOMP514,TEXAS EASTERN TRANSMISSION L.P.,PERULACK,Technician-12,12/4/2022,11/29/2023,12,55,,,,100,3318 PUMPING STATION ROAD,PERULACK,PA,17021,IN SERVICE,4,34800,JUNIATA,42067,USA,40.35416141,-77.65415905
GCOMP210,COLUMBIA GAS TRANSMISSION L.L.C.,MARIETTA,Technician-13,12/6/2022,12/1/2023,12,55,,,,100,1588 DEPOT ROAD,MARIETTA,PA,17547,IN SERVICE,3,4050,LANCASTER,42071,USA,40.064233,-76.598993
GCOMP787,DOMINION TRANSMISSION INC.,CENTRE,Technician-14,6/10/2023,12/7/2023,6,55,,,,100,670 WITHERITE ROAD PLEASANT,GAP,PA,16823,IN SERVICE,2,12400,LANCASTER,42071,USA,40.8800062,-77.73011731
GCOMP178,TEXAS EASTERN TRANSMISSION L.P.,MARIETTA,Technician-15,12/20/2022,12/15/2023,12,55,,,,100,1462 RIVER ROAD,MARIETTA,PA,17547,IN SERVICE,3,23960,LANCASTER,42071,USA,40.06397928,-76.57726546
GCOMP501,COLUMBIA GAS TRANSMISSION L.L.C.,ELLWOOD CITY,Technician-16,7/4/2023,12/31/2023,6,55,,,,100,315 SHADYREST ROAD,ELLWOOD CITY,PA,16117,IN SERVICE,2,1000,LAWRENCE,42073,USA,40.83397687,-80.25287894
GCOMP10,TRANSCONTINENTAL GAS PIPE LINE COMPANY L.L.C.,NO. 515 BEAR CREEK,Technician-17,2/18/2023,11/15/2023,9,55,,,,100,0.2 MILES SOUTHEAST OF HIGHWAY 115 AND BLUEBERRY LANE,BEAR CREEK,PA,18602,IN SERVICE,4,12800,LUZERNE,42079,USA,41.172478,-75.672182
GCOMP447,TRANSCONTINENTAL GAS PIPE LINE COMPANY L.L.C.,NO. 520 SALLADASBURG,Technician-18,11/22/2022,11/17/2023,12,55,,,,100,2782 STATE ROUTE 287,SALLADASBURG,PA,17740,IN SERVICE,9,71700,LYCOMING,42081,USA,41.260054,-77.229078
GCOMP1782,NATIONAL FUEL GAS SUPPLY CORPORATION,KEELOR,Technician-19,5/23/2023,11/19/2023,6,55,20,40,,100,GAME SCHOOL ROAD,BROCKWAY,PA,15824,IN SERVICE,3,4140,MCKEAN,42083,USA,41.68978,-78.8626
GCOMP688,NATIONAL FUEL GAS SUPPLY CORPORATION,LAMONT,Technician-20,11/26/2022,11/21/2023,12,55,,40,,100,5405 HIGHLAND ROAD,KANE,PA,16735,IN SERVICE,6,1190,MCKEAN,42083,USA,41.612486,-78.805474
GCOMP1783,NATIONAL FUEL GAS SUPPLY CORPORATION,MARVINDALE,Technician-21,5/27/2023,11/23/2023,6,55,,40,,100,32 KIN FORKS LANE,MOUNT JEWETT,PA,16740,IN SERVICE,3,14592,MCKEAN,42083,USA,41.70267859,-78.50008714
GCOMP1353,NATIONAL FUEL GAS SUPPLY CORPORATION,WELLENDORF,Technician-22,11/16/2022,11/11/2023,12,55,,40,,100,WEST OF SHAWMUT GR ROAD,NORWICH,PA,16749,IN SERVICE,1,325,MCKEAN,42083,USA,41.618104,-78.465465
GCOMP960,TENNESSEE GAS PIPELINE COMPANY L.L.C.,#310 - SMETHPORT,Technician-23,11/19/2022,11/14/2023,12,55,,40,,100,CLERMONT ROAD (HIGHWAY 146)/NW OF RED MILL ROAD (8 MILES SSW OF SMETHPORT),SMETHPORT,PA,16749,IN SERVICE,1,16000,MCKEAN,42083,USA,41.701156,-78.498839
GCOMP403,NATIONAL FUEL GAS SUPPLY CORPORATION,HENDERSON,Technician-24,11/20/2022,11/15/2023,12,55,,40,,100,241 HENDERSON STATION ROAD,STONEBORO,PA,16153,IN SERVICE,2,2700,MERCER,42085,USA,41.295658,-79.993499
GCOMP111,TENNESSEE GAS PIPELINE COMPANY L.L.C.,#219 - MERCER,Technician-25,11/6/2022,11/1/2023,12,55,,40,,25,1211 GREENVILLE MERCER ROAD,MERCER,PA,16137,IN SERVICE,14,21550,MERCER,42085,USA,41.276406,-80.273928
GCOMP322,COLUMBIA GAS TRANSMISSION L.L.C.,EASTON,Technician-01,5/19/2023,11/15/2023,6,55,,40,,33,204 KLEIN ROAD,EASTON,PA,18045,IN SERVICE,3,22254,NORTHAMPTON,42095,USA,40.765469,-75.223546
GCOMP57,COLUMBIA GAS TRANSMISSION L.L.C.,HELLERTOWN,Technician-02,12/4/2022,11/29/2023,12,55,,40,,49,105 155 WOODLAND ROAD,HELLERTOWN,PA,18055,IN SERVICE,2,2200,NORTHAMPTON,42095,USA,40.60928598,-75.26715847
GCOMP610,TEXAS EASTERN TRANSMISSION L.P.,SHERMANS DALE,Technician-03,6/4/2023,12/1/2023,6,55,,40,,51,429 TEXAS EASTERN ROAD OFF HIGHWAY 34,SHERMANS DALE,PA,17090,IN SERVICE,2,41800,PERRY,42099,USA,40.34373139,-77.16143186
GCOMP345,COLUMBIA GAS TRANSMISSION L.L.C.,MILFORD,Technician-04,12/12/2022,12/7/2023,12,55,20,40,,66,216 FIRE TOWER ROAD,MILFORD,PA,18337,IN SERVICE,2,9400,PIKE,42103,USA,41.355357,-74.820962
GCOMP273,DOMINION TRANSMISSION INC.,NFG-ELLISBURG,Technician-05,6/18/2023,12/15/2023,6,55,,40,,67,188 ROSE LAKE ROAD (HIGHWAY 244),ELLISBURG,PA,16923,IN SERVICE,2,0,POTTER,42105,USA,41.89953352,-77.91565317
GCOMP788,DOMINION TRANSMISSION INC.,STATE LINE,Technician-06,7/4/2023,12/31/2023,6,55,20,40,,92,671 ODONNELL ROAD,GENESEE,PA,16923,IN SERVICE,4,4650,POTTER,42105,USA,41.99163424,-77.9263667
GCOMP803,DOMINION TRANSMISSION INC.,ELLISBURG,Technician-07,5/19/2023,11/15/2023,6,55,,40,,93,685 PUMP STATION ROAD,ELLISBURG,PA,16923,IN SERVICE,8,18400,POTTER,42105,USA,41.925818,-77.892608
GCOMP33,DOMINION TRANSMISSION INC.,HARRISON,Technician-08,11/22/2022,11/17/2023,12,55,20,,,94,1001 PLEASANT VALLEY ROAD,HARRISON VALLEY,PA,16927,IN SERVICE,6,11100,POTTER,42105,USA,41.9793224,-77.68738961
GCOMP1294,DOMINION TRANSMISSION INC.,GREENLICK,Technician-09,5/23/2023,11/19/2023,6,55,,,,95,SHEPAROAD ROAD,CROSS FORK,PA,17729,IN SERVICE,4,13600,POTTER,42105,USA,41.490911,-77.735347
GCOMP1306,NATIONAL FUEL GAS SUPPLY CORPORATION,EAST FORK,Technician-10,11/26/2022,11/21/2023,12,55,,40,,96,STATE ROUTE 0872,WHARTON,PA,16720,IN SERVICE,5,3060,POTTER,42105,USA,41.530481,-78.014048
GCOMP1317,NATIONAL FUEL GAS SUPPLY CORPORATION,COSTELLO,Technician-11,5/27/2023,11/23/2023,6,55,20,,,97,STATE STREET/YOUNG HOLLOW LANE-RIPPLE DRIVE,AUSTIN,PA,16720,IN SERVICE,2,1440,POTTER,42105,USA,41.58886182,-78.05767576
GCOMP270,NATIONAL FUEL GAS SUPPLY CORPORATION,ELLISBURG,Technician-12,11/16/2022,11/11/2023,12,55,,,,98,187 ROSE LAKE ROAD,ELLISBURG,PA,16923,IN SERVICE,4,9445,POTTER,42105,USA,41.89953164,-77.91586242
GCOMP272,NATIONAL FUEL GAS SUPPLY CORPORATION,ELLISBURG,Technician-13,5/18/2023,11/14/2023,6,55,,,,99,188 ROSE LAKE ROAD,ELLISBURG,PA,16923,IN SERVICE,7,20920,POTTER,42105,USA,41.89950484,-77.91614382
GCOMP297,TENNESSEE GAS PIPELINE COMPANY L.L.C.,#313 - COUDERSPORT,Technician-14,11/20/2022,11/15/2023,12,55,,,,80,197 TENNESSEE ROAD,COUDERSPORT,PA,16915,IN SERVICE,10,24170,POTTER,42105,USA,41.852909,-78.00079
GCOMP414,TENNESSEE GAS PIPELINE COMPANY L.L.C.,#313A ELLLISBURG,Technician-15,2/4/2023,11/1/2023,9,55,20,40,,75,247 ROSE LAKE ROAD,GENESEE,PA,16923,IN SERVICE,2,4730,POTTER,42105,USA,41.89949079,-77.91644598
GCOMP1330,TRANSCONTINENTAL GAS PIPE LINE COMPANY L.L.C.,NO. 535 WHARTON STORAGE FIELD,Technician-16,5/19/2023,11/15/2023,6,55,,,,70,TROUT RUN ROAD AND ELK LICK RUN ROAD,WHARTON,PA,16720,IN SERVICE,5,8500,POTTER,42105,USA,41.512861,-77.985783
GCOMP974,COLUMBIA GAS TRANSMISSION L.L.C.,SALISBURY,Technician-17,6/2/2023,11/29/2023,6,55,,40,,60,COLUMBIA DRIVE AND GAS COUNTY ROAD,MEYERSDALE,PA,15558,IN SERVICE,5,5480,SOMERSET,42111,USA,39.723289,-79.007855
GCOMP1276,TENNESSEE GAS PIPELINE COMPANY L.L.C.,#321 - WEST CLIFFORD,Technician-18,12/6/2022,12/1/2023,12,55,,,,50,RR 1 BOX 163T,UNION DALE,PA,18470,IN SERVICE,4,25210,SUSQUEHANNA,42115,USA,41.711659,-75.59897
GCOMP714,DOMINION TRANSMISSION INC.,TIOGA,Technician-19,3/12/2023,12/7/2023,9,55,,,,25,576 PALMER ROAD,LAWRENCEVILLE,PA,16929,IN SERVICE,2,8400,TIOGA,42117,USA,41.93727487,-77.21780931
GCOMP943,DOMINION TRANSMISSION INC.,BOOM,Technician-20,12/20/2022,12/15/2023,12,55,20,,,100,BOOM STATION ROAD,LAWRENCEVILLE,PA,16929,IN SERVICE,2,5200,TIOGA,42117,USA,41.95504,-77.151657
GCOMP1249,DOMINION TRANSMISSION INC.,SABINSVILLE,Technician-21,7/4/2023,12/31/2023,6,55,,40,,100,PUMP STATION ROAD/NORTH OF SPRUCE STREET,SABINSVILLE,PA,16943,IN SERVICE,1,5800,TIOGA,42117,USA,41.875575,-77.518992
GCOMP1771,EMPIRE PIPELINE INC.,JACKSON,Technician-22,5/19/2023,11/15/2023,6,55,,,,100,3380-3388 BUCKWHEAT HOLLOW ROAD,LAWRENCEVILLE,PA,16929,IN SERVICE,2,21454,TIOGA,42117,USA,41.99856722,-77.02885462
GCOMP951,TENNESSEE GAS PIPELINE COMPANY L.L.C.,#315 - WELLSBORO,Technician-23,5/21/2023,11/17/2023,6,55,,,,100,CATLIN HOLLOW ROAD,WELLSBORO,PA,16901,IN SERVICE,2,28630,TIOGA,42117,USA,41.81381945,-77.27916171
GCOMP1143,NATIONAL FUEL GAS SUPPLY CORPORATION,VAN,Technician-24,5/23/2023,11/19/2023,6,55,,,,100,LAKES TO THE SEA HIGHWAY (ROUTE 322) AND VAN ROAD,CRANBERRY,PA,16319,IN SERVICE,1,180,VENANGO,42121,USA,41.31770857,-79.65970134
GCOMP1163,TENNESSEE GAS PIPELINE COMPANY L.L.C.,#303 - SENECA PA 303A,Technician-25,11/26/2022,11/21/2023,12,55,,,,100,MEADOW CHURCH ROAD/ZACKREAL ROAD,SENECA,PA,16346,IN SERVICE,1,16000,VENANGO,42121,USA,41.367391,-79.662108
GCOMP1342,NATIONAL FUEL GAS SUPPLY CORPORATION,ROYSTONE,Technician-01,11/28/2022,11/23/2023,12,55,20,,,100,US-6 GRAND ARMY OF THE REPUBLIC HIGHWAY,SHEFFIELD,PA,16347,IN SERVICE,10,6000,WARREN,42123,USA,41.72441,-78.969927
GCOMP976,COLUMBIA GAS TRANSMISSION L.L.C.,DONEGAL,Technician-02,11/16/2022,11/11/2023,12,55,,,,100,COMPRESSOR STATION ROAD AND GAS ROAD,WEST ALEXANDER,PA,15376,IN SERVICE,2,2000,WASHINGTON,42125,USA,40.111648,-80.461927
GCOMP815,COLUMBIA GAS TRANSMISSION L.L.C.,MAJORSVILLE,Technician-03,5/18/2023,11/14/2023,6,55,,,,100,70 CALI'S MAJORSVILLE ROAD,WEST FINLEY,PA,15377,IN SERVICE,1,360,WASHINGTON,42125,USA,39.96409561,-80.52117274
GCOMP597,EQUITRANS L.P.,HARTSON,Technician-04,11/20/2022,11/15/2023,12,55,,,,100,4111-4139 FINLEYVILLE ELRAMA ROAD; FINLEYVILLE,FINLEYVILLE,PA,1533,IN SERVICE,3,3300,WASHINGTON,42125,USA,40.25565871,-79.96122221
GCOMP1779,NATIONAL FUEL GAS SUPPLY CORPORATION,BUFFALO,Technician-05,5/5/2023,11/1/2023,6,55,,,,100,270 PLEASANT VALLEY ROAD,WASHINGTON,PA,15301,IN SERVICE,4,25300,WASHINGTON,42125,USA,40.15695182,-80.34352113
GCOMP1354,TENNESSEE GAS PIPELINE COMPANY L.L.C.,#323A - HAWLEY,Technician-06,2/18/2023,11/15/2023,9,55,,,,100,WESTCOLANG ROAD,HAWLEY,PA,18428,IN SERVICE,2,25400,WAYNE,42127,USA,41.501027,-75.063854
GCOMP113,COLUMBIA GAS TRANSMISSION L.L.C.,DELMONT,Technician-07,12/4/2022,11/29/2023,12,55,,,,100,"121B BEAVER RUN ROAD; 807 ADA LANE, DELMONT, PA 15626",DELMONT,PA,15626,IN SERVICE,2,1904,WESTMORELAND,42129,USA,40.387081,-79.563843
GCOMP1082,DOMINION TRANSMISSION INC.,SOUTH OAKFORD,Technician-08,6/4/2023,12/1/2023,6,55,20,,,25,HIGHWAY 66 AND MCILVAINE ROAD,GREENSBURG,PA,15601,IN SERVICE,4,24200,WESTMORELAND,42129,USA,40.364956,-79.558516
GCOMP796,DOMINION TRANSMISSION INC.,ROCK SPRINGS,Technician-09,12/12/2022,12/7/2023,12,55,,,,33,6810 WILLIAM PENN HIGHWAY,GREENSBURG,PA,15601,IN SERVICE,2,4740,WESTMORELAND,42129,USA,40.40508879,-79.55463925
GCOMP1194,DOMINION TRANSMISSION INC.,NORTH OAKFORD,Technician-10,6/18/2023,12/15/2023,6,55,,,,49,NORTH OF HIGHWAY 22/SCENIC DRIVE,DELMONT,PA,15626,IN SERVICE,2,-999,WESTMORELAND,42129,USA,40.401806,-79.559732
GCOMP798,DOMINION TRANSMISSION INC.,OAKFORD,Technician-11,1/5/2023,12/31/2023,12,55,,,,51,6814 ROUTE 22,DELMONT,PA,15626,IN SERVICE,2,9400,WESTMORELAND,42129,USA,40.39722263,-79.54893573
GCOMP1207,DOMINION TRANSMISSION INC.,LINCOLN HEIGHTS,Technician-12,11/20/2022,11/15/2023,12,55,,,,66,NW OF BEAVER ROAD/ 0.5 MILES NE OF LASKOSKI ROAD,JEANNETTE,PA,15644,IN SERVICE,2,510,WESTMORELAND,42129,USA,40.29969,-79.627708
GCOMP691,DOMINION TRANSMISSION INC.,J.B. TONKIN,Technician-13,11/22/2022,11/17/2023,12,55,,,Y,67,5423 MAMONT ROAD,MURRYSVILLE,PA,15668,IN SERVICE,1,6000,WESTMORELAND,42129,USA,40.462943,-79.640213
GCOMP1083,TEXAS EASTERN TRANSMISSION L.P.,DELMONT,Technician-14,11/24/2022,11/19/2023,12,55,,,,92,HIGHWAY 66 NORTH BEAVER RUN ROAD AND JOBES ROAD,GREENSBURG,PA,15601,IN SERVICE,9,73300,WESTMORELAND,42129,USA,40.38203638,-79.5554287
GCOMP291,TEXAS EASTERN TRANSMISSION L.P.,OAKFORD,Technician-15,5/25/2023,11/21/2023,6,55,,,,93,195 ADELE LANE,GREENSBURG,PA,15601,IN SERVICE,15,43800,WESTMORELAND,42129,USA,40.384831,-79.548869
GCOMP928,TEXAS EASTERN TRANSMISSION L.P.,OAKFORD,Technician-16,11/28/2022,11/23/2023,12,55,20,,,94,ADA LANE/BEAVER RUN ROAD,GREENSBURG,PA,15601,IN SERVICE,4,24200,WESTMORELAND,42129,USA,40.38609533,-79.5639275
GCOMP892,TEXAS EASTERN TRANSMISSION L.P.,ARMAGH,Technician-17,5/15/2023,11/11/2023,6,55,,,,95,862 HORSE THIEF ROAD,NEW FLORENCE,PA,15944,IN SERVICE,2,40100,WESTMORELAND,42129,USA,40.430904,-79.084475
GCOMP359,TRANSCONTINENTAL GAS PIPE LINE COMPANY L.L.C.,NO. 195 DELTA,Technician-18,11/19/2022,11/14/2023,12,55,,,,96,2204 BRYANSVILLE ROAD,DELTA,PA,17314,IN SERVICE,4,26000,YORK,42133,USA,39.74564,-76.358796
GCOMP685,ENBRIDGE INC.,BURRILLVILLE,Technician-19,5/19/2023,11/15/2023,6,55,,,,97,54 ALGONQUIN LANE,BURRILLVILLE,RI,2859,IN SERVICE,4,32500,PROVIDENCE,44007,USA,41.9682,-71.7555
GCOMP207,TENNESSEE GAS PIPELINE COMPANY L.L.C.,#265E - BURRILLVILLE,Technician-20,5/5/2023,11/1/2023,6,55,,,,98,1575B SHERMAN FARM ROAD,BURRILLVILLE,RI,2830,IN SERVICE,1,7170,PROVIDENCE,44007,USA,42.010371,-71.666976
GCOMP383,CAROLINA GAS TRANSMISSION CORPORATION,SOUTHERN - AIKEN,Technician-21,5/19/2023,11/15/2023,6,55,,,,99,2314 DIBBLE ROAD SOUTHWEST,AIKEN,SC,29385,IN SERVICE,12,8400,AIKEN,45003,USA,33.55509421,-81.77991812
GCOMP1217,TRANSCONTINENTAL GAS PIPE LINE COMPANY L.L.C.,NO. 135 ANDERSON SOUTH CAROLINA,Technician-22,12/4/2022,11/29/2023,12,55,,,Y,80,OFF STATE HIGHWAY 480 (BOLT DRIVE)/4.3 MILES EAST OF ANDERSON,ANDERSON,SC,29621,IN SERVICE,1,20500,ANDERSON,45007,USA,34.487495,-82.575687
GCOMP463,CAROLINA GAS TRANSMISSION CORPORATION,CGTC GROVER,Technician-23,6/4/2023,12/1/2023,6,55,,,,75,290 LOOKOUT TOWER ROAD,BLACKSBURG,SC,29702,IN SERVICE,4,45400,CHEROKEE,45021,USA,35.137924,-81.429757
GCOMP602,DISCOVERY GAS TRANSMISSION L.L.C.,BETHUNE - KERSHAW,Technician-24,11/20/2022,11/15/2023,12,55,,,,70,4200 JEFFERSON DAVIS HIGHWAY,BETHUNE,SC,29009,IN SERVICE,3,3150,KERSHAW,45055,USA,34.42211209,-80.33063354
GCOMP888,DOMINION CAROLINA GAS TRANSMISSION L.L.C.,CAMDEN - CAMDEN,Technician-25,5/21/2023,11/17/2023,6,55,20,40,,60,852 BISHOPVILLE HIGHWAY,CAMDEN,SC,29020,IN SERVICE,-999,-999,KERSHAW,45055,USA,34.23841562,-80.54397729
GCOMP358,TRANSCONTINENTAL GAS PIPE LINE COMPANY L.L.C.,NO. 140 SPARTANBURG,Technician-01,11/24/2022,11/19/2023,12,55,,40,,50,2201 MOORE DUNCAN HIGHWAY,MOORE,SC,29369,IN SERVICE,15,60755,SPARTANBURG,45083,USA,34.8469384,-82.01028932
GCOMP234,WILLISTON BASIN INTERSTATE PIPELINE COMPANY,BELLE FOURCHE,Technician-02,5/25/2023,11/21/2023,6,55,,40,,25,16636 WILLISTON BASIN LOOP,BELLE FOURCHE,SD,57717,IN SERVICE,5,3520,BUTTE,46019,USA,44.99022402,-103.9332368
GCOMP1206,TC PIPELINES L.P.,#10 - CLARK COUNTY,Technician-03,11/28/2022,11/23/2023,12,55,,40,,100,NW CORNER OF 421ST AVENUE AND 160TH ST; SOUTH OF CROCKER,BRADLEY,SD,57217,IN SERVICE,1,38000,CLARK,46025,USA,45.06776962,-97.79803309
GCOMP643,TC PIPELINES L.P.,#11 - DEUEL COUNTY,Technician-04,2/14/2023,11/11/2023,9,55,,40,,100,470TH AVENUE; CORNER OF 470TH AVENUE AND 188TH STREET,ESTELLINE,SD,57234,IN SERVICE,1,38000,DEUEL,46039,USA,44.66607803,-96.80773515
GCOMP549,TC PIPELINES L.P.,#9 - EDMUNDS COUNTY,Technician-05,5/18/2023,11/14/2023,6,55,,40,,100,36989 128TH STREET,WESTPORT,SD,57481,IN SERVICE,1,38000,EDMUNDS,46045,USA,45.53272044,-98.78624271
GCOMP972,WILLISTON BASIN INTERSTATE PIPELINE COMPANY,WEST SHORT PINE HILLS,Technician-06,5/19/2023,11/15/2023,6,55,,40,,100,COLLINS ROAD/EAST OF S CRAMP CROOK ROAD,BUFFALO,SD,57720,IN SERVICE,1,360,HARDING,46063,USA,45.358038,-103.934504
GCOMP611,NORTHERN NATURAL GAS COMPANY,SPENCER,Technician-07,11/6/2022,11/1/2023,12,55,,40,,100,43 1ST AVENUE,SPENCER,SD,57374,IN SERVICE,1,1100,MCCOOK,46087,USA,43.72032506,-97.5882431
GCOMP1441,BELLATRIX EXPLORATION LTD.,BELLATRIX EXPLORATION LTD.,Technician-08,2/18/2023,11/15/2023,9,55,,40,,100,07-22-006-29-W3,NOT AVAILABLE,SK,T2P 3T6,IN SERVICE,-999,-999,RENO,NOT APPLICABLE,CAN,49.485876,-109.824879
GCOMP1393,CANADIAN NATURAL RESOURCES LTD.,CANADIAN NATURAL RESOURCES LTD. (ENTERPRISE),Technician-09,12/4/2022,11/29/2023,12,55,,40,,100,01-04-016-29-W3,NOT AVAILABLE,SK,T2P 4J8,IN SERVICE,-999,-999,ENTERPRISE,NOT APPLICABLE,CAN,50.31079,-109.924814
GCOMP1399,CANADIAN NATURAL RESOURCES LTD.,CANADIAN NATURAL RESOURCES LTD. (ENTERPRISE A),Technician-10,6/4/2023,12/1/2023,6,55,20,40,,100,01-18-016-29-W3,NOT AVAILABLE,SK,T2P 4J8,IN SERVICE,-999,-999,ENTERPRISE,NOT APPLICABLE,CAN,50.340448,-109.971012
GCOMP1404,CANADIAN NATURAL RESOURCES LTD.,CITY OF MEDICINE HAT (BIG STICK),Technician-11,6/10/2023,12/7/2023,6,55,,40,,100,01-28-014-25-W3,NOT AVAILABLE,SK,T2P 4J8,IN SERVICE,-999,-999,BIG STICK,NOT APPLICABLE,CAN,50.194773,-109.351993
GCOMP1414,CANADIAN NATURAL RESOURCES LTD.,APACHE CANADA LTD. (FOX VALLEY A),Technician-12,6/18/2023,12/15/2023,6,55,20,40,,100,04-09-016-27-W3,NOT AVAILABLE,SK,T2P 4J8,IN SERVICE,-999,-999,FOX VALLEY,NOT APPLICABLE,CAN,50.326532,-109.669289
GCOMP1417,CANADIAN NATURAL RESOURCES LTD.,CANADIAN NATURAL RESOURCES LTD. (BIG STICK A),Technician-13,7/4/2023,12/31/2023,6,55,,40,,100,04-15-014-27-W3,NOT AVAILABLE,SK,T2P 4J8,IN SERVICE,-999,-999,BIG STICK,NOT APPLICABLE,CAN,50.165862,-109.620384
GCOMP1421,CANADIAN NATURAL RESOURCES LTD.,CANADIAN NATURAL RESOURCES LTD. (ENTERPRISE B),Technician-14,11/22/2022,11/17/2023,12,55,20,,,100,04-28-014-29-W3,NOT AVAILABLE,SK,T2P 4J8,IN SERVICE,-999,-999,ENTERPRISE,NOT APPLICABLE,CAN,50.195402,-109.917611
GCOMP1423,CANADIAN NATURAL RESOURCES LTD.,CANADIAN NATURAL RESOURCES LTD. (BIG STICK B),Technician-15,11/24/2022,11/19/2023,12,55,,,,100,04-35-013-25-W3,NOT AVAILABLE,SK,T2P 4J8,IN SERVICE,-999,-999,BIG STICK,NOT APPLICABLE,CAN,50.12309,-109.326396
GCOMP1424,CANADIAN NATURAL RESOURCES LTD.,APACHE CANADA LTD. (ENTERPRISE A),Technician-16,11/26/2022,11/21/2023,12,55,,40,,100,04-36-016-29-W3,NOT AVAILABLE,SK,T2P 4J8,IN SERVICE,-999,-999,ENTERPRISE,NOT APPLICABLE,CAN,50.383789,-109.876832
GCOMP1426,CANADIAN NATURAL RESOURCES LTD.,APACHE CANADA LTD. (BIG STICK A),Technician-17,5/27/2023,11/23/2023,6,55,20,,,100,21 HIGHWAY; 05-11-014-26-W3,NOT AVAILABLE,SK,T2P 4J8,IN SERVICE,-999,-999,BIG STICK,NOT APPLICABLE,CAN,50.155414,-109.461124
GCOMP1436,CANADIAN NATURAL RESOURCES LTD.,CANADIAN NATURAL RESOURCES LTD. (BIG STICK C),Technician-18,11/16/2022,11/11/2023,12,55,,,,100,05-34-013-27-W3,NOT AVAILABLE,SK,T2P 4J8,IN SERVICE,-999,-999,BIG STICK,NOT APPLICABLE,CAN,50.127983,-109.618803
GCOMP1438,CANADIAN NATURAL RESOURCES LTD.,APACHE CANADA LTD. (FOX VALLEY B),Technician-19,5/18/2023,11/14/2023,6,55,,,,100,NEAR 371 HIGHWAY (1.0 KM N); 06-19-017-27-W3,NOT AVAILABLE,SK,T2P 4J8,IN SERVICE,-999,-999,FOX VALLEY,NOT APPLICABLE,CAN,50.445146,-109.706676
GCOMP1448,CANADIAN NATURAL RESOURCES LTD.,CANADIAN NATURAL RESOURCES LTD. (BIG STICK D),Technician-20,2/18/2023,11/15/2023,9,55,,,,100,21 HIGHWAY; 08-27-013-26-W3,NOT AVAILABLE,SK,T2P 4J8,IN SERVICE,-999,-999,BIG STICK,NOT APPLICABLE,CAN,50.110092,-109.46409
GCOMP1449,CANADIAN NATURAL RESOURCES LTD.,CANADIAN NATURAL RESOURCES LTD. (MAPLE CREEK),Technician-21,11/6/2022,11/1/2023,12,55,20,40,,100,21 HIGHWAY; 08-34-012-26-W3,NOT AVAILABLE,SK,T2P 4J8,IN SERVICE,-999,-999,MAPLE CREEK,NOT APPLICABLE,CAN,50.038726,-109.466309
GCOMP1459,CANADIAN NATURAL RESOURCES LTD.,CANADIAN NATURAL RESOURCES LTD. (ENTERPRISE C),Technician-22,5/19/2023,11/15/2023,6,55,,,,100,11-36-014-29-W3,NOT AVAILABLE,SK,T2P 4J8,IN SERVICE,-999,-999,ENTERPRISE,NOT APPLICABLE,CAN,50.217108,-109.841844
GCOMP1461,CANADIAN NATURAL RESOURCES LTD.,CANADIAN NATURAL RESOURCES LTD. (FOX VALLEY),Technician-23,12/4/2022,11/29/2023,12,55,,40,,100,12-10-017-25-W3,NOT AVAILABLE,SK,T2P 4J8,IN SERVICE,-999,-999,FOX VALLEY,NOT APPLICABLE,CAN,50.420391,-109.371172
GCOMP1462,CANADIAN NATURAL RESOURCES LTD.,APACHE CANADA LTD. (BIG STICK B),Technician-24,6/4/2023,12/1/2023,6,55,,,,100,12-13-014-27-W3,NOT AVAILABLE,SK,T2P 4J8,IN SERVICE,-999,-999,BIG STICK,NOT APPLICABLE,CAN,50.172507,-109.575961
GCOMP1467,CANADIAN NATURAL RESOURCES LTD.,CANADIAN NATURAL RESOURCES LTD. (ENTERPRISE D),Technician-25,12/12/2022,12/7/2023,12,55,,,Y,100,635 HIGHWAY; 13-11-015-28-W3,NOT AVAILABLE,SK,T2P 4J8,IN SERVICE,-999,-999,ENTERPRISE,NOT APPLICABLE,CAN,50.250159,-109.760383
GCOMP1473,CANADIAN NATURAL RESOURCES LTD.,APACHE CANADA LTD. (ENTERPRISE B),Technician-01,12/20/2022,12/15/2023,12,55,20,,Y,100,13-32-017-28-W3,NOT AVAILABLE,SK,T2P 4J8,IN SERVICE,-999,-999,ENTERPRISE,NOT APPLICABLE,CAN,50.484043,-109.831021
GCOMP1474,CANADIAN NATURAL RESOURCES LTD.,CANADIAN NATURAL RESOURCES LTD. (RENO),Technician-02,1/5/2023,12/31/2023,12,55,,40,,100,14-01-002-29-W3,NOT AVAILABLE,SK,T2P 4J8,IN SERVICE,-999,-999,RENO,NOT APPLICABLE,CAN,49.10014,-109.75852
GCOMP1486,CANADIAN NATURAL RESOURCES LTD.,APACHE CANADA LTD. (ENTERPRISE C),Technician-03,11/20/2022,11/15/2023,12,55,,,,100,635 HIGHWAY; 16-15-016-28-W3,NOT AVAILABLE,SK,T2P 4J8,IN SERVICE,-999,-999,ENTERPRISE,NOT APPLICABLE,CAN,50.353232,-109.76466
GCOMP1489,CANADIAN NATURAL RESOURCES LTD.,APACHE CANADA LTD. (BIG STICK C),Technician-04,5/21/2023,11/17/2023,6,55,,,Y,100,16-24-015-27-W3,NOT AVAILABLE,SK,T2P 4J8,IN SERVICE,-999,-999,BIG STICK,NOT APPLICABLE,CAN,50.278871,-109.581205
GCOMP1432,CENOVUS ENERGY INC.,CENOVUS ENERGY INC. (ESTEVAN),Technician-05,11/24/2022,11/19/2023,12,55,,,,100,05-27-001-07-W2,NOT AVAILABLE,SK,T2P 0M5,IN SERVICE,-999,-999,ESTEVAN,NOT APPLICABLE,CAN,49.065593,-102.878533
GCOMP1492,CITY OF MEDICINE HAT,CITY OF MEDICINE HAT (FOX VALLEY),Technician-06,5/25/2023,11/21/2023,6,55,,,,100,16-31-016-26-W3,NOT AVAILABLE,SK,T1A 1Y4,IN SERVICE,-999,-999,FOX VALLEY,NOT APPLICABLE,CAN,50.395557,-109.559759
GCOMP1391,CRESCENT POINT ENERGY CORPORATION,CRESCENT POINT ENERGY CORP. (ARLINGTON),Technician-07,11/28/2022,11/23/2023,12,55,20,,,100,NEAR 13 HIGHWAY; 01-03-008-19-W3,NOT AVAILABLE,SK,T2P 1G1,IN SERVICE,-999,-999,ARLINGTON,NOT APPLICABLE,CAN,49.612051,-108.491353
GCOMP1392,CRESCENT POINT ENERGY CORPORATION,CRESCENT POINT ENERGY CORP. (RENO A),Technician-08,5/15/2023,11/11/2023,6,55,,,,100,01-04-004-25-W3,NOT AVAILABLE,SK,T2P 1G1,IN SERVICE,-999,-999,RENO,NOT APPLICABLE,CAN,49.263577,-109.304745
GCOMP1400,CRESCENT POINT ENERGY CORPORATION,CRESCENT POINT ENERGY CORP. (CARMICHAEL),Technician-09,5/18/2023,11/14/2023,6,55,,,,100,01-20-010-19-W3,NOT AVAILABLE,SK,T2P 1G1,IN SERVICE,-999,-999,CARMICHAEL,NOT APPLICABLE,CAN,49.831495,-108.537921
GCOMP1401,CRESCENT POINT ENERGY CORPORATION,CRESCENT POINT ENERGY CORP. (SOURIS VALLEY A),Technician-10,5/19/2023,11/15/2023,6,55,,,,100,35 HIGHWAY; 01-21-001-14-W2,NOT AVAILABLE,SK,T2P 1G1,IN SERVICE,-999,-999,SOURIS VALLEY,NOT APPLICABLE,CAN,49.044929,-103.812103
GCOMP1403,CRESCENT POINT ENERGY CORPORATION,CRESCENT POINT ENERGY CORP. (ARLINGTON A),Technician-11,11/6/2022,11/1/2023,12,55,,,,100,01-28-009-19-W3,NOT AVAILABLE,SK,T2P 1G1,IN SERVICE,-999,-999,ARLINGTON,NOT APPLICABLE,CAN,49.757914,-108.51358
GCOMP1409,CRESCENT POINT ENERGY CORPORATION,CRESCENT POINT ENERGY CORP. (RENO B),Technician-12,5/19/2023,11/15/2023,6,55,,,,100,03-03-006-26-W3,NOT AVAILABLE,SK,T2P 1G1,IN SERVICE,-999,-999,RENO,NOT APPLICABLE,CAN,49.437877,-109.427782
GCOMP1410,CRESCENT POINT ENERGY CORPORATION,CRESCENT POINT ENERGY CORP. (SOURIS VALLEY B),Technician-13,6/2/2023,11/29/2023,6,55,,,,100,03-14-001-13-W2,NOT AVAILABLE,SK,T2P 1G1,IN SERVICE,-999,-999,SOURIS VALLEY,NOT APPLICABLE,CAN,49.029646,-103.643267
GCOMP1411,CRESCENT POINT ENERGY CORPORATION,CRESCENT POINT ENERGY CORP. (TECUMSEH A),Technician-14,12/6/2022,12/1/2023,12,55,20,,,100,03-20-007-08-W2,NOT AVAILABLE,SK,T2P 1G1,IN SERVICE,-999,-999,TECUMSEH,NOT APPLICABLE,CAN,49.567162,-103.059202
GCOMP1412,CRESCENT POINT ENERGY CORPORATION,CRESCENT POINT ENERGY CORP. (BROCK),Technician-15,6/10/2023,12/7/2023,6,55,,,Y,100,03-28-008-05-W2,NOT AVAILABLE,SK,T2P 1G1,IN SERVICE,-999,-999,BROCK,NOT APPLICABLE,CAN,49.669229,-102.630675
GCOMP1415,CRESCENT POINT ENERGY CORPORATION,CRESCENT POINT ENERGY CORP. (ARLINGTON B),Technician-16,12/20/2022,12/15/2023,12,55,,,,100,04-10-009-19-W3,NOT AVAILABLE,SK,T2P 1G1,IN SERVICE,-999,-999,ARLINGTON,NOT APPLICABLE,CAN,49.714182,-108.509196
GCOMP1418,CRESCENT POINT ENERGY CORPORATION,CRESCENT POINT ENERGY CORP. (ARLINGTON C),Technician-17,7/4/2023,12/31/2023,6,55,,,,100,04-16-009-19-W3,NOT AVAILABLE,SK,T2P 1G1,IN SERVICE,-999,-999,ARLINGTON,NOT APPLICABLE,CAN,49.729266,-108.531148
GCOMP1422,CRESCENT POINT ENERGY CORPORATION,CRESCENT POINT ENERGY CORP. (TECUMSEH B),Technician-18,1/15/2023,1/15/2024,12,55,,,,100,13 HIGHWAY; 04-29-008-09-W2,NOT AVAILABLE,SK,T2P 1G1,IN SERVICE,-999,-999,TECUMSEH,NOT APPLICABLE,CAN,49.669548,-103.201242
GCOMP1425,CRESCENT POINT ENERGY CORPORATION,CRESCENT POINT ENERGY CORP. (TECUMSEH C),Technician-19,2/15/2023,2/15/2024,9,55,,,,100,05-05-008-09-W2,NOT AVAILABLE,SK,T2P 1G1,IN SERVICE,-999,-999,TECUMSEH,NOT APPLICABLE,CAN,49.615853,-103.200867
GCOMP1430,CRESCENT POINT ENERGY CORPORATION,CRESCENT POINT ENERGY CORP. (TECUMSEH D),Technician-20,3/15/2023,3/15/2024,6,55,,,,100,NEAR 13 HIGHWAY; 05-23-008-09-W2,NOT AVAILABLE,SK,T2P 1G1,IN SERVICE,-999,-999,TECUMSEH,NOT APPLICABLE,CAN,49.66019,-103.134241
GCOMP1433,CRESCENT POINT ENERGY CORPORATION,CRESCENT POINT ENERGY CORP. (CAMBRIA A),Technician-21,4/15/2023,4/15/2024,6,55,,,,100,05-31-002-12-W2,NOT AVAILABLE,SK,T2P 1G1,ABANDONED,-999,-999,CAMBRIA,NOT APPLICABLE,CAN,49.165243,-103.606553
GCOMP1435,CRESCENT POINT ENERGY CORPORATION,CRESCENT POINT ENERGY CORP. (BROWNING),Technician-22,5/15/2023,5/15/2024,12,55,20,,,100,605 HIGHWAY; 05-34-005-06-W2,NOT AVAILABLE,SK,T2P 1G1,IN SERVICE,-999,-999,BROWNING,NOT APPLICABLE,CAN,49.426497,-102.744276
GCOMP1437,CRESCENT POINT ENERGY CORPORATION,CRESCENT POINT ENERGY CORP. (WHITE VALLEY A),Technician-23,6/15/2023,6/15/2024,9,55,,,,100,06-09-004-20-W3,NOT AVAILABLE,SK,T2P 1G1,IN SERVICE,-999,-999,WHITE VALLEY,NOT APPLICABLE,CAN,49.281723,-108.643048
GCOMP1445,CRESCENT POINT ENERGY CORPORATION,CRESCENT POINT ENERGY CORP. (TECUMSEH E),Technician-24,7/15/2023,7/15/2024,12,55,,,,100,NEAR 13 HIGHWAY (1.0 KM N); 08-23-008-08-W2,NOT AVAILABLE,SK,T2P 1G1,IN SERVICE,-999,-999,TECUMSEH,NOT APPLICABLE,CAN,49.657005,-102.981594
GCOMP1446,CRESCENT POINT ENERGY CORPORATION,CRESCENT POINT ENERGY CORP. (GRIFFIN),Technician-25,8/15/2023,8/15/2024,6,55,,,,100,08-25-007-11-W2,NOT AVAILABLE,SK,T2P 1G1,IN SERVICE,-999,-999,GRIFFIN,NOT APPLICABLE,CAN,49.586325,-103.364288
GCOMP1451,CRESCENT POINT ENERGY CORPORATION,CRESCENT POINT ENERGY CORP. (CAMBRIA B),Technician-01,9/15/2023,9/15/2024,6,55,,,,100,350 HIGHWAY; 09-11-001-12-W2,NOT AVAILABLE,SK,T2P 1G1,IN SERVICE,-999,-999,CAMBRIA,NOT APPLICABLE,CAN,49.022249,-103.501075
GCOMP1452,CRESCENT POINT ENERGY CORPORATION,CRESCENT POINT ENERGY CORP. (TECUMSEH F),Technician-02,10/15/2023,10/15/2024,6,55,,,,100,09-14-009-08-W2,NOT AVAILABLE,SK,T2P 1G1,IN SERVICE,-999,-999,TECUMSEH,NOT APPLICABLE,CAN,49.735136,-102.983407
GCOMP1453,CRESCENT POINT ENERGY CORPORATION,CRESCENT POINT ENERGY CORP. (WHITE VALLEY B),Technician-03,11/15/2023,11/15/2024,6,55,,,Y,100,09-15-006-20-W3,NOT AVAILABLE,SK,T2P 1G1,IN SERVICE,-999,-999,WHITE VALLEY,NOT APPLICABLE,CAN,49.474086,-108.609647
GCOMP1454,CRESCENT POINT ENERGY CORPORATION,CRESCENT POINT ENERGY CORP. (TECUMSEH G),Technician-04,12/15/2023,12/15/2024,12,55,,,,25,09-32-007-07-W2,NOT AVAILABLE,SK,T2P 1G1,IN SERVICE,-999,-999,TECUMSEH,NOT APPLICABLE,CAN,49.604593,-102.912409
GCOMP1460,CRESCENT POINT ENERGY CORPORATION,CRESCENT POINT ENERGY CORP. (TECUMSEH H),Technician-05,11/20/2022,11/15/2023,12,55,,,,33,12-05-008-08-W2,NOT AVAILABLE,SK,T2P 1G1,IN SERVICE,-999,-999,TECUMSEH,NOT APPLICABLE,CAN,49.61872,-103.066467
GCOMP1469,CRESCENT POINT ENERGY CORPORATION,CRESCENT POINT ENERGY CORP. (HAZELWOOD),Technician-06,11/22/2022,11/17/2023,12,55,20,40,,49,13-18-010-06-W2,NOT AVAILABLE,SK,T2P 1G1,IN SERVICE,-999,-999,HAZELWOOD,NOT APPLICABLE,CAN,49.826956,-102.816635
GCOMP1472,CRESCENT POINT ENERGY CORPORATION,CRESCENT POINT ENERGY CORP. (TECUMSEH I),Technician-07,5/23/2023,11/19/2023,6,55,,40,,51,NEAR 13 HIGHWAY; 13-29-008-07-W2,NOT AVAILABLE,SK,T2P 1G1,IN SERVICE,-999,-999,TECUMSEH,NOT APPLICABLE,CAN,49.680505,-102.929396
GCOMP1479,CRESCENT POINT ENERGY CORPORATION,CRESCENT POINT ENERGY CORP. (SOURIS VALLEY C),Technician-08,11/26/2022,11/21/2023,12,55,,40,,66,14-27-001-13-W2,NOT AVAILABLE,SK,T2P 1G1,IN SERVICE,-999,-999,SOURIS VALLEY,NOT APPLICABLE,CAN,49.071303,-103.668853
GCOMP1480,CRESCENT POINT ENERGY CORPORATION,CRESCENT POINT ENERGY CORP. (CAMBRIA C),Technician-09,5/27/2023,11/23/2023,6,55,,40,,67,15-31-001-12-W2,NOT AVAILABLE,SK,T2P 1G1,ABANDONED,-999,-999,CAMBRIA,NOT APPLICABLE,CAN,49.08504,-103.59551
GCOMP1482,CRESCENT POINT ENERGY CORPORATION,CRESCENT POINT ENERGY CORP. (WHITE VALLEY C),Technician-10,2/14/2023,11/11/2023,9,55,,40,,92,16-02-005-20-W3,NOT AVAILABLE,SK,T2P 1G1,IN SERVICE,-999,-999,WHITE VALLEY,NOT APPLICABLE,CAN,49.38519,-108.580925
GCOMP1485,CRESCENT POINT ENERGY CORPORATION,CRESCENT POINT ENERGY CORP. (LAC PELLETIER),Technician-11,11/19/2022,11/14/2023,12,55,,40,,93,16-10-010-13-W3,NOT AVAILABLE,SK,T2P 1G1,IN SERVICE,-999,-999,LAC PELLETIER,NOT APPLICABLE,CAN,49.814332,-107.676475
GCOMP1487,CRESCENT POINT ENERGY CORPORATION,CRESCENT POINT ENERGY CORP. (ARLINGTON D),Technician-12,5/19/2023,11/15/2023,6,55,,40,,94,16-17-008-19-W3,NOT AVAILABLE,SK,T2P 1G1,IN SERVICE,-999,-999,ARLINGTON,NOT APPLICABLE,CAN,49.653357,-108.537076
GCOMP1491,CRESCENT POINT ENERGY CORPORATION,CRESCENT POINT ENERGY CORP. (ARLINGTON E),Technician-13,11/6/2022,11/1/2023,12,55,,40,,95,16-27-007-19-W3,NOT AVAILABLE,SK,T2P 1G1,IN SERVICE,-999,-999,ARLINGTON,NOT APPLICABLE,CAN,49.595436,-108.493779
GCOMP1493,CRESCENT POINT ENERGY CORPORATION,CRESCENT POINT ENERGY CORP. (ARLINGTON F),Technician-14,5/19/2023,11/15/2023,6,55,,40,,96,16-32-008-19-W3,NOT AVAILABLE,SK,T2P 1G1,IN SERVICE,-999,-999,ARLINGTON,NOT APPLICABLE,CAN,49.696513,-108.537457
GCOMP1408,CRESCENT POINT RESOURCES PARTNERSHIP,LEGACY OIL + GAS INC. (BROCK),Technician-15,12/4/2022,11/29/2023,12,55,,40,,97,02-28-008-05-W2,NOT AVAILABLE,SK,T2P 1G1,IN SERVICE,-999,-999,BROCK,NOT APPLICABLE,CAN,49.669261,-102.626073
GCOMP1416,CRESCENT POINT RESOURCES PARTNERSHIP,LEGACY OIL + GAS INC. (BROWNING),Technician-16,12/6/2022,12/1/2023,12,55,20,40,,98,04-15-004-04-W2,NOT AVAILABLE,SK,T2P 1G1,IN SERVICE,-999,-999,BROWNING,NOT APPLICABLE,CAN,49.29189,-102.474533
GCOMP1450,CRESCENT POINT RESOURCES PARTNERSHIP,PETROBAKKEN ENERGY LTD. (RECIPROCITY),Technician-17,11/20/2022,11/15/2023,12,55,,40,,99,08-35-003-34-W1,NOT AVAILABLE,SK,T2P 1G1,IN SERVICE,-999,-999,RECIPROCITY,NOT APPLICABLE,CAN,49.256396,-101.95908
GCOMP1468,CRESCENT POINT RESOURCES PARTNERSHIP,LEGACY OIL + GAS INC. (COALFIELDS),Technician-18,11/22/2022,11/17/2023,12,55,20,40,,80,NEAR 39 HIGHWAY (0.8 KM NNE); 13-15-001-06-W2,NOT AVAILABLE,SK,T2P 1G1,IN SERVICE,-999,-999,COALFIELDS,NOT APPLICABLE,CAN,49.042092,-102.744112
GCOMP1490,CRESCENT POINT RESOURCES PARTNERSHIP,LEGACY OIL + GAS INC. (ESTEVAN),Technician-19,5/23/2023,11/19/2023,6,55,,40,,75,16-27-001-07-W2,NOT AVAILABLE,SK,T2P 1G1,IN SERVICE,-999,-999,ESTEVAN,NOT APPLICABLE,CAN,49.069944,-102.859815
GCOMP1405,EASTEND ENERGY CORPORATION,EASTEND ENERGY CORP. (WHITE VALLEY A),Technician-20,11/26/2022,11/21/2023,12,55,20,,,70,01-30-005-21-W3,NOT AVAILABLE,SK,T4A 2G6,ABANDONED,-999,-999,WHITE VALLEY,NOT APPLICABLE,CAN,49.409234,-108.811938
GCOMP1488,EASTEND ENERGY CORPORATION,EASTEND ENERGY CORP. (WHITE VALLEY B),Technician-21,5/27/2023,11/23/2023,6,55,,,,60,16-20-004-20-W3,NOT AVAILABLE,SK,T4A 2G6,IN SERVICE,-999,-999,WHITE VALLEY,NOT APPLICABLE,CAN,49.318861,-108.653717
GCOMP1439,HUSKY OIL OPERATIONS LTD.,HUSKY OIL OPERATIONS LTD. (SWIFT CURRENT A),Technician-22,11/16/2022,11/11/2023,12,55,,40,,50,06-36-013-13-W3,NOT AVAILABLE,SK,T2P 3G7,ABANDONED,-999,-999,SWIFT CURRENT,NOT APPLICABLE,CAN,50.124983,-107.654478
GCOMP1440,HUSKY OIL OPERATIONS LTD.,HUSKY OIL OPERATIONS LTD. (SWIFT CURRENT B),Technician-23,5/18/2023,11/14/2023,6,55,20,,,25,07-16-013-13-W3,NOT AVAILABLE,SK,T2P 3G7,ABANDONED,-999,-999,SWIFT CURRENT,NOT APPLICABLE,CAN,50.081729,-107.719405
GCOMP1476,HUSKY OIL OPERATIONS LTD.,HUSKY OIL OPERATIONS LTD.,Technician-24,5/19/2023,11/15/2023,6,55,,,,100,14-03-011-12-W3,NOT AVAILABLE,SK,T2P 3G7,ABANDONED,-999,-999,WHISKA CREEK,NOT APPLICABLE,CAN,49.887292,-107.566652
GCOMP1481,HUSKY OIL OPERATIONS LTD.,HUSKY OIL OPERATIONS LTD. (SWIFT CURRENT C),Technician-25,5/5/2023,11/1/2023,6,55,,,,100,15-33-012-13-W3,NOT AVAILABLE,SK,T2P 3G7,ABANDONED,-999,-999,SWIFT CURRENT,NOT APPLICABLE,CAN,50.046635,-107.721836
GCOMP1396,PINE CLIFF ENERGY LTD.,NEXEN INC. (MAPLE CREEK A),Technician-01,11/20/2022,11/15/2023,12,55,,,,100,01-16-013-29-W3,NOT AVAILABLE,SK,T2R 1J4,IN SERVICE,-999,-999,MAPLE CREEK,NOT APPLICABLE,CAN,50.078913,-109.898789
GCOMP1442,PINE CLIFF ENERGY LTD.,SPUR RESOURCES LTD. (LAC PELLETIER),Technician-02,6/2/2023,11/29/2023,6,55,20,40,,100,08-16-012-13-W3,NOT AVAILABLE,SK,T2R 1J4,IN SERVICE,-999,-999,LAC PELLETIER,NOT APPLICABLE,CAN,49.99444,-107.712529
GCOMP1464,PINE CLIFF ENERGY LTD.,SPUR RESOURCES LTD. (WHISKA CREEK),Technician-03,6/4/2023,12/1/2023,6,55,,,,100,13-05-010-12-W3,NOT AVAILABLE,SK,T2R 1J4,IN SERVICE,-999,-999,WHISKA CREEK,NOT APPLICABLE,CAN,49.799259,-107.602166
GCOMP1466,PINE CLIFF ENERGY LTD.,SPUR RESOURCES LTD. (RENO),Technician-04,11/20/2022,11/15/2023,12,55,,40,,100,13-10-003-28-W3,NOT AVAILABLE,SK,T2R 1J4,IN SERVICE,-999,-999,RENO,NOT APPLICABLE,CAN,49.202242,-109.703583
GCOMP1475,PINE CLIFF ENERGY LTD.,NEXEN INC. (MAPLE CREEK B),Technician-05,5/21/2023,11/17/2023,6,55,,,,100,14-02-013-28-W3,NOT AVAILABLE,SK,T2R 1J4,IN SERVICE,-999,-999,MAPLE CREEK,NOT APPLICABLE,CAN,50.06197,-109.728943
GCOMP1456,PLAINS MIDSTREAM CANADA U.L.C.,BP CANADA ENERGY RESOURCES COMPANY (MOOSE MOUNTAIN PROVINCIAL PARK),Technician-06,11/24/2022,11/19/2023,12,55,,,,100,10-26-010-03-W2,NOT AVAILABLE,SK,T2P 0A7,IN SERVICE,-999,-999,MOOSE MOUNTAIN,NOT APPLICABLE,CAN,49.851079,-102.309877
GCOMP1458,PLAINS MIDSTREAM CANADA U.L.C.,BP CANADA ENERGY RESOURCES COMPANY (BROWNING),Technician-07,5/25/2023,11/21/2023,6,55,20,,,100,10-31-004-04-W2,NOT AVAILABLE,SK,T2P 0A7,IN SERVICE,-999,-999,BROWNING,NOT APPLICABLE,CAN,49.346355,-102.531401
GCOMP1478,PLAINS MIDSTREAM CANADA U.L.C.,BP CANADA ENERGY RESOURCES COMPANY (RECIPROCITY),Technician-08,11/28/2022,11/23/2023,12,55,,40,,100,NEAR 361 HIGHWAY; 14-20-005-33-W1,NOT AVAILABLE,SK,T2P 0A7,IN SERVICE,-999,-999,RECIPROCITY,NOT APPLICABLE,CAN,49.412225,-101.903746
GCOMP1413,RIDGEBACK RESOURCES INC.,PETROBAKKEN ENERGY LTD. (BROCK A),Technician-09,2/14/2023,11/11/2023,9,55,,,,100,03-33-008-06-W2,NOT AVAILABLE,SK,T2P 1G1,IN SERVICE,-999,-999,BROCK,NOT APPLICABLE,CAN,49.68606,-102.76437
GCOMP1447,RIDGEBACK RESOURCES INC.,PETROBAKKEN ENERGY LTD. (TECUMSEH A),Technician-10,5/18/2023,11/14/2023,6,55,,,,100,08-26-007-09-W2,NOT AVAILABLE,SK,T2P 1G1,IN SERVICE,-999,-999,TECUMSEH,NOT APPLICABLE,CAN,49.590135,-103.114695
GCOMP1463,RIDGEBACK RESOURCES INC.,PETROBAKKEN ENERGY LTD. (BROCK B),Technician-11,5/19/2023,11/15/2023,6,55,,,,100,13-05-008-06-W2,NOT AVAILABLE,SK,T2P 1G1,IN SERVICE,-999,-999,BROCK,NOT APPLICABLE,CAN,49.624167,-102.79426
GCOMP1465,RIDGEBACK RESOURCES INC.,PETROBAKKEN ENERGY LTD. (GRIFFIN),Technician-12,11/6/2022,11/1/2023,12,55,,,,25,13-09-009-10-W2,NOT AVAILABLE,SK,T2P 1G1,IN SERVICE,-999,-999,GRIFFIN,NOT APPLICABLE,CAN,49.724425,-103.313396
GCOMP1471,RIDGEBACK RESOURCES INC.,LIGHTSTREAM RESOURCES LTD.,Technician-13,2/18/2023,11/15/2023,9,55,20,,,33,13 HIGHWAY; 13-19-008-06-W2,NOT AVAILABLE,SK,T2P 1G1,IN SERVICE,-999,-999,BROCK,NOT APPLICABLE,CAN,49.666711,-102.81755
GCOMP1484,RIDGEBACK RESOURCES INC.,PETROBAKKEN ENERGY LTD. (TECUMSEH B),Technician-14,12/4/2022,11/29/2023,12,55,,,,49,16-08-007-07-W2,NOT AVAILABLE,SK,T2P 1G1,IN SERVICE,-999,-999,TECUMSEH,NOT APPLICABLE,CAN,49.550323,-102.91242
GCOMP1496,RIDGEBACK RESOURCES INC.,PETROBAKKEN ENERGY LTD. (GOLDEN WEST),Technician-15,6/4/2023,12/1/2023,6,55,,,,51,16-34-009-07-W2,NOT AVAILABLE,SK,T2P 1G1,IN SERVICE,-999,-999,GOLDEN WEST,NOT APPLICABLE,CAN,49.782792,-102.867386
GCOMP1419,RIFE RESOURCES LTD.,RIFE RESOURCES LTD.,Technician-16,6/10/2023,12/7/2023,6,55,,,,66,04-18-007-09-W2,NOT AVAILABLE,SK,T2R 0A8,IN SERVICE,-999,-999,TECUMSEH,NOT APPLICABLE,CAN,49.552991,-103.224379
GCOMP1407,TORC OIL & GAS LTD.,TORC PINTO 02-25-002-03W2,Technician-17,6/18/2023,12/15/2023,6,55,,,,67,NEAR 9 HIGHWAY; 02-25-002-03-W2,NOT AVAILABLE,SK,T2P 1G1,IN SERVICE,-999,-999,ENNISKILLEN,NOT APPLICABLE,CAN,49.148028,-102.285156
GCOMP1477,TORC OIL & GAS LTD.,TORC PINTO 14-13-002-02W2,Technician-18,7/4/2023,12/31/2023,6,55,,,,92,14-13-002-02-W2,NOT AVAILABLE,SK,T2P 1G1,IN SERVICE,-999,-999,ENNISKILLEN,NOT APPLICABLE,CAN,49.129821,-102.154667
GCOMP1397,TRANSGAS LTD.,HATTON COMPRESSOR STATION,Technician-19,11/20/2022,11/15/2023,12,55,,,,93,01-16-013-29-W3,NOT AVAILABLE,SK,S4P 4K5,IN SERVICE,-999,-999,MAPLE CREEK,NOT APPLICABLE,CAN,50.07889992,-109.89822
GCOMP1398,TRANSGAS LTD.,SUCCESS COMPRESSOR STATION (WILLOWDALE),Technician-20,11/22/2022,11/17/2023,12,55,20,,,94,01-17-017-16-W3,NOT AVAILABLE,SK,S4P 4K5,IN SERVICE,-999,-999,WILLOWDALE,NOT APPLICABLE,CAN,50.42869,-108.161672
GCOMP1406,TRANSGAS LTD.,PIAPOT COMPRESSOR STATION,Technician-21,11/24/2022,11/19/2023,12,55,,,,95,01-36-012-24-W3,NOT AVAILABLE,SK,S4P 4K5,IN SERVICE,-999,-999,PIAPOT,NOT APPLICABLE,CAN,50.034123,-109.145982
GCOMP1428,TRANSGAS LTD.,WHITEWOOD COMPRESSOR STATION,Technician-22,5/25/2023,11/21/2023,6,55,,,,96,NEAR 9 HIGHWAY; 05-18-015-02-W2,NOT AVAILABLE,SK,S4P 4K5,IN SERVICE,-999,-999,SILVERWOOD,NOT APPLICABLE,CAN,50.255416,-102.280488
GCOMP1431,TRANSGAS LTD.,RUSH LAKE COMPRESSOR STATION,Technician-23,11/28/2022,11/23/2023,12,55,,,,97,05-24-017-11-W3,NOT AVAILABLE,SK,S4P 4K5,IN SERVICE,-999,-999,EXCELSIOR,NOT APPLICABLE,CAN,50.448181,-107.401178
GCOMP1434,TRANSGAS LTD.,WEYBURN COMPRESSOR STATION,Technician-24,5/15/2023,11/11/2023,6,55,,,,98,35 HIGHWAY; 05-33-008-14-W2,NOT AVAILABLE,SK,S4P 4K5,IN SERVICE,-999,-999,WEYBURN,NOT APPLICABLE,CAN,49.689831,-103.855291
GCOMP1443,TRANSGAS LTD.,SUCCESS COMPRESSOR STATION (RIVERSIDE),Technician-25,2/17/2023,11/14/2023,9,55,,,,99,08-17-017-16-W3,NOT AVAILABLE,SK,S4P 4K5,IN SERVICE,-999,-999,RIVERSIDE,NOT APPLICABLE,CAN,50.431018,-108.160036
GCOMP1444,TRANSGAS LTD.,BELLE PLAINE COMPRESSOR STATION,Technician-01,11/20/2022,11/15/2023,12,55,,,,80,08-22-017-24-W2,NOT AVAILABLE,SK,S4P 4K5,IN SERVICE,-999,-999,PENSE,NOT APPLICABLE,CAN,50.445096,-105.214872
GCOMP1455,TRANSGAS LTD.,ALAMEDA COMPRESSOR STATION,Technician-02,5/5/2023,11/1/2023,6,55,,,,75,9 HIGHWAY; 09-36-004-03-W2,NOT AVAILABLE,SK,S4P 4K5,IN SERVICE,-999,-999,MOOSE CREEK,NOT APPLICABLE,CAN,49.342399,-102.277839
GCOMP1494,TRANSGAS LTD.,MOOSOMIN STORAGE CAVERNS,Technician-03,11/20/2022,11/15/2023,12,55,20,,,70,NEAR 600 HIGHWAY (1.6 KM ENE); 16-32-014-30-W1,NOT AVAILABLE,SK,S4P 4K5,IN SERVICE,-999,-999,MOOSOMIN,NOT APPLICABLE,CAN,50.238657,-101.542109
GCOMP1495,TRANSGAS LTD.,CHAPLIN COMPRESSOR STATION,Technician-04,6/2/2023,11/29/2023,6,55,,,,60,NEAR 1 + 19 HIGHWAY (0.6 KM S); 16-32-017-06-W3,NOT AVAILABLE,SK,S4P 4K5,IN SERVICE,-999,-999,CHAPLIN,NOT APPLICABLE,CAN,50.482826,-106.78674
GCOMP1394,VERMILION ENERGY INC.,VERMILION ENERGY (SASK) LTD. (ENNISKILLEN A),Technician-05,12/6/2022,12/1/2023,12,55,,,,50,01-10-002-03-W2,NOT AVAILABLE,SK,T2P 0R3,IN SERVICE,-999,-999,ENNISKILLEN,NOT APPLICABLE,CAN,49.103571,-102.321691
GCOMP1402,VERMILION ENERGY INC.,VERMILION ENERGY INC. (SOURIS VALLEY),Technician-06,12/12/2022,12/7/2023,12,55,,,,25,18 HIGHWAY; 01-28-002-14-W2,NOT AVAILABLE,SK,T2P 0R3,IN SERVICE,-999,-999,SOURIS VALLEY,NOT APPLICABLE,CAN,49.146922,-103.813135
GCOMP1429,VERMILION ENERGY INC.,VERMILION ENERGY (SASK) LTD. (ENNISKILLEN B),Technician-07,11/20/2022,11/15/2023,12,55,,,,100,05-20-001-02-W2,NOT AVAILABLE,SK,T2P 0R3,IN SERVICE,-999,-999,ENNISKILLEN,NOT APPLICABLE,CAN,49.048503,-102.24996
GCOMP1470,VERMILION ENERGY INC.,VERMILION ENERGY (SASK) LTD. (COALFIELDS),Technician-08,11/22/2022,11/17/2023,12,55,,,,100,13-19-001-03-W2,NOT AVAILABLE,SK,T2P 0R3,IN SERVICE,-999,-999,COALFIELDS,NOT APPLICABLE,CAN,49.056499,-102.404351
GCOMP1483,VERMILION ENERGY INC.,VERMILION ENERGY (SASK) LTD. (ENNISKILLEN C),Technician-09,5/23/2023,11/19/2023,6,55,,,,100,16-03-001-03-W2,NOT AVAILABLE,SK,T2P 0R3,IN SERVICE,-999,-999,ENNISKILLEN,NOT APPLICABLE,CAN,49.012199,-102.324959
GCOMP1395,WHITECAP RESOURCES INC.,HUSKY OIL OPERATIONS LTD. (RIVERSIDE),Technician-10,11/26/2022,11/21/2023,12,55,,,Y,100,01-10-017-18-W3,NOT AVAILABLE,SK,T2P 1G1,IN SERVICE,-999,-999,RIVERSIDE,NOT APPLICABLE,CAN,50.413764,-108.390797
GCOMP1420,WHITECAP RESOURCES INC.,HUSKY OIL OPERATIONS LTD. (PITTVILLE),Technician-11,5/27/2023,11/23/2023,6,55,,,,100,04-27-016-19-W3,NOT AVAILABLE,SK,T2P 1G1,IN SERVICE,-999,-999,PITTVILLE,NOT APPLICABLE,CAN,50.372479,-108.545193
GCOMP1427,WHITECAP RESOURCES INC.,CENOVUS ENERGY INC. (LOMOND),Technician-12,11/16/2022,11/11/2023,12,55,20,40,,100,05-16-006-13-W2,NOT AVAILABLE,SK,T2P 1G1,IN SERVICE,-999,-999,LOMOND,NOT APPLICABLE,CAN,49.470048,-103.707509
GCOMP1457,WHITECAP RESOURCES INC.,HUSKY OIL OPERATIONS LTD. (GULL LAKE),Technician-13,5/18/2023,11/14/2023,6,55,,40,,100,10-28-013-19-W3,NOT AVAILABLE,SK,T2P 1G1,IN SERVICE,-999,-999,GULL LAKE,NOT APPLICABLE,CAN,50.116345,-108.540045
GCOMP431,EAST TENNESSEE NATURAL GAS L.L.C.,MARYVILLE,Technician-14,5/19/2023,11/15/2023,6,55,,40,,100,262 LONG HOLLOW ROAD,MARYVILLE,TN,37801,IN SERVICE,1,1100,BLOUNT,47009,USA,35.75447169,-84.05400428
GCOMP114,TRUNKLINE GAS COMPANY L.L.C.,TENNESSEE - DYERSBERG - DYER COUNTY,Technician-15,5/5/2023,11/1/2023,6,55,,40,,100,1224 BONICORD ROAD,DYERSBURG,TN,38024,IN SERVICE,8,30001,DYER,47045,USA,35.93982741,-89.30810511
GCOMP572,TEXAS GAS TRANSMISSION L.L.C.,COVINGTON,Technician-16,11/20/2022,11/15/2023,12,55,,40,,100,3947 TABERNACLE CHARLESTON ROAD,COVINGTON,TN,38049,IN SERVICE,11,29000,FAYETTE,47047,USA,35.523048,-89.583679
GCOMP62,EAST TENNESSEE NATURAL GAS L.L.C.,CLARKRANGE,Technician-17,6/2/2023,11/29/2023,6,55,,40,,100,1060 DEERLODGE HIGHWAY,CLARKRANGE,TN,38553,IN SERVICE,1,10310,FENTRESS,47049,USA,36.184197,-84.95668
GCOMP717,EAST TENNESSEE NATURAL GAS L.L.C.,ESTILL SPRINGS,Technician-18,6/4/2023,12/1/2023,6,55,,40,,100,58 RAY ROAD,WINCHESTER,TN,37398,IN SERVICE,2,2870,FRANKLIN,47051,USA,35.28572498,-86.09710799
GCOMP809,TEXAS EASTERN TRANSMISSION L.P.,MOUNT PLEASANT,Technician-19,12/12/2022,12/7/2023,12,55,,40,,100,693 PARRISH HOLLOW ROAD,LYNNVILLE,TN,38472,IN SERVICE,3,50000,GILES,47055,USA,35.42956229,-87.10744375
GCOMP241,EAST TENNESSEE NATURAL GAS L.L.C.,FLATWOODS,Technician-20,6/18/2023,12/15/2023,6,55,,40,,25,1690 FLATWOODS ROAD,MOSHEIM,TN,37818,IN SERVICE,1,6270,GREENE,47059,USA,36.277287,-82.907753
GCOMP727,EAST TENNESSEE NATURAL GAS L.L.C.,OOLTEWAH,Technician-21,1/5/2023,12/31/2023,12,55,,40,,33,5888 HUNTER ROAD,OOLTEWAH,TN,37363,IN SERVICE,2,7630,HAMILTON,47065,USA,35.125634,-85.082318
GCOMP425,TENNESSEE GAS PIPELINE COMPANY L.L.C.,#71 - MIDDLETON,Technician-22,5/23/2023,11/19/2023,6,55,20,40,,49,2560 HIGHWAY 125 S,MIDDLETON,TN,38052,IN SERVICE,23,34350,HARDEMAN,47069,USA,35.033369,-88.891015
GCOMP320,TENNESSEE GAS PIPELINE COMPANY L.L.C.,#856 - SAVANNAH,Technician-23,11/26/2022,11/21/2023,12,55,,40,,51,2030 HIGHWAY 226,SAVANNAH,TN,38372,IN SERVICE,2,12500,HARDIN,47071,USA,35.15904861,-88.22081324
GCOMP816,ANR PIPELINE COMPANY,BROWNSVILLE,Technician-24,2/26/2023,11/23/2023,9,55,20,40,,66,70 PUMPING STATION ROAD,BROWNSVILLE,TN,38012,IN SERVICE,4,8000,HAYWOOD,47075,USA,35.4459173,-89.28448128
GCOMP854,ANR PIPELINE COMPANY,COTTAGE GROVE,Technician-25,5/15/2023,11/11/2023,6,55,,40,,67,7845 HIGHWAY 140 NORTH,COTTAGE GROVE,TN,38224,IN SERVICE,6,21000,HENRY,47079,USA,36.388914,-88.482295
GCOMP445,TENNESSEE GAS PIPELINE COMPANY L.L.C.,#860 - CENTERVILLE,Technician-01,5/18/2023,11/14/2023,6,55,20,,,92,2775 HIGHWAY 48 N,NUNNELLY,TN,37137,IN SERVICE,13,31600,HICKMAN,47081,USA,35.848036,-87.449908
GCOMP531,EAST TENNESSEE NATURAL GAS L.L.C.,GAINESBORO,Technician-02,11/20/2022,11/15/2023,12,55,,,,93,3460 GRANVILLE HIGHWAY,GAINESBORO,TN,38562,IN SERVICE,1,10310,JACKSON,47087,USA,36.30446207,-85.7134342
GCOMP652,EAST TENNESSEE NATURAL GAS L.L.C.,CALHOUN,Technician-03,2/4/2023,11/1/2023,9,55,,40,,94,4958B HIGHWAY 11,CALHOUN,TN,37309,IN SERVICE,1,1590,MCMINN,47107,USA,35.31129258,-84.7489677
GCOMP690,COLUMBIA GULF TRANSMISSION COMPANY,HARTSVILLE,Technician-04,11/20/2022,11/15/2023,12,55,20,,,95,5422 GREEN GROVE ROAD,HARTSVILLE,TN,37074,IN SERVICE,4,61400,MACON,47111,USA,36.461208,-86.179541
GCOMP905,EAST TENNESSEE NATURAL GAS L.L.C.,TRACY CITY,Technician-05,6/2/2023,11/29/2023,6,55,,,,96,9220 US-41,JASPER,TN,37374,IN SERVICE,1,6270,MARION,47115,USA,35.20470049,-85.66694479
GCOMP329,EAST TENNESSEE NATURAL GAS L.L.C.,LEWISBURG,Technician-06,6/4/2023,12/1/2023,6,55,,,,97,2065 FAYETTEVILLE HIGHWAY,BELFAST,TN,37019,IN SERVICE,2,2440,MARSHALL,47117,USA,35.42694966,-86.71405417
GCOMP590,COLUMBIA GULF TRANSMISSION COMPANY,HAMPSHIRE,Technician-07,6/10/2023,12/7/2023,6,55,,,,98,4077 BOOKER FARM,HAMPSHIRE,TN,38474,IN SERVICE,9,43100,MAURY,47119,USA,35.64192336,-87.26359729
GCOMP1152,EAST TENNESSEE NATURAL GAS L.L.C.,MADISONVILLE,Technician-08,6/18/2023,12/15/2023,6,55,20,40,,99,LIBERALITY ROAD AND HARRISON ROAD,MADISONVILLE,TN,37354,IN SERVICE,1,1100,MONROE,47123,USA,35.51128594,-84.43211179
GCOMP166,EAST TENNESSEE NATURAL GAS L.L.C.,WARTBURG,Technician-09,1/5/2023,12/31/2023,12,55,,,,80,142 CLAYTON HOWAROAD ROAD,WARTBURG,TN,37887,IN SERVICE,3,4080,MORGAN,47129,USA,36.0703606,-84.54101344
GCOMP1268,EAST TENNESSEE NATURAL GAS L.L.C.,LOBELVILLE,Technician-10,11/20/2022,11/15/2023,12,55,,40,,75,"ROUTE 1,BOX817, LOST CREEK ROAD",LOBELVILLE,TN,37097,IN SERVICE,2,2930,PERRY,47135,USA,35.79072133,-87.76256163
GCOMP533,TENNESSEE GAS PIPELINE COMPANY L.L.C.,#79 - LOBELVILLE,Technician-11,11/22/2022,11/17/2023,12,55,,,,70,348 TENNESSEE GAS DRIVE,LOBELVILLE,TN,37097,IN SERVICE,3,39099,PERRY,47135,USA,35.77668045,-87.78685594
GCOMP525,EAST TENNESSEE NATURAL GAS L.L.C.,MONTEREY,Technician-12,5/23/2023,11/19/2023,6,55,,,,60,3400 STAMPS-SHADY GROVE ROAD,MONTEREY,TN,38574,IN SERVICE,4,5800,PUTNAM,47141,USA,36.19159242,-85.30391808
GCOMP804,EAST TENNESSEE NATURAL GAS L.L.C.,RIDGETOP,Technician-13,11/26/2022,11/21/2023,12,55,20,,,50,6851 HALL ROAD,GREENBRIER,TN,37073,IN SERVICE,3,3000,ROBERTSON,47147,USA,36.4453995,-86.74973473
GCOMP563,TEXAS GAS TRANSMISSION L.L.C.,KENTON,Technician-14,5/27/2023,11/23/2023,6,55,,40,,25,3793 TEXAS GAS LANE,KENTON,TN,38233,IN SERVICE,12,34650,GIBSON,47153,USA,36.237627,-89.029997
GCOMP385,EAST TENNESSEE NATURAL GAS L.L.C.,BOYD'S CREEK,Technician-15,2/14/2023,11/11/2023,9,55,,,,100,2319 MCCLEARY ROAD,SEVIERVILLE,TN,37876,IN SERVICE,3,3590,SEVIER,47155,USA,35.915426,-83.692022
GCOMP565,EAST TENNESSEE NATURAL GAS L.L.C.,BRISTOL,Technician-16,11/19/2022,11/14/2023,12,55,,,,100,380 MEADOWVIEW ROAD,BRISTOL,TN,37620,IN SERVICE,1,1100,SULLIVAN,47163,USA,36.59103639,-82.23961775
GCOMP128,EAST TENNESSEE NATURAL GAS L.L.C.,FORDTOWN,Technician-17,5/19/2023,11/15/2023,6,55,,,,100,1277 FORDTOWN ROAD,KINGSPORT,TN,37663,IN SERVICE,2,2000,SULLIVAN,47163,USA,36.445506,-82.523002
GCOMP357,MIDWESTERN GAS TRANSMISSION COMPANY,#2101 PORTLAND,Technician-18,11/6/2022,11/1/2023,12,55,,,,100,220 TGT ROAD,PORTLAND,TN,37148,IN SERVICE,5,11700,SUMNER,47165,USA,36.6202,-86.5634
GCOMP334,TENNESSEE GAS PIPELINE COMPANY L.L.C.,#87 - PORTLAND,Technician-19,5/19/2023,11/15/2023,6,55,20,,,100,208 TGT ROAD,PORTLAND,TN,37148,IN SERVICE,22,49700,SUMNER,47165,USA,36.616086,-86.557568
GCOMP109,EAST TENNESSEE NATURAL GAS L.L.C.,DIXON SPRINGS - STATION 3104,Technician-20,12/4/2022,11/29/2023,12,55,,,,100,120 J.D. HOOD LANE,DIXON SPRINGS,TN,37057,IN SERVICE,4,5440,TROUSDALE,47169,USA,36.36291996,-86.07451535
GCOMP741,TENNESSEE GAS PIPELINE COMPANY L.L.C.,#555 - COLLINWOOD,Technician-21,12/6/2022,12/1/2023,12,55,,,,100,6100 PUMPING STATION ROAD,CYPRESS INN,TN,38452,IN SERVICE,7,25000,WAYNE,47181,USA,35.02431,-87.757702
GCOMP840,TEXAS EASTERN TRANSMISSION L.P.,GLADEVILLE,Technician-22,12/12/2022,12/7/2023,12,55,,,,100,7555 FRANKLIN ROAD,GLADEVILLE,TN,37071,IN SERVICE,8,48500,WILSON,47189,USA,36.13708945,-86.40691507
GCOMP855,NATURAL GAS PIPELINE COMPANY OF AMERICA L.L.C.,STATION 303 - LUFKIN,Technician-23,12/20/2022,12/15/2023,12,55,,,,100,7866 FM-58,LUFKIN,TX,75901,IN SERVICE,2,31800,ANGELINA,48005,USA,31.243576,-94.703197
GCOMP917,NORTHERN NATURAL GAS COMPANY,CLAUDE,Technician-24,7/4/2023,12/31/2023,6,55,,,,100,9568 FM-1258,CLAUDE,TX,79019,IN SERVICE,1,9300,ARMSTRONG,48011,USA,34.986127,-101.367103
GCOMP486,NATURAL GAS PIPELINE COMPANY OF AMERICA L.L.C.,STATION 168 - SUDAN,Technician-25,11/20/2022,11/15/2023,12,55,,,,100,3027 COUNTY ROAD-21,MAPLE,TX,79344,IN SERVICE,2,8000,BAILEY,48017,USA,33.8812878,-103.0069299
GCOMP874,TRUNKLINE GAS COMPANY L.L.C.,TEXAS - BEEVILLE - BEE COUNTY,Technician-01,6/2/2023,11/29/2023,6,55,20,,,100,8300 HIGHWAY 202,BEEVILLE,TX,78102,IN SERVICE,2,4000,BEE,48025,USA,28.373447,-97.518504
GCOMP916,FLORIDA GAS TRANSMISSION COMPANY L.L.C.,STATION 3,Technician-02,12/6/2022,12/1/2023,12,55,,,,100,9546 US HIGHWAY 87,PORT LAVACA,TX,77979,IN SERVICE,2,3000,CALHOUN,48057,USA,28.644985,-96.761567
GCOMP428,KINDER MORGAN INC.,SCHAFER (GETTY),Technician-03,6/10/2023,12/7/2023,6,55,,,,25,2591 COUNTY ROAD CC; (10 MILES NW OF PAMPA NEAR HIGHWAY 152),SKELLYTOWN,TX,79080,IN SERVICE,3,6000,CARSON,48065,USA,35.56016939,-101.1239999
GCOMP374,NORTHERN NATURAL GAS COMPANY,CARGRAY COMPRESSION STATION,Technician-04,6/18/2023,12/15/2023,6,55,,,,33,2288 FM-2386 (HIGHWAY 152 WEST 7.1 MILES RR 2386 SOUTH),PAMPA,TX,79065,IN SERVICE,3,3804,CARSON,48065,USA,35.51493992,-101.1313499
GCOMP54,EMPIRE PIPELINE INC.,MEP-2 (ATLANTA),Technician-05,7/4/2023,12/31/2023,6,55,,,,49,1034 COUNTY ROAD 4223,ATLANTA,TX,75551,IN SERVICE,5,37300,CASS,48067,USA,33.055373,-94.188572
GCOMP529,TEXAS EASTERN TRANSMISSION L.P.,ATLANTA,Technician-06,11/19/2022,11/14/2023,12,55,,,,51,3437 COUNTY ROAD 4670,ATLANTA,TX,75551,IN SERVICE,4,8000,CASS,48067,USA,33.051691,-94.071382
GCOMP760,TEXAS EASTERN TRANSMISSION L.P.,MOUNT BELVIEU,Technician-07,5/19/2023,11/15/2023,6,55,,,,66,6371 S FM-565,BAYTOWN,TX,77520,IN SERVICE,5,10250,CHAMBERS,48071,USA,29.81641612,-94.82526874
GCOMP1067,KINDER MORGAN INC.,GRESHAM,Technician-08,5/5/2023,11/1/2023,6,55,,,,67,GRESHAM ROAD; 40 MILES W. OF PECOS,TOYAH,TX,79772,IN SERVICE,1,9800,CULBERSON,48109,USA,31.450847,-104.198982
GCOMP1199,KINDER MORGAN INC.,BLACK RIVER,Technician-09,11/20/2022,11/15/2023,12,55,20,,,92,"NORTH OF TX-62/3 MILES WEST OF TX-54; SECTION 17, T&P TOWNSHIP 2, BLOCK 60",PINE SPRINGS,TX,79847,IN SERVICE,1,15000,CULBERSON,48109,USA,31.773577,-104.907826
GCOMP657,KINDER MORGAN INC.,GUADALUPE,Technician-10,6/2/2023,11/29/2023,6,55,20,40,,93,"5 TO 6 MILES FROM SALT FLAT ON HIGHWAY 62-180. STATION WILL BE ON LEFT SIDE OF HIGHWAY, 1/4 MILE OFF THE ROAD",SALT FLAT,TX,79901,IN SERVICE,1,31050,CULBERSON,48109,USA,31.773516,-104.90751
GCOMP557,NATURAL GAS PIPELINE COMPANY OF AMERICA L.L.C.,STATION 169 - HEREFORD,Technician-11,12/6/2022,12/1/2023,12,55,,40,,94,3753 COUNTY ROAD 1,HEREFORD,TX,79045,IN SERVICE,2,8000,DEAF SMITH,48117,USA,34.75005762,-102.3844546
GCOMP627,TRANSWESTERN PIPELINE COMPANY L.L.C.,STATION P-2,Technician-12,6/10/2023,12/7/2023,6,55,20,,,95,4510 COUNTY ROAD AA,HEREFORD,TX,79045,IN SERVICE,1,4500,DEAF SMITH,48117,USA,34.89611109,-102.1839348
GCOMP868,TEXAS EASTERN TRANSMISSION L.P.,THOMASTON,Technician-13,12/20/2022,12/15/2023,12,55,,,,96,819 ZENGERLE ROAD,CUERO,TX,77954,IN SERVICE,7,4200,DE WITT,48123,USA,29.01188791,-97.14643899
GCOMP947,KINDER MORGAN INC.,EL PASO,Technician-14,4/5/2023,12/31/2023,9,55,,40,,97,"CALIFORNIA PIPELINE ROAD AND RANCH ROAD 2637; 12 MILES NORTHEAST OF EL PASO, 1 MILE NORTH OF US HIGHWAY 454",EL PASO,TX,79978,IN SERVICE,5,58880,EL PASO,48141,USA,31.96993885,-106.3981627
GCOMP997,NORTHERN NATURAL GAS COMPANY,SEMINOLE,Technician-15,1/15/2023,1/15/2024,6,55,20,,,98,COUNTY ROAD 305,SEMINOLE,TX,79360,IN SERVICE,1,9300,GAINES,48165,USA,32.579057,-102.668852
GCOMP962,TEXAS EASTERN TRANSMISSION L.P.,CHARCO,Technician-16,2/15/2023,2/15/2024,6,55,,,,99,COUNTY ROAD 2442/WEST OF MAIL ROAD,GOLIAD,TX,77963,IN SERVICE,2,2000,GOLIAD,48175,USA,28.71163,-97.674737
GCOMP890,NATURAL GAS PIPELINE COMPANY OF AMERICA L.L.C.,STATION 154 - PAMPA,Technician-17,3/15/2023,3/15/2024,12,55,,,Y,80,8578 COUNTY ROAD 24,PAMPA,TX,79065,IN SERVICE,5,9120,GRAY,48179,USA,35.54672421,-100.6641514
GCOMP723,TRANSWESTERN PIPELINE COMPANY L.L.C.,STATION P-3,Technician-18,4/15/2023,4/15/2024,9,55,,,,75,586 COUNTY LINE ROAD; 3.5 MILES NORTH,PAMPA,TX,79065,IN SERVICE,5,8000,GRAY,48179,USA,35.61862753,-100.9742867
GCOMP770,GULF CROSSING PIPELINE COMPANY L.L.C.,SHERMAN,Technician-19,5/15/2023,5/15/2024,12,55,20,40,,70,650 SEVEN HILLS ROAD,DENISON,TX,75021,IN SERVICE,3,25339,GRAYSON,48181,USA,33.68809623,-96.43414331
GCOMP440,GULF SOUTH PIPELINE COMPANY L.P.,LONGVIEW #2,Technician-20,6/15/2023,6/15/2024,6,55,,,,60,2728 S GREEN,LONGVIEW,TX,75602,IN SERVICE,5,37300,GREGG,48183,USA,32.45654616,-94.72600537
GCOMP441,GULF SOUTH PIPELINE COMPANY L.P.,LONGVIEW #1,Technician-21,7/15/2023,7/15/2024,6,55,,40,,50,2728 S GREEN,LONGVIEW,TX,75602,IN SERVICE,4,45400,GREGG,48183,USA,32.45662263,-94.72601455
GCOMP102,GULF SOUTH PIPELINE COMPANY L.P.,WHITE OAK ELECTRIC,Technician-22,8/15/2023,8/15/2024,6,55,,,,25,1182 E OLD HIGHWAY 80,LONGVIEW,TX,75604,IN SERVICE,4,12800,GREGG,48183,USA,32.51825127,-94.84412314
GCOMP484,TEXAS EASTERN TRANSMISSION L.P.,LONGVIEW,Technician-23,9/15/2023,9/15/2024,6,55,,,,100,3009 LILLY STREET,LONGVIEW,TX,75602,IN SERVICE,1,2500,GREGG,48183,USA,32.45628087,-94.7111303
GCOMP118,NORTHERN NATURAL GAS COMPANY,PLAINVIEW,Technician-24,10/15/2023,10/15/2024,12,55,20,,,100,1249 COUNTY ROAD 105,PLAINVIEW,TX,79072,IN SERVICE,1,9300,HALE,48189,USA,34.165369,-101.862565
GCOMP1331,ANR PIPELINE COMPANY,EDGARG. HILL (GUYMON),Technician-25,11/15/2023,11/15/2024,12,55,,40,,100,TX OK STATE LINE AT TX 136 20 M N,GUYMON,TX,73942,IN SERVICE,9,22500,HANSFORD,48195,USA,36.49323214,-101.4654113
GCOMP1049,PANHANDLE EASTERN PIPE LINE COMPANY L.P.,TEXAS-HANSFORD-HANSFORD COUNTY,Technician-01,12/15/2023,12/15/2024,12,55,,,,100,FM-1261,SPEARMAN,TX,79081,IN SERVICE,11,8200,HANSFORD,48195,USA,36.47607709,-101.2213898
GCOMP479,TRANSCONTINENTAL GAS PIPE LINE COMPANY L.L.C.,NO. 40 SOUR LAKE,Technician-02,1/15/2023,1/15/2024,6,55,,,,100,29979 W HIGHWAY 105 W,SOUR LAKE,TX,77659,IN SERVICE,6,15000,HARDIN,48199,USA,30.176871,-94.503251
GCOMP1086,TRUNKLINE GAS COMPANY L.L.C.,TEXAS - KOUNTZE - HARDIN COUNTY,Technician-03,2/15/2023,2/15/2024,12,55,,,,100,HIGHWAY 770 AND HIGHWAY 1003,KOUNTZE,TX,77625,IN SERVICE,1,10350,HARDIN,48199,USA,30.33335567,-94.41005786
GCOMP119,TRANSCONTINENTAL GAS PIPE LINE COMPANY L.L.C.,NO. 35 HOUSTON,Technician-04,3/15/2023,3/15/2024,6,55,,,,100,12501 VETERANS MEMORIAL DRIVE,HOUSTON,TX,77001,IN SERVICE,2,14910,HARRIS,48201,USA,29.96776,-95.484721
GCOMP203,TRUNKLINE GAS COMPANY L.L.C.,TEXAS - CYPRESS - HARRIS COUNTY,Technician-05,4/15/2023,4/15/2024,9,55,20,,,100,15528 HUFFMEISTER ROAD,CYPRESS,TX,77429,IN SERVICE,4,7000,HARRIS,48201,USA,29.989141,-95.658363
GCOMP299,NATURAL GAS PIPELINE COMPANY OF AMERICA L.L.C.,STATION 388 - LONGVIEW,Technician-06,5/15/2023,5/15/2024,12,55,,,,100,19887 HYNSON SPRINGS ROAD,LONGVIEW,TX,75601,IN SERVICE,7,37000,HARRISON,48203,USA,32.598036,-94.665274
GCOMP721,NATURAL GAS PIPELINE COMPANY OF AMERICA L.L.C.,STATION 304 - MARSHALL,Technician-07,6/15/2023,6/15/2024,6,55,,,,100,583 TERRAPIN NECK ROAD,MARSHALL,TX,75672,IN SERVICE,9,30850,HARRISON,48203,USA,32.407249,-94.429694
GCOMP722,NATURAL GAS PIPELINE COMPANY OF AMERICA L.L.C.,STATION 157 - MARSHALL,Technician-08,7/15/2023,7/15/2024,12,55,,,,100,583 TERRAPIN NECK ROAD,MARSHALL,TX,75672,IN SERVICE,1,400,HARRISON,48203,USA,32.40708,-94.42953
GCOMP1390,SEMINOLE GAS COMPANY L.L.C./CROSSTEX SEMINOLE GAS L.P,HORN,Technician-09,8/15/2023,8/15/2024,6,55,,,,100,EAST OF CHARLIE BROWN ROAD/OFF TX-M,NOT AVAILABLE,TX,79059,ABANDONED,-999,-999,HEMPHILL,48211,USA,35.89771,-100.9094
GCOMP124,TENNESSEE GAS PIPELINE COMPANY L.L.C.,#409 AND 409A EDINBURG,Technician-10,9/15/2023,9/15/2024,12,55,,,,100,12702 N HIGHWAY 281,EDINBURG,TX,78539,IN SERVICE,4,13920,HIDALGO,48215,USA,26.417321,-98.135587
GCOMP1332,KINDER MORGAN INC.,CORNUDAS,Technician-11,10/15/2023,10/15/2024,12,55,,,,25,TX-2317; (APRX .65MLS E. OF ELPASO AND 5MLS S),CORNUDAS,TX,79847,IN SERVICE,6,52330,HUDSPETH,48229,USA,31.703185,-105.456257
GCOMP986,KINDER MORGAN INC.,HUECO,Technician-12,11/15/2023,11/15/2024,12,55,20,,,33,COUNTRY ROAD; 25 MILES EAST OF EL PASO 13 MILES SOUTH HIGHWAY 62,EL PASO,TX,79978,IN SERVICE,3,21450,HUDSPETH,48229,USA,31.683734,-105.948871
GCOMP1051,NATURAL GAS PIPELINE COMPANY OF AMERICA L.L.C.,STATION 111 - FRITCH,Technician-13,12/15/2023,12/15/2024,12,55,,,,49,FM-687; PHILLIPS CAMP ROAD,FRITCH,TX,79036,IN SERVICE,5,9120,HUTCHINSON,48233,USA,35.693162,-101.536756
GCOMP1298,NATURAL GAS PIPELINE COMPANY OF AMERICA L.L.C.,STATION 112 - STINNETT,Technician-14,1/15/2023,1/15/2024,6,55,,,,51,SNEED ROAD,STINNETT,TX,79083,IN SERVICE,2,2530,HUTCHINSON,48233,USA,35.81136122,-101.6296568
GCOMP87,TRUNKLINE GAS COMPANY L.L.C.,TEXAS - EDNA - JACKSON COUNTY,Technician-15,2/15/2023,2/15/2024,12,55,,,,66,11417 HIGHWAY 530,EDNA,TX,77957,IN SERVICE,1,1675,JACKSON,48239,USA,29.15869489,-96.6334473
GCOMP904,TENNESSEE GAS PIPELINE COMPANY L.L.C.,#32 - JASPER,Technician-16,3/15/2023,3/15/2024,6,55,,,,67,9217 STATE HIGHWAY 63 W,JASPER,TX,75951,IN SERVICE,20,26750,JASPER,48241,USA,30.98316124,-94.14027013
GCOMP411,SABINE PIPE LINE L.L.C.,PORT NECHES,Technician-17,4/15/2023,4/15/2024,12,55,,,,92,246 PORT NECHES ATLANTIC ROAD,PORT NECHES,TX,77651,IN SERVICE,1,2225,JEFFERSON,48245,USA,29.98851598,-93.93265698
GCOMP968,GULF CROSSING PIPELINE COMPANY L.L.C.,PARIS,Technician-18,5/15/2023,5/15/2024,6,55,,,,93,COUNTY ROAD 24200/EAST OF COUNTY ROAD 24220,PARIS,TX,75460,IN SERVICE,4,29452,LAMAR,48277,USA,33.518938,-95.648576
GCOMP1277,NATURAL GAS PIPELINE COMPANY OF AMERICA L.L.C.,STATION 802 - PARIS,Technician-19,6/15/2023,6/15/2024,6,55,,,,94,RR 5 BOX 53Z150,PARIS,TX,75462,IN SERVICE,3,16560,LAMAR,48277,USA,33.517857,-95.637076
GCOMP1037,KINDER MORGAN INC.,DIMMITT,Technician-20,7/15/2023,7/15/2024,6,55,20,,,95,"EL PASO CAMP ROAD/TX-199; (16 MI S OF DIMMITT ON HIGHWAY 385, THEN W 1 MILE)",DIMMITT,TX,79027,IN SERVICE,5,6750,LAMB,48279,USA,34.30540633,-102.3269064
GCOMP36,NATURAL GAS PIPELINE COMPANY OF AMERICA L.L.C.,STATION 343 - DEVERS,Technician-21,8/15/2023,8/15/2024,12,55,,,,96,1007 COUNTY ROAD 109,DEVERS,TX,77538,IN SERVICE,2,26000,LIBERTY,48291,USA,29.971831,-94.58026223
GCOMP426,TENNESSEE GAS PIPELINE COMPANY L.L.C.,#25 - CLEVELAND,Technician-22,9/15/2023,9/15/2024,6,55,,,,97,25726 HIGHWAY 105,CLEVELAND,TX,77327,IN SERVICE,3,25600,LIBERTY,48291,USA,30.32093824,-95.15891389
GCOMP1047,FLORIDA GAS TRANSMISSION COMPANY L.L.C.,STATION 4,Technician-23,10/15/2023,10/15/2024,6,55,,,,98,FM 1728 HIGHWAY AND HILL ROAD,PLEDGER,TX,77468,IN SERVICE,2,4000,MATAGORDA,48321,USA,29.145142,-95.893353
GCOMP577,TEXAS EASTERN TRANSMISSION L.P.,BLESSING,Technician-24,11/15/2023,11/15/2024,12,55,,,,99,4 MILES SOUTH OF BLESSING ON RAILROAD AVENUE 4220 COUNTY ROAD 394,BLESSING,TX,77419,IN SERVICE,7,15000,MATAGORDA,48321,USA,28.811944,-96.221383
GCOMP147,NORTHERN NATURAL GAS COMPANY,SPRABERRY,Technician-25,12/15/2023,12/15/2024,6,55,,,,80,13521 FM-1379,MIDLAND,TX,79706,IN SERVICE,6,7702,MIDLAND,48329,USA,31.855322,-101.796212
GCOMP243,NATURAL GAS PIPELINE COMPANY OF AMERICA L.L.C.,STATION 302 - NEW CANEY,Technician-01,11/16/2022,11/11/2023,12,55,,,Y,75,17057 F. M. 1485,NEW CANEY,TX,77357,IN SERVICE,3,26800,MONTGOMERY,48339,USA,30.20302354,-95.25528447
GCOMP1348,KINDER MORGAN INC.,DUMAS,Technician-02,5/18/2023,11/14/2023,6,55,,,Y,70,W. 14TH STREET; 4 MILES E OF DUMAS AND 3 MILES W HIGHWAY 287,DUMAS,TX,79029,IN SERVICE,2,11000,MOORE,48341,USA,35.813106,-102.031635
GCOMP95,NORTHERN NATURAL GAS COMPANY,SUNRAY,Technician-03,11/20/2022,11/15/2023,12,55,,,Y,60,11571 TEXAS BEEF ROAD,SUNRAY,TX,79086,IN SERVICE,7,14000,MOORE,48341,USA,35.96273987,-101.8156013
GCOMP96,PANHANDLE EASTERN PIPE LINE COMPANY L.P.,TEXAS-SUNRAY-MOORE COUNTY,Technician-04,2/4/2023,11/1/2023,9,55,20,40,,50,11571 TEXAS BEEF ROAD,SUNRAY,TX,79086,IN SERVICE,9,9900,MOORE,48341,USA,35.96209717,-101.8156128
GCOMP628,NATURAL GAS PIPELINE COMPANY OF AMERICA L.L.C.,STATION 341 - ROBSTOWN,Technician-05,5/19/2023,11/15/2023,6,55,,40,,25,4518 FM-624,ROBSTOWN,TX,78380,IN SERVICE,2,6330,NUECES,48355,USA,27.873182,-97.716572
GCOMP1062,TENNESSEE GAS PIPELINE COMPANY L.L.C.,#1 - AGUA DULCE,Technician-06,6/2/2023,11/29/2023,6,55,,40,,100,GILLRINA ROAD/ COUNTY ROAD 32,ROBSTOWN,TX,78330,IN SERVICE,12,17800,NUECES,48355,USA,27.74789742,-97.85542351
GCOMP1050,CIMARRON RIVER PIPELINE L.L.C.,SPEARMAN PLANT,Technician-07,12/6/2022,12/1/2023,12,55,,40,,100,FM-281,PERRYTON,TX,79070,IN SERVICE,5,12050,OCHILTREE,48357,USA,36.08599361,-101.048074
GCOMP1107,CIMARRON RIVER PIPELINE L.L.C.,PERRYTON-BARLOW,Technician-08,1/15/2023,1/15/2024,9,55,,40,,100,HIGHWAY 20/ K ROAD,PERRYTON,TX,79070,IN SERVICE,3,2475,OCHILTREE,48357,USA,36.36172244,-100.7273327
GCOMP18,CIMARRON RIVER PIPELINE L.L.C.,NORTHRUP,Technician-09,2/15/2023,2/15/2024,12,55,,40,,100,1 MILE SOUTH OF FM-759,PERRYTON,TX,79070,IN SERVICE,2,2084,OCHILTREE,48357,USA,36.173008,-100.927613
GCOMP220,FLORIDA GAS TRANSMISSION COMPANY L.L.C.,STATION 6,Technician-10,3/15/2023,3/15/2024,6,55,,40,,100,16113 FM 105,ORANGE,TX,77630,IN SERVICE,3,6000,ORANGE,48361,USA,30.068338,-93.952609
GCOMP1071,TEXAS EASTERN TRANSMISSION L.P.,VIDOR,Technician-11,4/15/2023,4/15/2024,6,55,,40,,100,HIGHWAY 105 SOUTH ON MANSFIELD FERRY,VIDOR,TX,77662,IN SERVICE,9,12100,ORANGE,48361,USA,30.063056,-93.975833
GCOMP1335,CENTERPOINT ENERGY GAS TRANSMISSION COMPANY L.L.C.,PANOLA,Technician-12,5/15/2023,5/15/2024,6,55,,40,,100,US 79 (0.28 MILES SOUTH OF PANOLA),PANOLA,TX,75685,IN SERVICE,3,35620,PANOLA,48365,USA,32.35389547,-94.09204166
GCOMP1081,ETC TIGER PIPELINE L.L.C.,CARTHAGE,Technician-13,6/15/2023,6/15/2024,6,55,,40,,100,HIGHWAY 59; 772 SOUTH SHELBY,CARTHAGE,TX,75633,IN SERVICE,4,18940,PANOLA,48365,USA,32.13908146,-94.3367399
GCOMP1080,GULF SOUTH PIPELINE COMPANY L.P.,CARTHAGE JCT,Technician-14,7/15/2023,7/15/2024,12,55,20,40,,100,HIGHWAY 59,CARTHAGE,TX,75633,IN SERVICE,4,8650,PANOLA,48365,USA,32.11936029,-94.33784554
GCOMP737,GULF SOUTH PIPELINE COMPANY L.P.,CARTHAGE #2,Technician-15,8/15/2023,8/15/2024,12,55,,40,,100,606 S. SHELBY,CARTHAGE,TX,75633,IN SERVICE,3,35603,PANOLA,48365,USA,32.138437,-94.334898
GCOMP256,KINDER MORGAN INC.,PUCKETT,Technician-16,9/15/2023,9/15/2024,12,55,20,40,,100,18 MILES E ON IH10 11 MILES S ON FM2023 2 MILES E ON PLT,FORT STOCKTON,TX,79731,IN SERVICE,1,31206,PECOS,48371,USA,30.744548,-102.490651
GCOMP373,GULF SOUTH PIPELINE COMPANY L.P.,GOODRICH #2,Technician-17,1/15/2023,1/15/2024,6,55,,40,,100,228 EAST FM ROAD 1988,GOODRICH,TX,77335,IN SERVICE,7,22109,POLK,48373,USA,30.60847157,-94.93850136
GCOMP25,COLORADO INTERSTATE GAS COMPANY L.L.C.,BIG CANYON,Technician-18,2/15/2023,2/15/2024,12,55,20,,,100,1.5 MILES EAST OF US-87,MARSH,TX,79107,NOT AVAILABLE,0,2956,POTTER,48375,USA,35.53844104,-101.8956205
GCOMP985,KINDER MORGAN INC.,AMARILLO,Technician-19,3/15/2023,3/15/2024,6,55,,,,100,"COTTON PAVEMENT ROAD; 4 MILES SOUTH OF BUSHLAND, TX AND 1 MILE WEST ON FARMERS AVENUE",BUSHLAND,TX,79012,IN SERVICE,2,5400,RANDALL,48381,USA,35.134609,-102.073626
GCOMP481,KINDER MORGAN INC.,WAHA,Technician-20,4/15/2023,4/15/2024,9,55,,40,,100,"3 MILES N.W. OF COYANOSA, TX. ON HIGHWAY 1450",COYANOSA,TX,79730,IN SERVICE,5,14640,REEVES,48389,USA,31.27440387,-103.1070658
GCOMP1010,TRANSCONTINENTAL GAS PIPE LINE COMPANY L.L.C.,NO. 20 REFUGIO,Technician-21,5/15/2023,5/15/2024,12,55,20,,,100,CROCKETT ROAD/W HOUSTON,REFUGIO,TX,78377,IN SERVICE,5,8320,REFUGIO,48391,USA,28.320878,-97.297189
GCOMP115,NORTHERN NATURAL GAS COMPANY,PAMPA,Technician-22,6/15/2023,6/15/2024,6,55,,,,100,1224 TX-70,MIAMI,TX,79059,IN SERVICE,1,9300,ROBERTS,48393,USA,35.80267213,-100.9227231
GCOMP135,TRANSWESTERN PIPELINE COMPANY L.L.C.,RED DEER ANR,Technician-23,7/15/2023,7/15/2024,12,55,,,,100,1311 QUARTER HORSE ROAD,MIAMI,TX,79059,IN SERVICE,0,0,ROBERTS,48393,USA,35.787116,-100.627092
GCOMP1053,TEXAS EASTERN TRANSMISSION L.P.,HUNTSVILLE,Technician-24,8/15/2023,8/15/2024,6,55,,,,100,FOREST SERVICE ROAD 207,OAKHURST,TX,77359,IN SERVICE,1,10500,SAN JACINTO,48407,USA,30.64683415,-95.337707
GCOMP488,TEXAS EASTERN TRANSMISSION L.P.,JOAQUIN,Technician-25,9/15/2023,9/15/2024,12,55,20,40,,100,3053 FM 139,JOAQUIN,TX,75954,IN SERVICE,4,4400,SHELBY,48419,USA,31.939387,-94.008244
GCOMP252,NORTHERN NATURAL GAS COMPANY,BROWNFIELD,Technician-01,10/15/2023,10/15/2024,12,55,,,,100,"1770 FM-211; AT BROWNFIELD, 10 MILEN ON US38",MEADOW,TX,79345,IN SERVICE,1,9300,TERRY,48445,USA,33.32551952,-102.2971548
GCOMP1333,NATURAL GAS PIPELINE COMPANY OF AMERICA L.L.C.,STATION 803 - MT PLEASANT,Technician-02,11/15/2023,11/15/2024,12,55,,40,,100,TX-3260/TX3355,MOUNT PLEASANT,TX,75455,IN SERVICE,2,9470,TITUS,48449,USA,33.26629672,-94.90669544
GCOMP923,NATURAL GAS PIPELINE COMPANY OF AMERICA L.L.C.,STATION 300 - VICTORIA,Technician-03,12/15/2023,12/15/2024,12,55,,,,100,9819 TX-185,VICTORIA,TX,77905,IN SERVICE,2,16000,VICTORIA,48469,USA,28.68590726,-96.9227458
GCOMP289,TENNESSEE GAS PIPELINE COMPANY L.L.C.,#9 - VICTORIA,Technician-04,1/15/2023,1/15/2024,6,55,,,,100,1925 OLD BLOOMINGTON ROAD N,VICTORIA,TX,77905,IN SERVICE,8,14000,VICTORIA,48469,USA,28.700126,-96.942853
GCOMP1009,TRANSWESTERN PIPELINE COMPANY L.L.C.,LONE STAR VALERO PECOS,Technician-05,2/15/2023,2/15/2024,12,55,20,,,100,COUNTY ROAD-4290,MONAHANS,TX,79756,IN SERVICE,2,2200,WARD,48475,USA,31.45084912,-103.0511664
GCOMP1048,NATURAL GAS PIPELINE COMPANY OF AMERICA L.L.C.,STATION 301 - WHARTON,Technician-06,3/15/2023,3/15/2024,6,55,,40,,100,FM-1161,WHARTON,TX,77488,IN SERVICE,2,27050,WHARTON,48481,USA,29.405694,-96.127964
GCOMP1278,TENNESSEE GAS PIPELINE COMPANY L.L.C.,#17 - EAST BERNARD,Technician-07,4/15/2023,4/15/2024,12,55,,,,100,"ROUTE 2, BOX 190",EAST BERNARD,TX,77435,IN SERVICE,2,22700,WHARTON,48481,USA,29.53268009,-96.14432229
GCOMP434,TRANSCONTINENTAL GAS PIPE LINE COMPANY L.L.C.,NO. 30 EL CAMPO,Technician-08,5/15/2023,5/15/2024,6,55,,,Y,100,2648 FM. 2546,EL CAMPO,TX,77437,IN SERVICE,7,17750,WHARTON,48481,USA,29.279476,-96.289727
GCOMP185,ANR PIPELINE COMPANY,GAGEBY CREEK,Technician-09,6/15/2023,6/15/2024,6,55,,,Y,100,14838 TX-152,MOBEETIE,TX,79061,IN SERVICE,2,7012,WHEELER,48483,USA,35.512868,-100.426965
GCOMP1170,KINDER MORGAN INC.,KEYSTONE MAINLINE,Technician-10,7/15/2023,7/15/2024,6,55,,,Y,100,N HIGHWAY 18; (8 MILE N OF KERMIT ON HIGHWAY 18),KERMIT,TX,79745,IN SERVICE,15,24051,WINKLER,48495,USA,31.949857,-103.108459
GCOMP811,KINDER MORGAN INC.,WINK,Technician-11,8/15/2023,8/15/2024,12,55,20,,Y,100,6963 COUNTY ROAD 201,WINK,TX,79789,IN SERVICE,3,23100,WINKLER,48495,USA,31.768478,-103.179208
GCOMP310,NATURAL GAS PIPELINE COMPANY OF AMERICA L.L.C.,STATION 139 - LEA,Technician-12,9/15/2023,9/15/2024,6,55,,,Y,100,2.6 MILES WEST OF COUNTY ROAD 101,KERMIT,TX,79745,IN SERVICE,1,3250,WINKLER,48495,USA,31.95602514,-103.3025724
GCOMP1068,TRANSWESTERN PIPELINE COMPANY L.L.C.,WALTON,Technician-13,10/15/2023,10/15/2024,6,55,,,Y,100,"HALEY RANCH ROAD; 4 MILES NO OF KERMIT ON STATE HIGHWAY 18, 2",KERMIT,TX,79745,CLOSED,0,0,WINKLER,48495,USA,31.79505743,-103.2743174
GCOMP247,TRANSWESTERN PIPELINE COMPANY L.L.C.,STATION WT-2,Technician-14,11/15/2023,11/15/2024,12,55,,,Y,100,1742 HALEY RANCH ROAD,KERMIT,TX,79745,IN SERVICE,3,12000,WINKLER,48495,USA,31.834729,-103.303527
GCOMP641,NATURAL GAS PIPELINE COMPANY OF AMERICA L.L.C.,STATION 155 - CHICO,Technician-15,12/15/2023,12/15/2024,6,55,,,Y,100,4688 FM-1810,CHICO,TX,76431,IN SERVICE,2,5325,WISE,48497,USA,33.29367207,-97.73778647
GCOMP871,GULF SOUTH PIPELINE COMPANY L.P.,MINEOLA,Technician-16,11/20/2022,11/15/2023,12,55,,,Y,100,824 COUNTY ROAD 2231,MINEOLA,TX,75773,IN SERVICE,2,660,WOOD,48499,USA,32.682299,-95.542408
GCOMP442,KINDER MORGAN INC.,PLAINS,Technician-17,5/5/2023,11/1/2023,6,55,,,Y,100,"2731 COUNTY ROAD 355; (APPROX 4 MILE E OF DENVER CITY, TX)",DENVER CITY,TX,79323,IN SERVICE,15,25450,YOAKUM,48501,USA,32.972446,-102.74856
GCOMP1006,NORTHERN NATURAL GAS COMPANY,PLAINS,Technician-18,11/20/2022,11/15/2023,12,55,20,,Y,100,COUNTY ROAD-355; CORNER OF COUNTY ROAD-355 AND LIGHT PLANT ROAD,DENVER CITY,TX,79323,IN SERVICE,1,3546,YOAKUM,48501,USA,32.971281,-102.748944
GCOMP1344,SEA ROBIN PIPELINE COMPANY L.L.C.,MILFORD,Technician-19,3/4/2023,11/29/2023,9,55,,,Y,100,UT-21/SOUTH OF 5300 S,MILFORD,UT,84751,IN SERVICE,1,30000,BEAVER,49001,USA,38.30519778,-112.969822
GCOMP1130,RUBY PIPELINE L.L.C.,WILDCAT HILLS,Technician-20,6/4/2023,12/1/2023,6,55,,,Y,100,KELTON ROAD (0.12 MILES NE OF KELTON),KELTON,UT,84329,IN SERVICE,2,28668,BOX ELDER,49003,USA,41.760687,-113.108192
GCOMP506,QUESTAR PIPELINE COMPANY,UTAH - PRICE DEWPOINT PLANT,Technician-21,6/10/2023,12/7/2023,6,55,,,Y,100,320 W 1100 N,PRICE,UT,84501,IN SERVICE,4,45400,CARBON,49007,USA,39.61749252,-110.8211333
GCOMP979,QUESTAR PIPELINE COMPANY,UTAH - MAIN LINE 104 (LOCATED AT OAK SPRING) 2&3,Technician-22,12/20/2022,12/15/2023,12,55,,,Y,100,CONSUMERS ROAD; 6.5 MILES WEST OF SPRING GLEN,HELPER,UT,84526,IN SERVICE,2,15600,CARBON,49007,USA,39.65328676,-110.9796407
GCOMP980,QUESTAR PIPELINE COMPANY,UTAH - OAK SPRING 1,Technician-23,4/5/2023,12/31/2023,9,55,,,Y,100,CONSUMERS ROAD; 6.5 MILES WEST OF SPRING GLEN,HELPER,UT,84526,IN SERVICE,1,5939,CARBON,49007,USA,39.6533,-110.9801
GCOMP1211,QUESTAR PIPELINE COMPANY,UTAH - CLAY BASIN PARK AND LOAN,Technician-24,1/15/2023,1/15/2024,12,55,,,Y,100,OFF JUG HOLLOW ROAD/ WEST OF HIGHWAY 191,DUTCH JOHN,UT,84023,IN SERVICE,1,1680,DAGGETT,49009,USA,40.970639,-109.470908
GCOMP1351,QUESTAR PIPELINE COMPANY,UTAH - KASTLER DEW POINT PLT FG,Technician-25,2/15/2023,2/15/2024,6,55,,,Y,100,WELL ROAD 430093001565,DUTCH JOHN,UT,84023,IN SERVICE,2,1200,DAGGETT,49009,USA,40.984172,-109.217152
GCOMP959,QUESTAR PIPELINE COMPANY,UTAH - KASTLER,Technician-01,3/15/2023,3/15/2024,6,55,20,,Y,100,CLAY BASIN ROAD/WELL ROAD 4300915627,DUTCH JOHN,UT,84023,IN SERVICE,8,32500,DAGGETT,49009,USA,40.991506,-109.212842
GCOMP400,QUESTAR PIPELINE COMPANY,UTAH - BLIND CANYON,Technician-02,4/15/2023,4/15/2024,6,55,,,Y,100,24 MILES SE OF DUCHESNE,DUCHESNE,UT,84021,IN SERVICE,2,11878,DUCHESNE,49013,USA,39.847908,-110.205913
GCOMP60,NORTHWEST PIPELINE G.P.,MOAB,Technician-03,5/15/2023,5/15/2024,6,55,,,Y,100,10527 US-191,MOAB,UT,84532,IN SERVICE,5,12690,GRAND,49019,USA,38.3269,-109.4307
GCOMP983,NORTHWEST PIPELINE G.P.,CISCO,Technician-04,6/15/2023,6/15/2024,12,55,,,Y,100,"CORNER OF OLD CISCO HIGHWAY AND UT-128; SE QTR S 24, T21S, R23E",THOMPSON,UT,84540,IN SERVICE,2,11000,GRAND,49019,USA,38.93335055,-109.3519315
GCOMP719,KERN RIVER GAS TRANSMISSION COMPANY,FILLMORE,Technician-05,7/15/2023,7/15/2024,12,55,,,,100,5800 SOUTH 6770 W HATTON ROAD WEST,MEADOW,UT,84644,IN SERVICE,2,30000,MILLARD,49027,USA,38.849444,-112.503889
GCOMP877,KERN RIVER GAS TRANSMISSION COMPANY,SALT LAKE CITY,Technician-06,8/15/2023,8/15/2024,12,55,,,,100,8394 W 13055; SOUTH WEST OF SALT LAKE INTERNATIONAL AIRPORT SECTION 1,SALT LAKE CITY,UT,84116,IN SERVICE,2,30000,SALT LAKE,49035,USA,40.512187,-112.09067
GCOMP1789,DOMINION ENERGY QUESTAR PIPELINE L.L.C.,THISTLE CREEK,Technician-07,9/15/2023,9/15/2024,6,55,,,,25,N INDIANOLA ROAD,INDIANOLA,UT,84629,IN SERVICE,2,12500,SANPETE,49039,USA,39.81173051,-111.4896479
GCOMP117,QUESTAR PIPELINE COMPANY,UTAH - CHALK CREEK,Technician-08,10/15/2023,10/15/2024,12,55,,,,33,1247 E CHALK CREEK ROAD,COALVILLE,UT,84017,IN SERVICE,1,550,SUMMIT,49043,USA,40.92282341,-111.318552
GCOMP731,QUESTAR PIPELINE COMPANY,UTAH - CASH (WAS COALVILLE) (UNDERGROUND STORAGE),Technician-09,11/15/2023,11/15/2024,6,55,,,,49,599 BORDER STATION ROAD,COALVILLE,UT,84017,IN SERVICE,1,1600,SUMMIT,49043,USA,40.9139081,-111.3684089
GCOMP1791,DOMINION ENERGY QUESTAR PIPELINE L.L.C.,FIDLAR 2,Technician-10,12/15/2023,12/15/2024,9,55,20,40,,51,E GLEN BENCH ROAD,OURAY,UT,84026,IN SERVICE,4,8070,UNITAH,49047,USA,40.039722,-109.456944
GCOMP1792,DOMINION ENERGY QUESTAR PIPELINE L.L.C.,FIDLAR 4,Technician-11,1/15/2023,1/15/2024,12,55,,40,,66,E GLEN BENCH ROAD,OURAY,UT,84026,IN SERVICE,4,8070,UNITAH,49047,USA,40.039722,-109.456944
GCOMP732,NORTHWEST PIPELINE G.P.,VERNAL,Technician-12,2/15/2023,2/15/2024,6,55,,40,,67,599 S 500 E,VERNAL,UT,84078,IN SERVICE,1,10310,UINTAH,49047,USA,40.5693587,-109.3309449
GCOMP455,QUESTAR PIPELINE COMPANY,UTAH - FIDLAR,Technician-13,3/15/2023,3/15/2024,12,55,,40,,92,28637 S GLEN BENCH ROAD,VERNAL,UT,84078,IN SERVICE,5,37300,UINTAH,49047,USA,40.04020387,-109.4559475
GCOMP1014,WYOMING INTERSTATE COMPANY L.L.C.,DIAMOND MTN/VERNAL,Technician-14,4/15/2023,4/15/2024,6,55,,40,,93,"CRUSE CANYON ROAD/EAST OF MAIL DRAW ROAD; NEAR VERNAL, REMOTE",VERNAL,UT,84078,IN SERVICE,2,18524,UINTAH,49047,USA,40.68280685,-109.1996115
GCOMP154,KERN RIVER GAS TRANSMISSION COMPANY,ELBERTA,Technician-15,5/15/2023,5/15/2024,12,55,,40,,94,13801 W 13601 S,ELBERTA,UT,84626,IN SERVICE,2,31000,UTAH,49049,USA,39.95305921,-111.9860308
GCOMP1142,QUESTAR PIPELINE COMPANY,UTAH - THISTLE CREEK,Technician-16,6/15/2023,6/15/2024,12,55,,40,,95,LAKE FORK ROAD,FAIRVIEW,UT,84629,IN SERVICE,1,7800,UTAH,49049,USA,39.81943866,-111.4646942
GCOMP937,KERN RIVER GAS TRANSMISSION COMPANY,VEYO,Technician-17,7/15/2023,7/15/2024,12,55,,40,,96,BENCH ROAD/NE OF TOBIN WASH ROAD; SECTION 33 & 4 T39 & 40 S R17W,WEST OF VEYO,UT,84782,IN SERVICE,3,45000,WASHINGTON,49053,USA,37.34713089,-113.7629171
GCOMP409,TRANSCONTINENTAL GAS PIPE LINE COMPANY L.L.C.,NO. 170 APPOMATTOX,Technician-18,8/15/2023,8/15/2024,12,55,,40,,97,2444 PUMPING STATION ROAD,APPOMATTOX,VA,24522,IN SERVICE,11,33200,APPOMATTOX,51011,USA,37.344897,-78.873806
GCOMP212,COLUMBIA GAS TRANSMISSION L.L.C.,GALA,Technician-19,9/15/2023,9/15/2024,6,55,,40,,98,15971 BOTETOURT ROAD,GALA,VA,24085,IN SERVICE,3,4850,BOTETOURT,51023,USA,37.69059766,-79.81144707
GCOMP144,TRANSCONTINENTAL GAS PIPE LINE COMPANY L.L.C.,NO. 175 SCOTTSVILLE,Technician-20,10/15/2023,10/15/2024,12,55,20,40,,99,1344 TRANSCO ROAD,SCOTTSVILLE,VA,24590,IN SERVICE,2,63740,BUCKINGHAM,51027,USA,37.838273,-78.423394
GCOMP1279,EAST TENNESSEE NATURAL GAS L.L.C.,NORA,Technician-21,11/15/2023,11/15/2024,6,55,,40,,80,ROUTE 654,NORA,VA,24272,IN SERVICE,2,10310,DICKENSON,51051,USA,37.0660286,-82.36799852
GCOMP734,DOMINION COVE POINT LNG L.P.,PLEASANT VALLEY,Technician-22,12/15/2023,12/15/2024,12,55,20,40,,75,6002 PLEASANT VALLEY ROAD,FAIRFAX,VA,20120,IN SERVICE,7,81500,FAIRFAX,51059,USA,38.85477524,-77.50210266
GCOMP336,DOMINION TRANSMISSION INC.,QUANTICO,Technician-23,1/15/2023,1/15/2024,6,55,,40,,70,2092 LAWS FOROAD ROAD,CATLETT,VA,20119,IN SERVICE,2,13900,FAUQUIER,51061,USA,38.62596075,-77.59130118
GCOMP169,COLUMBIA GAS TRANSMISSION L.L.C.,GOOCHLAND,Technician-24,2/15/2023,2/15/2024,6,55,20,,,60,1436 HERMITAGE ROAD,GOOCHLAND,VA,23063,IN SERVICE,5,6750,GOOCHLAND,51075,USA,37.659101,-77.703177
GCOMP953,COLUMBIA GAS TRANSMISSION L.L.C.,BICKERS,Technician-25,3/15/2023,3/15/2024,6,55,,,,50,CELT ROAD AND PEA RIDGE ROAD,STANARDSVILLE,VA,22973,IN SERVICE,4,12800,GREENE,51079,USA,38.275908,-78.460736
GCOMP1295,COLUMBIA GAS TRANSMISSION L.L.C.,EMPORIA,Technician-01,4/15/2023,4/15/2024,12,55,,40,,25,SKIPPERS ROAD AND ROCK BRIDGE ROAD,EMPORIA,VA,23847,IN SERVICE,2,1300,GREENSVILLE,51081,USA,36.636242,-77.559825
GCOMP589,COLUMBIA GAS TRANSMISSION L.L.C.,LOUDOUN,Technician-02,5/15/2023,5/15/2024,6,55,20,,,100,40750 COMPRESSOR LANE,WATSON,VA,20175,IN SERVICE,9,15190,LOUDOUN,51107,USA,38.994226,-77.592364
GCOMP591,DOMINION COVE POINT LNG L.P.,LOUDOUN,Technician-03,6/15/2023,6/15/2024,6,55,,,,100,40830 COVE POINT LANE,LEESBURG,VA,20175,IN SERVICE,4,18840,LOUDOUN,51107,USA,38.995626,-77.591097
GCOMP587,DOMINION TRANSMISSION INC.,LEESBURG,Technician-04,7/15/2023,7/15/2024,12,55,,,,100,40620 CONSOLIDATED LANE,LEESBURG,VA,20175,IN SERVICE,4,22200,LOUDOUN,51107,USA,39.000557,-77.596968
GCOMP46,TRANSCONTINENTAL GAS PIPE LINE COMPANY L.L.C.,NO. 185 MANASSAS,Technician-05,8/15/2023,8/15/2024,6,55,,,,100,10201 BALLS FOROAD ROAD,MANASSAS,VA,20105,IN SERVICE,11,50000,LOUDOUN,51107,USA,38.802137,-77.501796
GCOMP41,COLUMBIA GAS TRANSMISSION L.L.C.,BOSWELLS TAVERN,Technician-06,9/15/2023,9/15/2024,12,55,20,40,,100,10161 VA-22,GORDONSVILLE,VA,22942,IN SERVICE,2,1650,LOUISA,51109,USA,38.073139,-78.202123
GCOMP1244,COLUMBIA GAS TRANSMISSION L.L.C.,LOUISA,Technician-07,10/15/2023,10/15/2024,6,55,,,,100,POINDEXTER ROAD AND BRICKHOUSE ROAD,LOUISA,VA,23093,IN SERVICE,4,6130,LOUISA,51109,USA,38.008234,-78.129274
GCOMP293,TRANSCONTINENTAL GAS PIPE LINE COMPANY L.L.C.,NO. 167 SOUTH HILL,Technician-08,11/15/2023,11/15/2024,12,55,,40,,100,1950 CHAPTICO ROAD,SOUTH HILL,VA,23970,IN SERVICE,2,7800,MECKLENBURG,51117,USA,36.754648,-78.132701
GCOMP835,TRANSCONTINENTAL GAS PIPE LINE COMPANY L.L.C.,NO. 180 ORANGE,Technician-09,12/15/2023,12/15/2024,9,55,,,,100,7444 EVERONIA ROAD,UNIONVILLE,VA,22567,IN SERVICE,14,34020,ORANGE,51137,USA,38.30153293,-77.96442975
GCOMP232,COLUMBIA GAS TRANSMISSION L.L.C.,SHENANDOAH,Technician-10,5/19/2023,11/15/2023,6,55,,,,100,1656 NEWPORT ROAD,SHENANDOAH,VA,22849,IN SERVICE,2,10500,PAGE,51139,USA,38.564459,-78.622651
GCOMP913,TRANSCONTINENTAL GAS PIPE LINE COMPANY L.L.C.,NO. 165 CHATHAM,Technician-11,5/21/2023,11/17/2023,6,55,20,,,100,945 TRANSCO ROAD,CHATHAM,VA,24531,IN SERVICE,12,26950,PITTSYLVANIA,51143,USA,36.832032,-79.337094
GCOMP211,COLUMBIA GAS TRANSMISSION L.L.C.,PETERSBURG,Technician-12,11/24/2022,11/19/2023,12,55,,40,,100,1596 BAXTER ROAD,PRINCE GEORGE,VA,23875,IN SERVICE,4,4340,PRINCE GEORGE,51149,USA,37.207435,-77.335501
GCOMP532,COLUMBIA GAS TRANSMISSION L.L.C.,STRASBURG,Technician-13,2/24/2023,11/21/2023,9,55,,,,100,34646 OLD VALLEY PIKE,STRASBURG,VA,22657,IN SERVICE,4,37730,SHENANDOAH,51171,USA,39.0089287,-78.34010491
GCOMP56,EAST TENNESSEE NATURAL GAS L.L.C.,GLADE SPRING,Technician-14,11/28/2022,11/23/2023,12,55,,,,100,10494 FOREST HILLS DRIVE,GLADE SPRING,VA,24340,IN SERVICE,1,7600,WASHINGTON,51191,USA,36.79458479,-81.79301114
GCOMP726,EAST TENNESSEE NATURAL GAS L.L.C.,RURAL RETREAT,Technician-15,5/15/2023,11/11/2023,6,55,,,,25,588 SHOAL RIDGE DRIVE,RURAL RETREAT,VA,24368,IN SERVICE,1,7200,WYTHE,51197,USA,36.92600924,-81.26307558
GCOMP607,NORTHWEST PIPELINE G.P.,PLYMOUTH,Technician-16,5/18/2023,11/14/2023,6,55,,,,33,42612 E CHRISTY ROAD,PLYMOUTH,WA,99346,IN SERVICE,5,5343,BENTON,53005,USA,45.93129266,-119.4113337
GCOMP133,NORTHWEST PIPELINE G.P.,WASHOUGAL,Technician-17,5/19/2023,11/15/2023,6,55,20,,,49,1309 NE BROWN ROAD,WASHOUGAL,WA,98671,IN SERVICE,2,11700,CLARK,53011,USA,45.63236,-122.36516
GCOMP861,NORTHWEST PIPELINE G.P.,MESA,Technician-18,5/5/2023,11/1/2023,6,55,,,,51,8019 OVERTURF ROAD,PASCO,WA,99301,IN SERVICE,1,1343,FRANKLIN,53021,USA,46.503061,-118.913983
GCOMP108,NORTHWEST PIPELINE G.P.,GOLDENDALE,Technician-19,11/20/2022,11/15/2023,12,55,,,,66,120 HOCTOR ROAD,GOLDENDALE,WA,98620,IN SERVICE,3,19400,KLICKITAT,53039,USA,45.77130033,-120.7994613
GCOMP773,NORTHWEST PIPELINE G.P.,ROOSEVELT,Technician-20,12/4/2022,11/29/2023,12,55,,,,67,652 SIXPRONG ROAD; ROOSEVELT GRADE ROAD,BICKLETON,WA,99322,IN SERVICE,3,19470,KLICKITAT,53039,USA,45.80073717,-120.1673848
GCOMP208,NORTHWEST PIPELINE G.P.,CHEHALIS JACKSON PRAIRIE,Technician-21,12/6/2022,12/1/2023,12,55,,,,92,158 W MEIER ROAD,CHEHALIS,WA,98532,IN SERVICE,2,15110,LEWIS,53041,USA,46.533753,-122.87374
GCOMP495,NORTHWEST PIPELINE G.P.,SUMNER,Technician-22,6/10/2023,12/7/2023,6,55,,,,93,3104 166TH AVENUE E,SUMNER,WA,98390,IN SERVICE,2,26000,PIERCE,53053,USA,47.22900495,-122.2097071
GCOMP201,NORTHWEST PIPELINE G.P.,MOUNT VERNON,Technician-23,12/20/2022,12/15/2023,12,55,,,,94,15498 LANGE ROAD,MOUNT VERNON,WA,98273,IN SERVICE,4,27120,SKAGIT,53057,USA,48.4220578,-122.215148
GCOMP1356,NORTHWEST PIPELINE G.P.,WILLARD,Technician-24,7/4/2023,12/31/2023,6,55,20,,,95,WILLAROAD ROAD MILEPOST 1,COOK,WA,98605,IN SERVICE,3,21700,SKAMANIA,53059,USA,45.77800648,-121.6262871
GCOMP376,NORTHWEST PIPELINE G.P.,SNOHOMISH,Technician-25,2/18/2023,11/15/2023,9,55,,,Y,96,22902 ECHO LAKE ROAD,SNOHOMISH,WA,98296,IN SERVICE,2,26000,SNOHOMISH,53061,USA,47.78832385,-122.0581828
GCOMP1033,GAS TRANSMISSION NORTHWEST L.L.C.,#6 - ROSALIA,Technician-01,11/22/2022,11/17/2023,12,55,,,,97,EAST 315 BABB ROAD,ROSALIA,WA,99170,IN SERVICE,3,95620,SPOKANE,53063,USA,47.27747164,-117.4057813
GCOMP469,NORTHWEST PIPELINE G.P.,TUMWATER,Technician-02,5/23/2023,11/19/2023,6,55,,,,98,2944 93RD AVENUE,OLYMPIA,WA,98503,IN SERVICE,2,6043,THURSTON,53067,USA,46.95563204,-122.9461691
GCOMP104,NORTHWEST PIPELINE G.P.,FORT LEWIS,Technician-03,11/26/2022,11/21/2023,12,55,,,,99,11885 BALD HILL ROAD SE,YELM,WA,98597,IN SERVICE,1,4700,THURSTON,53067,USA,46.91391669,-122.5590875
GCOMP349,GAS TRANSMISSION NORTHWEST L.L.C.,#7 - STARBUCK,Technician-04,5/27/2023,11/23/2023,6,55,,,,80,21725 LYONS FERRY ROAD,PRESCOTT,WA,99348,IN SERVICE,2,108000,WALLA WALLA,53071,USA,46.53565368,-118.2935349
GCOMP762,GAS TRANSMISSION NORTHWEST L.L.C.,#8 - WALLULA,Technician-05,11/16/2022,11/11/2023,12,55,,,,75,638 LAMBDIN ROAD,WALLULA,WA,99360,IN SERVICE,3,103200,WALLA WALLA,53071,USA,46.05314879,-118.8438917
GCOMP645,NORTHWEST PIPELINE G.P.,SUMAS,Technician-06,11/19/2022,11/14/2023,12,55,,,,70,4738 JONES ROAD,SUMAS,WA,98295,IN SERVICE,9,55000,WHATCOM,53073,USA,49.001,-122.2214
GCOMP205,NORTHWEST PIPELINE G.P.,ZILLAH,Technician-07,11/20/2022,11/15/2023,12,55,20,,,60,1570 N BONAIR ROAD,ZILLAH,WA,98953,IN SERVICE,1,1343,YAKIMA,53077,USA,46.45537349,-120.2923022
GCOMP1056,GREAT LAKES GAS TRANSMISSION L.P.,IRON RIVER,Technician-08,11/6/2022,11/1/2023,12,55,,,,50,"FR-420/FR-242; 3 MILES NORTH OF 13975 US-2, IRON RIVER, WI 54847",ASHLAND,WI,54806,IN SERVICE,2,31300,BAYFIELD,55007,USA,46.584569,-91.25592
GCOMP145,ONEOK INC.,STATION 2227 CHIPPEWA FALLS,Technician-09,5/19/2023,11/15/2023,6,55,,,,25,13506 CTH OO,CHIPPEWA FALLS,WI,54729,IN SERVICE,1,3550,CHIPPEWA,55017,USA,44.88758018,-91.39699568
GCOMP655,NORTHERN NATURAL GAS COMPANY,BELLEVILLE,Technician-10,12/4/2022,11/29/2023,12,55,,,,100,4982 CENTER ROAD,MONROE,WI,53566,IN SERVICE,4,4640,GREEN,55045,USA,42.686357,-89.640796
GCOMP1309,NORTHERN NATURAL GAS COMPANY,SPRING GREEN,Technician-11,6/4/2023,12/1/2023,6,55,,,Y,100,STATE HIGHWAY 23 (1.77 MILES NORTH OF SPRING GREEN),SPRING GREEN,WI,53588,IN SERVICE,2,1900,GREEN,55045,USA,43.200235,-90.073183
GCOMP482,ANR PIPELINE COMPANY,GOODMAN,Technician-12,12/12/2022,12/7/2023,12,55,,,Y,100,3 MILES NW OF GOODMAN,GOODMAN,WI,54125,IN SERVICE,2,20620,MARINETTE,55075,USA,45.6529,-88.3838
GCOMP82,ANR PIPELINE COMPANY,MOUNTAIN,Technician-13,6/18/2023,12/15/2023,6,55,,,Y,100,11345 HIGHWAY 64 EAST,SURING,WI,54174,IN SERVICE,2,22100,OCONTO,55083,USA,45.11307825,-88.34160079
GCOMP333,ONEOK INC.,STATION 2222 OSCEOLA,Technician-14,7/4/2023,12/31/2023,6,55,,,Y,100,2077 70TH AVENUE,OSCEOLA,WI,54020,IN SERVICE,3,4800,POLK,55095,USA,45.31231822,-92.58824071
GCOMP800,ANR PIPELINE COMPANY,JANESVILLE,Technician-15,5/19/2023,11/15/2023,6,55,,,Y,100,6827 CONSOLIDATED SCHOOL ROAD,JANESVILLE,WI,53545,IN SERVICE,3,5370,ROCK,55105,USA,42.77280707,-89.05423908
GCOMP1349,ANR PIPELINE COMPANY,KEWASKUM,Technician-16,11/22/2022,11/17/2023,12,55,20,40,Y,100,W. 8715 TOWER ROAD,KEWASKUM,WI,53040,IN SERVICE,6,7589,SHEBOYGAN,55117,USA,43.59893804,-88.13087232
GCOMP1132,GUARDIAN PIPELINE L.L.C.,WISCONSIN - BLUFF CREEK - WALWORTH COUNTY,Technician-17,5/23/2023,11/19/2023,6,55,,40,Y,100,KETTLE MORAINE DRIVE/EAST OF MCCABE ROAD,WHITEWATER,WI,53190,IN SERVICE,1,39000,WALWORTH,55127,USA,42.782541,-88.652229
GCOMP1031,ANR PIPELINE COMPANY,WEYAUWEGA,Technician-18,5/25/2023,11/21/2023,6,55,,40,Y,100,E6135 COUNTY ROAD-X,WEYAUWEGA,WI,54983,IN SERVICE,2,2580,WAUPACA,55135,USA,44.33561429,-88.91895408
GCOMP48,ANR PIPELINE COMPANY,MARSHFIELD,Technician-19,11/28/2022,11/23/2023,12,55,,40,Y,100,10255 WASHINGTON AVENUE S,MARSHFIELD,WI,54449,IN SERVICE,6,12480,WOOD,55141,USA,44.6187,-90.1622
GCOMP831,DOMINION TRANSMISSION INC.,PEPPER,Technician-20,5/15/2023,11/11/2023,6,55,,40,Y,100,734 COUNTY ROUTE 7,PHILIPPI,WV,26416,IN SERVICE,1,1775,BARBOUR,54001,USA,39.18773576,-80.1411914
GCOMP938,COLUMBIA GAS TRANSMISSION L.L.C.,HORSE CREEK,Technician-21,11/19/2022,11/14/2023,12,55,,40,Y,100,BIG HORSE CREEK COMPRESSOR STREET AND STATE ROUTE 3,JULIAN,WV,25529,IN SERVICE,1,1006,BOONE,54005,USA,38.164084,-81.864787
GCOMP975,COLUMBIA GAS TRANSMISSION L.L.C.,FRAMETOWN,Technician-22,5/19/2023,11/15/2023,6,55,,40,Y,100,COLUMBIA GAS DRIVE AND COUNTY HIGHWAY 9/12,FRAMETOWN,WV,26623,IN SERVICE,4,21200,BRAXTON,54007,USA,38.66122266,-80.86225109
GCOMP1127,EQUITRANS L.P.,BURNSVILLE,Technician-23,11/6/2022,11/1/2023,12,55,,40,Y,25,KANAWHA AND SARTOAGO STS,BURNSVILLE,WV,26335,IN SERVICE,3,3300,BRAXTON,54007,USA,38.8627,-80.658833
GCOMP969,EQUITRANS L.P.,ROSEDALE,Technician-24,2/18/2023,11/15/2023,9,55,,40,Y,33,COUNTY ROUTE 9/SOUTH OF 2 MILE FOX ROAD,ROSEDALE,WV,26636,IN SERVICE,2,310,BRAXTON,54007,USA,38.715798,-80.922422
GCOMP989,DOMINION TRANSMISSION INC.,ORMA,Technician-25,6/2/2023,11/29/2023,6,55,,40,Y,49,COUNTY HIGHWAY 11 AND LEFT HAND ROAD,ORMA,WV,25268,IN SERVICE,2,1320,CALHOUN,54013,USA,38.748286,-81.083021
GCOMP15,DOMINION TRANSMISSION INC.,YELLOW CREEK,Technician-01,6/4/2023,12/1/2023,6,55,20,40,Y,51,1 MILE EAST OF ROUTE 16 AND KLIPSTINE ROAD,GRANTSVILLE,WV,26147,IN SERVICE,3,3100,CALHOUN,54013,USA,38.98400641,-81.04897034
GCOMP1108,COLUMBIA GAS TRANSMISSION L.L.C.,SEDALIA,Technician-02,12/12/2022,12/7/2023,12,55,,40,Y,66,HIGHWAY 23 AND ROUNDBOTTOM ROAD,SEDALIA,WV,26339,IN SERVICE,1,350,DODDRIDGE,54017,USA,39.369922,-80.5996
GCOMP1267,DOMINION TRANSMISSION INC.,SCHUTTE,Technician-03,3/20/2023,12/15/2023,9,55,20,40,,67,ROUNDBOTTOM ROAD AND HIGHWAY 23,CENTER POINT,WV,26339,IN SERVICE,2,1320,DODDRIDGE,54017,USA,39.36989798,-80.59962975
GCOMP1299,DOMINION TRANSMISSION INC.,SMITHBURG,Technician-04,1/5/2023,12/31/2023,12,55,,40,,92,SNOWBIROAD ROAD AND COUNTY HIGHWAY 50,SMITHBURG,WV,26411,IN SERVICE,1,1000,DODDRIDGE,54017,USA,39.282043,-80.734383
GCOMP1040,DOMINION TRANSMISSION INC.,MAXWELL,Technician-05,5/19/2023,11/15/2023,6,55,20,,,93,ELK LICK RUN (WV-5/23)/1.8 MILES SOUTH OF SUMMERS,SUMMERS,WV,26421,IN SERVICE,1,440,DODDRIDGE,54017,USA,39.13221029,-80.81944659
GCOMP1318,DOMINION TRANSMISSION INC.,SOUTH OXFORD,Technician-06,5/21/2023,11/17/2023,6,55,,,,94,SUGAR RUN ROAD (WV-52)/SOUTH FORK OF HUGHES RIVER (WV-19) SOUTH OF INTERSECTION OF WHITE OAK ROAD (STATE ROUTE 22) AND POSSUM RUN ROAD,OXFORD,WV,26421,IN SERVICE,1,630,RITCHIE,54017,USA,39.205201,-80.86337
GCOMP1307,DOMINION TRANSMISSION INC.,L.L. TONKIN,Technician-07,5/23/2023,11/19/2023,6,55,,40,,95,"STAR ROUTE 18 - NORTH, BOX 11",WEST UNION,WV,26456,IN SERVICE,3,17052,DODDRIDGE,54017,USA,39.310057,-80.780914
GCOMP1358,DOMINION TRANSMISSION INC.,COLLINS,Technician-08,5/25/2023,11/21/2023,6,55,20,,,96,WV ROUTE 11/4; (STAR ROUTE),WEST UNION,WV,26456,IN SERVICE,1,660,DODDRIDGE,54017,USA,39.254276,-80.791199
GCOMP1362,EQUITRANS L.P.,SMITHBURG,Technician-09,11/28/2022,11/23/2023,12,55,,,,97,WV-50/16 AND SNOWBIRD ROAD,SMITHBURG,WV,26411,IN SERVICE,1,318,DODDRIDGE,54017,USA,39.282208,-80.734188
GCOMP1146,EQUITRANS L.P.,LEASON,Technician-10,11/16/2022,11/11/2023,12,55,,,,98,LEASON RUN(WV-19)/SOUTH OF WV-36/4,GREENWOOD,WV,26415,IN SERVICE,1,140,DODDRIDGE,54017,USA,39.26181478,-80.86664447
GCOMP992,EQUITRANS L.P.,TOLL GATE,Technician-11,11/19/2022,11/14/2023,12,55,,,,99,COUNTY ROAD 50/30 (SUNNYSIDE ROAD)/EAST OF SUGAR RUN,TOLL GATE,WV,26415,IN SERVICE,1,300,DODDRIDGE,54017,USA,39.27709,-80.908282
GCOMP1266,EQUITRANS L.P.,PIERCE,Technician-12,5/19/2023,11/15/2023,6,55,20,40,,80,ROUNDBOTTOM ROAD AND WV-23,SEDALIA,WV,26448,IN SERVICE,1,140,DODDRIDGE,54017,USA,39.36991778,-80.59961111
GCOMP1360,EQUITRANS L.P.,CENTRAL,Technician-13,11/6/2022,11/1/2023,12,55,,,,75,WV-18/SOUTH OF WV 28; NORTH OF OLD US-50,WEST UNION,WV,26456,IN SERVICE,1,600,DODDRIDGE,54017,USA,39.324178,-80.809179
GCOMP961,EQUITRANS L.P.,WEST UNION,Technician-14,5/19/2023,11/15/2023,6,55,,40,,70,CNG ROAD/WV-18,WEST UNION,WV,26456,IN SERVICE,2,2160,DODDRIDGE,54017,USA,39.310464,-80.781029
GCOMP1155,COLUMBIA GAS TRANSMISSION L.L.C.,GLENVILLE,Technician-15,3/4/2023,11/29/2023,9,55,,,,60,LITTLE KANAWHA PARKWAY (HIGHWAY-5)/ EAST OF MUD LICK ROAD JAKES RUN AND HIGHWAY 5,GLENVILLE,WV,26351,IN SERVICE,7,25600,GILMER,54021,USA,38.92777043,-80.77225001
GCOMP1273,DOMINION TRANSMISSION INC.,JONES,Technician-16,12/6/2022,12/1/2023,12,55,,,,50,ROUTE 33,LOCKNEY,WV,25267,IN SERVICE,2,1320,GILMER,54021,USA,38.852851,-80.966705
GCOMP1361,DOMINION TRANSMISSION INC.,RACKET-NEWBERNE,Technician-17,6/10/2023,12/7/2023,6,55,20,,,25,WV-5 (LITTLE KANAWHA PARWAY)/WEST OF HIGHWAY 8,TRUEBADA,WV,26351,IN SERVICE,1,1150,GILMER,54021,USA,38.927922,-80.772612
GCOMP7,DOMINION TRANSMISSION INC.,HARDMAN,Technician-18,12/20/2022,12/15/2023,12,55,,40,,100,.6 MILES NORTH OF GRASS RUN ROAD 7 COUNTY HIGHWAY 15/4,HARDMAN,WV,26351,IN SERVICE,1,145,GILMER,54021,USA,38.914412,-80.937125
GCOMP1156,EQUITRANS L.P.,GLENVILLE,Technician-19,7/4/2023,12/31/2023,6,55,,,,100,LITTLE KANAWHA PARWAY (WV-5),GLENVILLE,WV,26351,IN SERVICE,3,900,GILMER,54021,USA,38.93949864,-80.82063633
GCOMP311,COLUMBIA GAS TRANSMISSION L.L.C.,HARDY,Technician-20,11/20/2022,11/15/2023,12,55,,,,100,200 BRANTS TEETS ROAD,BAKER,WV,26801,IN SERVICE,2,7100,HARDY,54031,USA,39.04028643,-78.81884369
GCOMP599,COLUMBIA GAS TRANSMISSION L.L.C.,LOST RIVER,Technician-21,11/22/2022,11/17/2023,12,55,,,,100,419 UPPER COVE ROAD,MATHIAS,WV,26812,IN SERVICE,9,58365,HARDY,54031,USA,38.87684667,-78.86093455
GCOMP1336,DOMINION TRANSMISSION INC.,WILSONBURG,Technician-22,11/24/2022,11/19/2023,12,55,,,,100,US ROUTE 50,CLARKSBURG,WV,26301,IN SERVICE,3,1510,HARRISON,54033,USA,39.29063328,-80.42010612
GCOMP19,DOMINION TRANSMISSION INC.,SARDIS,Technician-23,11/26/2022,11/21/2023,12,55,20,,,100,1 MILE SOUTH OF GREGORYS RUN ROAD AND HIGHWAY 20,CLARKSBURG,WV,26301,IN SERVICE,2,2100,HARRISON,54033,USA,39.34825767,-80.3862744
GCOMP902,DOMINION TRANSMISSION INC.,MORRISON,Technician-24,5/27/2023,11/23/2023,6,55,,,,100,907 GREGORY RUN,CLARKSBURG,WV,26301,IN SERVICE,1,1775,HARRISON,54033,USA,39.302585,-80.407946
GCOMP1109,DOMINION TRANSMISSION INC.,SWIGER,Technician-25,11/16/2022,11/11/2023,12,55,,,,100,HIGHWAY 279 AND FARM ROAD,BRIDGEPORT,WV,26330,IN SERVICE,1,633,HARRISON,54033,USA,39.31989104,-80.23206203
GCOMP1280,DOMINION TRANSMISSION INC.,BRIDGEPORT,Technician-01,5/18/2023,11/14/2023,6,55,,,,100,ROUTE 73 AND STUART LANE,BRIDGEPORT,WV,26330,IN SERVICE,2,2200,HARRISON,54033,USA,39.347202,-80.221786
GCOMP1054,DOMINION TRANSMISSION INC.,LIGHTBURN,Technician-02,11/20/2022,11/15/2023,12,55,,,,100,FORK RIVER ROAD AND ROUTE 8,JANE LEW,WV,26378,IN SERVICE,7,28120,LEWIS,54033,USA,39.129627,-80.449208
GCOMP1165,DOMINION TRANSMISSION INC.,DAVIS,Technician-03,5/5/2023,11/1/2023,6,55,,,,100,MOUNT CLARE-LOST CREEK ROAD/EAST OF MCKENNEY RUN ROAD,LOST CREEK,WV,26385,IN SERVICE,1,1665,HARRISON,54033,USA,39.126003,-80.384725
GCOMP26,DOMINION TRANSMISSION INC.,CHAPMAN,Technician-04,5/19/2023,11/15/2023,6,55,,,,100,1.5 MILES SOUTH OF COUNTY WHY 33/2 &SYCAMORE ROAD,WOLF SUMMIT,WV,26426,IN SERVICE,1,1100,HARRISON,54033,USA,39.251803,-80.455877
GCOMP970,DOMINION TRANSMISSION INC.,BIG ISAAC,Technician-05,6/2/2023,11/29/2023,6,55,20,,,100,COBURN FORK ROAD AND COUNTY HIGHWAY 50/6,SALEM,WV,26426,IN SERVICE,1,360,HARRISON,54033,USA,39.24659278,-80.55578159
GCOMP5,DOMINION TRANSMISSION INC.,LAW,Technician-06,12/6/2022,12/1/2023,12,55,,,,25,.5 MILE EAST OF COUNTY ROUTE 19/18 AND CAMPBELL RUN ROAD,WEST MILFORD,WV,26451,IN SERVICE,2,1320,HARRISON,54033,USA,39.16814889,-80.46860162
GCOMP1229,COLUMBIA GAS TRANSMISSION L.L.C.,RIPLEY,Technician-07,6/10/2023,12/7/2023,6,55,,,,33,OLD US 21 PARKERSBURG ROAD AND STONEGATE ESTATES,RIPLEY,WV,25271,IN SERVICE,2,4500,JACKSON,54035,USA,38.878005,-81.690318
GCOMP1129,COLUMBIA GAS TRANSMISSION L.L.C.,BUFF LICK,Technician-08,6/18/2023,12/15/2023,6,55,,,,49,KELLEYS CREEK ROAD AND LAUNA DRIVE,CEDAR GROVE,WV,25039,IN SERVICE,1,600,KANAWHA,54039,USA,38.238177,-81.407401
GCOMP110,COLUMBIA GAS TRANSMISSION L.L.C.,CLENDENIN,Technician-09,1/5/2023,12/31/2023,12,55,,,,51,120 WEST UNION RIDGE ROAD,CLENDENIN,WV,25045,IN SERVICE,7,29850,KANAWHA,54039,USA,38.495149,-81.312271
GCOMP260,COLUMBIA GAS TRANSMISSION L.L.C.,COBB,Technician-10,5/19/2023,11/15/2023,6,55,,,,66,180 WV-ROUTE 4,CLENDENIN,WV,25045,IN SERVICE,4,13500,KANAWHA,54039,USA,38.487509,-81.322624
GCOMP547,COLUMBIA GAS TRANSMISSION L.L.C.,WALGROVE,Technician-11,11/22/2022,11/17/2023,12,55,,,,67,367 WALGROVE ROAD,WALGROVE,WV,25071,IN SERVICE,5,37300,KANAWHA,54039,USA,38.464248,-81.440079
GCOMP58,COLUMBIA GAS TRANSMISSION L.L.C.,HUNT,Technician-12,5/23/2023,11/19/2023,6,55,,,,92,105 PATTERSON DRIVE,ELKVIEW,WV,25071,IN SERVICE,5,37300,KANAWHA,54039,USA,38.512991,-81.48101
GCOMP812,COLUMBIA GAS TRANSMISSION L.L.C.,COCO,Technician-13,11/26/2022,11/21/2023,12,55,20,,,93,7 COCO ROAD,ELKVIEW,WV,25071,IN SERVICE,7,9500,KANAWHA,54039,USA,38.40215901,-81.41656034
GCOMP1265,COLUMBIA GAS TRANSMISSION L.L.C.,LANHAM,Technician-14,2/26/2023,11/23/2023,9,55,,,,94,ROCKY FORK ROAD AND KELLY'S CREEK,LANHAM,WV,25159,IN SERVICE,10,35016,KANAWHA,54039,USA,38.477252,-81.71042
GCOMP1061,DOMINION TRANSMISSION INC.,CHEYLAN,Technician-15,5/15/2023,11/11/2023,6,55,,,,95,GAS PLANT ROAD OFF EXIT 85 ON WV TURNPIKE,CHEYLAN,WV,25035,IN SERVICE,1,4735,KANAWHA,54039,USA,38.194687,-81.501274
GCOMP312,DOMINION TRANSMISSION INC.,CORNWELL,Technician-16,5/18/2023,11/14/2023,6,55,,,,96,200 RIVER HAVEN ROAD,CLENDENIN,WV,25045,IN SERVICE,13,17710,KANAWHA,54039,USA,38.486659,-81.272288
GCOMP933,DOMINION TRANSMISSION INC.,BOGAL #6,Technician-17,11/20/2022,11/15/2023,12,55,,,,97,BARREN CREEK ROAD/SOUTH EAST OF CONLEY ROAD,BARREN CREEK,WV,25045,IN SERVICE,1,145,KANAWHA,54039,USA,38.49437181,-81.27720747
GCOMP1043,DOMINION TRANSMISSION INC.,WOLF RUN,Technician-18,2/4/2023,11/1/2023,9,55,,,,98,FINK CREEK ROAD,CAMDEN,WV,26338,IN SERVICE,4,7100,LEWIS,54041,USA,39.110276,-80.647451
GCOMP1019,DOMINION TRANSMISSION INC.,KEITH FORK,Technician-19,11/20/2022,11/15/2023,12,55,,,,99,DUTCH HOLLOW AND CHERRY RIDGE ROAD; .5 MILES NE OF KEITH FORK ROAD AND US 119,WALDECK,WV,26452,IN SERVICE,2,2530,LEWIS,54041,USA,39.065107,-80.508486
GCOMP1345,DOMINION TRANSMISSION INC.,KENNEDY,Technician-20,6/2/2023,11/29/2023,6,55,,,,80,VALLEY CHAPEL ROAD AND HIGHWAY 10/11,VALLEY CHAPEL,WV,26452,IN SERVICE,2,2200,LEWIS,54041,USA,39.108271,-80.495798
GCOMP740,DOMINION TRANSMISSION INC.,CAMDEN,Technician-21,6/4/2023,12/1/2023,6,55,,,,75,6097 US-33,WESTON,WV,26452,IN SERVICE,5,3300,LEWIS,54041,USA,39.059722,-80.597222
GCOMP692,EQUITRANS L.P.,COPLEY RUN,Technician-22,6/10/2023,12/7/2023,6,55,20,40,,70,544 COPLEY RUN ROAD,WESTON,WV,26452,IN SERVICE,2,3150,LEWIS,54041,USA,38.98093669,-80.52223011
GCOMP1101,COLUMBIA GAS TRANSMISSION L.L.C.,HUBBALL,Technician-23,6/18/2023,12/15/2023,6,55,,40,,60,HUBALL ROAD AND 6 MILE CREEK ROAD,BRANCHLAND,WV,25506,IN SERVICE,2,2640,LINCOLN,54043,USA,38.20184775,-82.18756142
GCOMP1237,COLUMBIA GAS TRANSMISSION L.L.C.,HAMLIN,Technician-24,1/5/2023,12/31/2023,12,55,,40,,50,PANTHER BRANCH ROAD/NORTH OF 6 MILE CREEK ROAD,BRANCHLAND,WV,25506,IN SERVICE,2,9470,LINCOLN,54043,USA,38.198435,-82.129711
GCOMP749,COLUMBIA GAS TRANSMISSION L.L.C.,NYE,Technician-25,11/20/2022,11/15/2023,12,55,,40,,25,6207 HAMLIN ROAD,HAMLIN,WV,25523,IN SERVICE,2,634,LINCOLN,54043,USA,38.337209,-82.044276
GCOMP1102,DOMINION TRANSMISSION INC.,HUFF CREEK,Technician-01,11/22/2022,11/17/2023,12,55,,40,,100,HUFF CREEK PARKWAY (WV-10)/ EAST OF GILLMAN BOTTOM,GILLMAN BOTTOM,WV,25617,IN SERVICE,1,500,LOGAN,54045,USA,37.73100185,-81.78676462
GCOMP1166,DOMINION TRANSMISSION INC.,PANTHER CREEK,Technician-02,5/23/2023,11/19/2023,6,55,,40,,100,MUROADIES FORK AND SOUTH OF PANTHER MOUNTAIN ROAD,PANTHER,WV,24872,IN SERVICE,1,350,MCDOWELL,54047,USA,37.46918162,-81.91264477
GCOMP860,EQUITRANS L.P.,UNDERWOOD,Technician-03,11/26/2022,11/21/2023,12,55,,40,,100,8 TOOTH HOLLOW ROAD/NORTH OF FAIRVIEW ROAD (HIGHWAY 17),GRANT TOWN,WV,26574,IN SERVICE,2,900,MARION,54049,USA,39.577534,-80.202764
GCOMP1145,EQUITRANS L.P.,CURTISVILLE,Technician-04,5/27/2023,11/23/2023,6,55,,40,Y,100,LAUREL RUN LEFT/N OF CURTISVILLE PIKE,MANNINGTON,WV,26582,IN SERVICE,1,1100,MARION,54049,USA,39.52353,-80.4398
GCOMP1045,COLUMBIA GAS TRANSMISSION L.L.C.,ADALINE,Technician-05,2/14/2023,11/11/2023,9,55,,40,,100,FISH CREEK AND GREENFIELD RIDGE,ADALINE,WV,26033,IN SERVICE,6,7720,MARSHALL,54051,USA,39.76583011,-80.64499156
GCOMP764,DOMINION TRANSMISSION INC.,BURCH RIDGE,Technician-06,11/19/2022,11/14/2023,12,55,,40,,100,6411 BURCH RIDGE ROAD,PROCTOR,WV,26055,IN SERVICE,2,12260,MARSHALL,54051,USA,39.73113238,-80.78334002
GCOMP626,COLUMBIA GAS TRANSMISSION L.L.C.,FLAT TOP,Technician-07,5/19/2023,11/15/2023,6,55,20,40,,100,450 ELLISSON RIDGE ROAD,FLAT TOP,WV,25841,IN SERVICE,1,6960,MERCER,54055,USA,37.58857683,-81.09161752
GCOMP1065,COLUMBIA GAS TRANSMISSION L.L.C.,GRANT,Technician-08,11/6/2022,11/1/2023,12,55,,40,,100,GRANT BRANCH ROAD AND US-52,DELBARTON,WV,25670,IN SERVICE,2,9000,MINGO,54059,USA,37.65455,-82.035734
GCOMP653,EQUITRANS L.P.,BLACKSVILLE,Technician-09,5/19/2023,11/15/2023,6,55,20,40,,100,4960 MASON DIXON HIGHWAY; OFF OF ROUTE 7 WEST OF ROGERS AVENUE,BLACKSVILLE,WV,26521,IN SERVICE,4,18940,MONONGALIA,54061,USA,39.719366,-80.184433
GCOMP1110,COLUMBIA GAS TRANSMISSION L.L.C.,SENECA,Technician-10,12/4/2022,11/29/2023,12,55,,40,,100,HIGHWAY 28 AND HIGHWAY 33,SENECA ROCKS,WV,26884,IN SERVICE,6,43575,PENDLETON,54071,USA,38.84885449,-79.37599162
GCOMP1296,COLUMBIA GAS TRANSMISSION L.L.C.,BRUCETON MILLS,Technician-11,12/6/2022,12/1/2023,12,55,20,,,100,SKYLINE DRIVE AND WIRSING SCHOOL ROAD,BRUCETON MILLS,WV,26525,IN SERVICE,5,5400,PRESTON,54077,USA,39.720596,-79.699416
GCOMP932,COLUMBIA GAS TRANSMISSION L.L.C.,TERRA ALTA,Technician-12,12/12/2022,12/7/2023,12,55,,,,100,AURORA PIKE AND BUCKLICK,TERRA ALTA,WV,26764,IN SERVICE,5,5500,PRESTON,54077,USA,39.421208,-79.546187
GCOMP1042,COLUMBIA GAS TRANSMISSION L.L.C.,FILES CREEK,Technician-13,12/20/2022,12/15/2023,12,55,,40,,100,FILES CREEK ROAD,BEVERLY,WV,26253,IN SERVICE,4,45660,RANDOLPH,54083,USA,38.82067,-79.835632
GCOMP1272,COLUMBIA GAS TRANSMISSION L.L.C.,GLADY,Technician-14,7/4/2023,12/31/2023,6,55,20,,,25,ROUTE 22 BEMIS ROAD,GLADY,WV,26268,IN SERVICE,3,3960,RANDOLPH,54083,USA,38.781944,-79.70472
GCOMP9,DOMINION TRANSMISSION INC.,CORONADO #14,Technician-15,11/20/2022,11/15/2023,12,55,,,,33,0.2 MILES NORTH ON MABIE ROAD,CASSITY,WV,26278,IN SERVICE,2,2605,RANDOLPH,54083,USA,38.828964,-80.034626
GCOMP1359,DOMINION TRANSMISSION INC.,CRAIG,Technician-16,5/21/2023,11/17/2023,6,55,,,,49,WV-16 AND WV-47,SMITHVILLE,WV,26178,IN SERVICE,3,2595,RITCHIE,54085,USA,39.073055,-81.098333
GCOMP20,DOMINION TRANSMISSION INC.,SUTTON,Technician-17,11/24/2022,11/19/2023,12,55,,,,51,1 MILE SOUTH OF WV HIGHWAY 74 AND COUNTY HIGHWAY 7/26,BEREA,WV,26327,IN SERVICE,1,31206,RITCHIE,54085,USA,39.125184,-80.925447
GCOMP1124,DOMINION TRANSMISSION INC.,NEW OXFORD,Technician-18,5/25/2023,11/21/2023,6,55,20,40,,66,INTERSECTION OF WHITE OAK ROAD AND HARRISVILLE-PULLMAN OXFORD,OXFORD,WV,26421,IN SERVICE,1,600,RITCHIE,54085,USA,39.199493,-80.874049
GCOMP1363,EQUITRANS L.P.,COMET,Technician-19,5/27/2023,11/23/2023,6,55,,,,67,WV-8 AND WV-3,FLEMINGTON,WV,26347,IN SERVICE,5,1800,TAYLOR,54091,USA,39.317291,-80.158105
GCOMP1069,DOMINION TRANSMISSION INC.,DEEP VALLEY,Technician-20,5/15/2023,11/11/2023,6,55,,40,,92,HAYMOND RIDGE ROAD,DEEP VALLEY,WV,26360,IN SERVICE,2,1600,TYLER,54095,USA,39.34438628,-80.85673275
GCOMP1313,COLUMBIA GAS TRANSMISSION L.L.C.,CLEVELAND,Technician-21,11/19/2022,11/14/2023,12,55,,,,93,STATE ROUTE 20 SOUTH,KANAWHA HEAD,WV,26228,IN SERVICE,4,53630,UPSHUR,54097,USA,38.75051354,-80.36261634
GCOMP308,DOMINION TRANSMISSION INC.,O'DELL,Technician-22,5/19/2023,11/15/2023,6,55,,,,94,2.54 MILES NE OF ALEXANDER,ODELL,WV,26234,IN SERVICE,1,115,UPSHUR,54097,USA,38.790331,-80.176295
GCOMP1204,COLUMBIA GAS TRANSMISSION L.L.C.,KENOVA,Technician-23,5/5/2023,11/1/2023,6,55,20,,,95,NOVAMONT ROAD/ COUNTY HIGHWAY 1/16,KENOVA,WV,25530,IN SERVICE,9,16400,WAYNE,54099,USA,38.370881,-82.592004
GCOMP235,COLUMBIA GAS TRANSMISSION L.L.C.,CEREDO,Technician-24,11/20/2022,11/15/2023,12,55,,40,,96,1664 WALKERS BRANCH ROAD,HUNTINGTON,WV,25704,IN SERVICE,12,95500,WAYNE,54099,USA,38.368519,-82.532652
GCOMP1310,COLUMBIA GAS TRANSMISSION L.L.C.,PORTER FALLS,Technician-25,6/2/2023,11/29/2023,6,55,,,,97,STATE ROAD RUN AND PORTERS FALLS,PORTERS FALLS,WV,26162,IN SERVICE,2,720,WETZEL,54103,USA,39.577084,-80.773876
GCOMP1270,COLUMBIA GAS TRANSMISSION L.L.C.,SMITHFIELD,Technician-01,12/6/2022,12/1/2023,12,55,,,,98,ROUTE 20 AND STOUT RUN,SMITHFIELD,WV,26437,IN SERVICE,4,14762,WETZEL,54103,USA,39.48055688,-80.53828977
GCOMP1164,DOMINION TRANSMISSION INC.,MOCKINGBIRD HILL,Technician-02,6/10/2023,12/7/2023,6,55,,,,99,MOCKINGBIRD HILL ROAD/WV- STATE ROUTE 20,PINE GROVE,WV,26419,IN SERVICE,1,7800,WETZEL,54103,USA,39.54817545,-80.66571096
GCOMP1311,DOMINION TRANSMISSION INC.,HASTINGS 2,Technician-03,12/20/2022,12/15/2023,12,55,,,,80,STATE ROUTE 20,HASTINGS,WV,26419,IN SERVICE,1,24000,WETZEL,54103,USA,39.54915278,-80.6718961
GCOMP1312,DOMINION TRANSMISSION INC.,HASTINGS,Technician-04,4/5/2023,12/31/2023,9,55,20,,,75,STATE ROUTE 20,HASTINGS,WV,26419,IN SERVICE,1,12000,WETZEL,54103,USA,39.55132244,-80.67789774
GCOMP176,DOMINION TRANSMISSION INC.,LEWIS/WETZEL,Technician-05,5/19/2023,11/15/2023,6,55,,,,70,14587 WV- STATE ROUTE 20,PINE GROVE,WV,26419,IN SERVICE,1,3550,WETZEL,54103,USA,39.54842585,-80.66569939
GCOMP1269,EQUITRANS L.P.,HASTINGS,Technician-06,5/21/2023,11/17/2023,6,55,,,,60,ROUTE 20,PINE GROVE,WV,26419,IN SERVICE,2,760,WETZEL,54103,USA,39.550351,-80.672869
GCOMP1193,EQUITRANS L.P.,LOGANSPORT,Technician-07,11/24/2022,11/19/2023,12,55,,,,50,NORTH FORK ROAD/MOBLEY RUN,BIG RUN,WV,26561,IN SERVICE,2,1600,WETZEL,54103,USA,39.55717475,-80.54988809
GCOMP566,EQUITRANS L.P.,HUNDRED,Technician-08,2/24/2023,11/21/2023,9,55,,,,25,3805 US 250,HUNDRED,WV,26575,IN SERVICE,2,937,WETZEL,54103,USA,39.690638,-80.469721
GCOMP1314,COLUMBIA GAS TRANSMISSION L.L.C.,ROCKPORT,Technician-09,11/28/2022,11/23/2023,12,55,,,,100,STATE ROUTE 21 AND HIGHWAY 77,ROCKPORT,WV,26169,IN SERVICE,2,3372,WOOD,54107,USA,39.068629,-81.551444
GCOMP1315,COLUMBIA GAS TRANSMISSION L.L.C.,HUFF CREEK,Technician-10,5/15/2023,11/11/2023,6,55,,,,100,STATE ROUTE 8 AND US-52,HANOVER,WV,24839,IN SERVICE,1,3200,WYOMING,54109,USA,37.53919706,-81.75543558
GCOMP964,COLUMBIA GAS TRANSMISSION L.L.C.,HUFF CREEK,Technician-11,5/18/2023,11/14/2023,6,55,20,,,100,COUNTY HIGHWAY 8 (LITTLE HUFF CREEK ROAD),HANOVER,WV,24839,IN SERVICE,1,3200,WYOMING,54109,USA,37.550807,-81.786802
GCOMP1154,COLUMBIA GAS TRANSMISSION L.L.C.,HUFF CREEK,Technician-12,5/19/2023,11/15/2023,6,55,,,,100,LITTLE HUFF CREEK AND HW 52,STEELES,WV,24844,IN SERVICE,1,3200,WYOMING,54109,USA,37.551433,-81.787426
GCOMP1144,DOMINION TRANSMISSION INC.,SEARLS,Technician-13,5/5/2023,11/1/2023,6,55,,,,100,LANESBRANCH ROAD AND WV-97,BRENTON,WV,24818,IN SERVICE,1,637,WYOMING,54109,USA,37.603958,-81.630352
GCOMP4,DOMINION TRANSMISSION INC.,LOUP CREEK,Technician-14,11/20/2022,11/15/2023,12,55,,,,100,.5 MILE EAST OF ROUTE 85 AND NEW CAMP ROAD,KOPPERSTON,WV,24854,IN SERVICE,4,3840,WYOMING,54109,USA,37.73990154,-81.57534795
GCOMP1275,DOMINION TRANSMISSION INC.,OSCAR NELSON,Technician-15,12/4/2022,11/29/2023,12,55,,,,100,ROUTE 97,MARIANNA,WV,24859,IN SERVICE,6,5280,WYOMING,54109,USA,37.60279975,-81.61435002
GCOMP2,DOMINION TRANSMISSION INC.,SHADD,Technician-16,12/6/2022,12/1/2023,12,55,,,,100,.25 MILES SOUTH OF OSCAR NELSON STATION,MARIANNA,WV,24859,IN SERVICE,1,31206,WYOMING,54109,USA,37.59905507,-81.61342314
GCOMP1251,COLORADO INTERSTATE GAS COMPANY L.L.C.,LARAMIE,Technician-17,6/10/2023,12/7/2023,6,55,,,,100,QUEALY DOME ROAD AND HUNT ROAD,LARAMIE,WY,82051,IN SERVICE,4,15000,ALBANY,56001,USA,41.436918,-105.936023
GCOMP170,WYOMING INTERSTATE COMPANY L.L.C.,LARAMIE/LARAMIE JUMPER,Technician-18,12/20/2022,12/15/2023,12,55,,,,100,144 HUNT ROAD; .5 MILES EAST ON SIDE ROAD,LARAMIE,WY,82070,IN SERVICE,3,15236,ALBANY,56001,USA,41.434,-105.936
GCOMP327,WILLISTON BASIN INTERSTATE PIPELINE COMPANY,LOVELL,Technician-19,7/4/2023,12/31/2023,6,55,20,,,100,2046 US-14A,LOVELL,WY,82431,IN SERVICE,2,1600,BIG HORN,56003,USA,44.836409,-108.407741
GCOMP168,MIGC L.L.C.,HILIGHT,Technician-20,2/18/2023,11/15/2023,9,55,,,,100,1424 HILIGHT ROAD,GILLETTE,WY,82718,IN SERVICE,6,10228,CAMPBELL,56005,USA,43.99971483,-105.4225994
GCOMP179,MIGC L.L.C.,COAL SEAM PRODUCTION AREA,Technician-21,11/22/2022,11/17/2023,12,55,,,,100,1469 HILIGHT ROAD,GILLETTE,WY,82718,IN SERVICE,5,6509,CAMPBELL,56005,USA,43.84221054,-105.3617135
GCOMP720,MIGC L.L.C.,RECLUSE,Technician-22,5/23/2023,11/19/2023,6,55,,,,100,581 RECLUSE ROAD,RECLUSE,WY,82725,IN SERVICE,2,1456,CAMPBELL,56005,USA,44.7449935,-105.6880477
GCOMP401,WILLISTON BASIN INTERSTATE PIPELINE COMPANY,LANDECK,Technician-23,11/26/2022,11/21/2023,12,55,,,,100,24 TAYLOR ROAD,GILLETTE,WY,82716,IN SERVICE,1,1478,CAMPBELL,56005,USA,44.50628536,-105.627909
GCOMP1087,COLORADO INTERSTATE GAS COMPANY L.L.C.,MUDDY GAP,Technician-24,5/27/2023,11/23/2023,6,55,,,,100,HIGHWAY 789 AND US-220,MUDDY GAP,WY,82334,IN SERVICE,2,10556,CARBON,56007,USA,42.37564,-107.4264135
GCOMP378,COLORADO INTERSTATE GAS COMPANY L.L.C.,RAWLINS,Technician-25,11/16/2022,11/11/2023,12,55,,,,100,230 CIG PLANT ROAD; 0.5 MILE SOUTH OF HIGHWAY 80,SINCLAIR,WY,82334,IN SERVICE,5,8500,CARBON,56007,USA,41.757098,-107.0594
GCOMP1364,ROCKIES EXPRESS PIPELINE L.L.C.,R28204004/104 AT ARLINGTON,Technician-01,11/19/2022,11/14/2023,12,55,,,,100,WY-13/I-80,ARLINGTON,WY,82083,IN SERVICE,4,37294,CARBON,56007,USA,41.606083,-106.204815
GCOMP76,SOUTHERN STAR CENTRAL GAS PIPELINE INC.,572 ARLINGTON,Technician-02,11/20/2022,11/15/2023,12,55,,,,100,1108 WY-13,ROCK RIVER,WY,82083,IN SERVICE,1,3950,CARBON,56007,USA,41.606935,-106.206526
GCOMP954,WYOMING INTERSTATE COMPANY L.L.C.,HAROLD BURROW,Technician-03,11/6/2022,11/1/2023,12,55,20,40,,100,CIG PLANT ROAD,RAWLINS,WY,82301,IN SERVICE,2,10556,CARBON,56007,USA,41.77515356,-107.0941844
GCOMP955,WYOMING INTERSTATE COMPANY L.L.C.,RAWLINS JUMPER,Technician-04,5/19/2023,11/15/2023,6,55,,40,,100,CIG PLANT ROAD,RAWLINS,WY,82301,IN SERVICE,2,2400,CARBON,56007,USA,41.75670393,-107.0573361
GCOMP649,MIGC L.L.C.,PLATTE RIVER,Technician-05,12/4/2022,11/29/2023,12,55,,40,Y,100,49 NATURAL BRIDGE ROAD,DOUGLAS,WY,82633,IN SERVICE,1,3300,CONVERSE,56009,USA,42.78680684,-105.6129787
GCOMP80,MIGC L.L.C.,PYTHON,Technician-06,6/4/2023,12/1/2023,6,55,,40,,100,1116 JENNE TRAIL ROAD,DOUGLAS,WY,82633,IN SERVICE,1,2225,CONVERSE,56009,USA,43.3495689,-105.557139
GCOMP851,TALLGRASS INTERSTATE GAS TRANSMISSION L.L.C.,LABONTE,Technician-07,12/12/2022,12/7/2023,12,55,,40,Y,100,773 WY-94,DOUGLAS,WY,82633,IN SERVICE,2,11000,CONVERSE,56009,USA,42.65279267,-105.3932535
GCOMP768,WYOMING INTERSTATE COMPANY L.L.C.,DOUGLAS,Technician-08,6/18/2023,12/15/2023,6,55,,40,,100,65 NATURAL BRIDGE ROAD,DOUGLAS,WY,82633,IN SERVICE,4,45648,CONVERSE,56009,USA,42.78793211,-105.6171899
GCOMP1159,COLORADO INTERSTATE GAS COMPANY L.L.C.,LOST CABIN,Technician-09,7/4/2023,12/31/2023,6,55,,40,,100,LOST CABIN ROAD,LOST CABIN,WY,82642,IN SERVICE,3,2400,FREMONT,56013,USA,43.281425,-107.593524
GCOMP945,COLORADO INTERSTATE GAS COMPANY L.L.C.,BRIDGER CREEK,Technician-10,5/19/2023,11/15/2023,6,55,,40,,100,BRIDGER CREEK ROAD,BRIDGER CREEK,WY,82649,IN SERVICE,2,1155,FREMONT,56013,USA,43.406396,-107.733703
GCOMP89,WILLISTON BASIN INTERSTATE PIPELINE COMPANY,BILLY CREEK,Technician-11,11/22/2022,11/17/2023,12,55,,40,,100,115 BILLY CREEK ROAD,BUFFALO,WY,82834,IN SERVICE,1,421,JOHNSON,56019,USA,44.124115,-106.731402
GCOMP1233,COLORADO INTERSTATE GAS COMPANY L.L.C.,KING,Technician-12,5/23/2023,11/19/2023,6,55,,40,,100,OPAL CUTOFF AND US-30,OPAL,WY,83103,IN SERVICE,3,3300,LINCOLN,56023,USA,41.777831,-110.348173
GCOMP1788,DOMINION ENERGY OVERTHRUST PIPELINE L.L.C.,ROBERSON,Technician-13,5/25/2023,11/21/2023,6,55,20,40,,100,6.5 MILES FROM HIGHWAY 30 ON WAGON WHEEL ROAD,OPAL,WY,83124,IN SERVICE,2,30000,LINCOLN,56023,USA,41.69905283,-110.3636744
GCOMP165,KERN RIVER GAS TRANSMISSION COMPANY,MUDDY CREEK,Technician-14,11/28/2022,11/23/2023,12,55,,40,Y,100,1419 WAGON WHEEL ROAD,KEMMERER,WY,83101,IN SERVICE,6,95500,LINCOLN,56023,USA,41.691388,-110.36194
GCOMP1004,NORTHWEST PIPELINE G.P.,KEMMERER,Technician-15,5/15/2023,11/11/2023,6,55,20,40,,100,"COUNTY ROAD 300; SW1/4,S2,SE1/4,S3,T32N,R118W",KEMMERER,WY,83101,IN SERVICE,5,11200,LINCOLN,56023,USA,41.82310407,-110.7901527
GCOMP1292,NORTHWEST PIPELINE G.P.,MUDDY CREEK,Technician-16,11/19/2022,11/14/2023,12,55,,40,,100,"SEC 25, T20N, R115W",KEMMERER,WY,83101,IN SERVICE,2,10520,LINCOLN,56023,USA,41.69434384,-110.3633966
GCOMP1350,QUESTAR OVERTHRUST PIPELINE COMPANY,ROBERSON (GREEN RIVER BASIN),Technician-17,5/19/2023,11/15/2023,6,55,20,,,100,WAGON WHEEL ROAD/5.85 SW OF OPAL; T20N R115W S24,OPAL,WY,83124,IN SERVICE,2,30000,LINCOLN,56023,USA,41.69720438,-110.3637558
GCOMP1111,RUBY PIPELINE L.L.C.,ROBERSON CREEK,Technician-18,11/6/2022,11/1/2023,12,55,,,,100,HIGHWAY 330/ EAST OF HIGHWAY 30 (13.2 MILES WEST OF KEMMERER),KEMMERER,WY,83101,IN SERVICE,3,69000,LINCOLN,56023,USA,41.82312349,-110.789835
GCOMP715,TALLGRASS INTERSTATE GAS TRANSMISSION L.L.C.,CASPER,Technician-19,2/18/2023,11/15/2023,9,55,,40,,100,5766 E YELLOWSTONE HIGHWAY,EVANSVILLE,WY,82636,IN SERVICE,5,10500,NATRONA,56025,USA,42.85687185,-106.2380873
GCOMP576,COLORADO INTERSTATE GAS COMPANY L.L.C.,OREGON BASIN,Technician-20,6/2/2023,11/29/2023,6,55,20,,,100,3FK ROAD,OREGON BASIN,WY,82414,IN SERVICE,5,37300,PARK,56029,USA,44.420605,-108.904121
GCOMP1075,COLORADO INTERSTATE GAS COMPANY L.L.C.,ELK BASIN,Technician-21,6/4/2023,12/1/2023,6,55,,,,100,HIGHWAY 295 AND 1NG ROAD,POWELL,WY,82435,IN SERVICE,2,5800,PARK,56029,USA,44.97937701,-108.8421531
GCOMP729,WILLISTON BASIN INTERSTATE PIPELINE COMPANY,ELK BASIN,Technician-22,12/12/2022,12/7/2023,12,55,,,,100,59 CUNNINGHAM LANE,POWELL,WY,82435,IN SERVICE,3,2400,PARK,56029,USA,44.991845,-108.866218
GCOMP238,TALLGRASS INTERSTATE GAS TRANSMISSION L.L.C.,GUERNSEY,Technician-23,3/20/2023,12/15/2023,9,55,,,,100,167 TANK FARM ROAD,GUERNSEY,WY,82214,IN SERVICE,2,4000,PLATTE,56031,USA,42.233799,-104.686698
GCOMP23,TALLGRASS INTERSTATE GAS TRANSMISSION L.L.C.,GLENROCK,Technician-24,1/5/2023,12/31/2023,12,55,20,40,,100,1.2 MILES NW OF GLENROCK,GLENROCK,WY,82637,IN SERVICE,3,3364,PLATTE,56031,USA,42.87412052,-105.8878594
GCOMP957,COLORADO INTERSTATE GAS COMPANY L.L.C.,WAMSUTTER,Technician-25,5/19/2023,11/15/2023,6,55,,,,100,CIG ROAD AND KELLY ROAD; OFF OF I-80 W,WAMSUTTER,WY,82336,IN SERVICE,4,15320,SWEETWATER,56037,USA,41.6800816,-107.9832929
GCOMP965,COLORADO INTERSTATE GAS COMPANY L.L.C.,TABLE ROCK,Technician-01,5/21/2023,11/17/2023,6,55,,40,,100,COUNTY ROAD 4-65 AND TABLE ROCK GAS PLANT ROAD,TABLE ROCK,WY,82901,IN SERVICE,2,1200,SWEETWATER,56037,USA,41.60948974,-108.414592
GCOMP1308,COLORADO INTERSTATE GAS COMPANY L.L.C.,DESERT SPRINGS,Technician-02,5/23/2023,11/19/2023,6,55,,,,100,STAR ROUTE 2 EAST - .3 MILES NORTH OF I-80,ROCK SPRINGS,WY,82945,NOT AVAILABLE,0,3200,SWEETWATER,56037,USA,41.63939941,-108.4527047
GCOMP1793,DOMINION ENERGY OVERTHRUST PIPELINE L.L.C.,ROCK SPRINGS,Technician-03,5/25/2023,11/21/2023,6,55,,,,100,BUNNING ROAD,ROCK SPRINGS,WY,82901,IN SERVICE,2,31000,SWEETWATER,56037,USA,41.52145586,-109.3126214
GCOMP375,NORTHWEST PIPELINE G.P.,GREEN RIVER,Technician-04,11/28/2022,11/23/2023,12,55,20,,,100,"229 MCKINNON ROAD; SEC 10, TWN 15 N, RANGE 109 W",GREEN RIVER,WY,82938,IN SERVICE,5,12130,SWEETWATER,56037,USA,41.2973,-109.685
GCOMP1262,QUESTAR OVERTHRUST PIPELINE COMPANY,ROCKSPRINGS (GREEN RIVER BASIN),Technician-05,11/16/2022,11/11/2023,12,55,,40,,100,RIGHT OFF OF US-191; EAST OF US-191,GREEN RIVER,WY,82935,IN SERVICE,2,31000,SWEETWATER,56037,USA,41.521259,-109.312801
GCOMP899,QUESTAR OVERTHRUST PIPELINE COMPANY,POINT OF ROCKS (GREEN RIVER BASIN),Technician-06,11/19/2022,11/14/2023,12,55,,,,100,9 MILE ROAD [HIGHWAY 15]/NORTH OF I-80,POINT OF ROCKS,WY,82942,IN SERVICE,1,16000,SWEETWATER,56037,USA,41.689396,-108.738085
GCOMP1282,QUESTAR PIPELINE COMPANY,WYOMING - SOUTH BAXTER,Technician-07,5/19/2023,11/15/2023,6,55,,,,100,S BAXTER CAMP ROAD/S BAXTER ROAD; SEC 16 TWN16N RANGE 104W,ROCK SPRINGS,WY,82901,IN SERVICE,3,1040,SWEETWATER,56037,USA,41.364814,-109.121209
GCOMP1365,QUESTAR PIPELINE COMPANY,WYOMING - SKULL CREEK,Technician-08,11/6/2022,11/1/2023,12,55,,,,100,"WY-62/61 MILES SE OF ROCK SPRINGS; SEC 14,T12N,R97W",ROCK SPRINGS,WY,82902,IN SERVICE,2,2464,SWEETWATER,56037,USA,41.01144022,-108.2980831
GCOMP304,QUESTAR PIPELINE COMPANY,WYOMING - SIMON,Technician-09,5/19/2023,11/15/2023,6,55,,,,100,2 MILES EAST OF WY-430,ROCK SPRINGS,WY,82902,IN SERVICE,1,3350,SWEETWATER,56037,USA,41.05861232,-108.7616472
GCOMP305,QUESTAR PIPELINE COMPANY,WYOMING - COLEMAN,Technician-10,3/4/2023,11/29/2023,9,55,20,,,25,2.5 MILE S. OF I-80 ON HIGHWAY 191; I-80 AND HIGHWAY 191 SOUTH --> SIDE STREET FROM 50262 US-191,GREEN RIVER,WY,82935,IN SERVICE,2,6530,SWEETWATER,56037,USA,41.524031,-109.319129
GCOMP306,QUESTAR PIPELINE COMPANY,WYOMING - KANDA,Technician-11,12/6/2022,12/1/2023,12,55,,,,33,2.5 MILE S. OF I-80 ON HIGHWAY 191; I-80 AND HIGHWAY 191 SOUTH --> SIDE STREET FROM 50262 US-191,GREEN RIVER,WY,82935,IN SERVICE,4,7160,SWEETWATER,56037,USA,41.521451,-109.311286
GCOMP307,QUESTAR PIPELINE COMPANY,WYOMING - NIGHTINGALE,Technician-12,5/19/2023,11/15/2023,6,55,,,Y,49,2.5 MILE S. OF I-80 ON HIGHWAY 191; I-80 AND HIGHWAY 191 SOUTH --> SIDE STREET FROM 50262 US-191,GREEN RIVER,WY,82935,IN SERVICE,3,6140,SWEETWATER,56037,USA,41.522621,-109.319475
GCOMP1255,ROCKIES EXPRESS PIPELINE L.L.C.,R28194003/103 AT WAMSUTTER,Technician-13,11/22/2022,11/17/2023,12,55,,,,51,RASMUSSEN ROAD/N OF I-80,WAMSUTTER,WY,82336,IN SERVICE,3,18885,SWEETWATER,56037,USA,41.67079194,-108.0352517
GCOMP956,ROCKIES EXPRESS PIPELINE L.L.C.,R30014100 AT ECHO SPRINGS,Technician-14,5/23/2023,11/19/2023,6,55,,,,66,CIG ROAD,WAMSUTTER,WY,82336,IN SERVICE,2,5718,SWEETWATER,56037,USA,41.68024899,-107.9832172
GCOMP2066,ROCKIES EXPRESS PIPELINE LLC,WAMSUTTER COMPRESSOR STATION,Technician-15,11/26/2022,11/21/2023,12,55,,,,67,20 RASMUSSEN ROAD,WAMSUTTER,WY,82336,IN SERVICE,3,18885,SWEETWATER,56037,USA,41.668795,-108.023838
GCOMP189,SOUTHERN STAR CENTRAL GAS PIPELINE INC.,569 RINER,Technician-16,11/28/2022,11/23/2023,12,55,,,,92,15 RINER ROAD,WAMSUTTER,WY,82336,IN SERVICE,2,4800,SWEETWATER,56037,USA,41.74819465,-107.5550647
GCOMP958,WYOMING INTERSTATE COMPANY L.L.C.,WAMSUTTER,Technician-17,11/16/2022,11/11/2023,12,55,20,,,93,CIG ROAD/KELLY ROAD,WAMSUTTER,WY,82336,IN SERVICE,2,18926,SWEETWATER,56037,USA,41.68008941,-107.9829416
GCOMP1168,WYOMING INTERSTATE COMPANY L.L.C.,BAXTER,Technician-18,11/19/2022,11/14/2023,12,55,,,,94,N BAXTER ROAD,ROCK SPRINGS,WY,82901,IN SERVICE,4,4800,SWEETWATER,56037,USA,41.648447,-109.114724
GCOMP1320,WYOMING INTERSTATE COMPANY L.L.C.,ECHO SPRINGS,Technician-19,5/19/2023,11/15/2023,6,55,,,,95,SW1/4 SECTION 8 T20N R92W (2 MILES NW OF CRESTON),GREEN RIVER,WY,82935,IN SERVICE,1,2089,SWEETWATER,56037,USA,41.718424,-107.787707
GCOMP948,COLUMBIA GULF TRANSMISSION COMPANY,CARTER CREEK,Technician-20,11/6/2022,11/1/2023,12,55,,,,96,CARTER CREEK ROAD (14.42 MILES NE OF BEAR RIVER),BEAR RIVER,WY,82930,IN SERVICE,0,0,UINTA,56041,USA,41.56817669,-110.9008794
GCOMP1790,DOMINION ENERGY QUESTAR PIPELINE L.L.C.,EAKIN,Technician-21,5/19/2023,11/15/2023,6,55,,,,97,3722 EAKIN ROAD,LYMAN,WY,82937,IN SERVICE,5,15080,UNITAH,56041,USA,41.44194628,-110.2433501
GCOMP1367,KERN RIVER GAS TRANSMISSION COMPANY,COYOTE CREEK,Technician-22,12/4/2022,11/29/2023,12,55,,,,98,YELLOW CREEK ROAD (COUNTY ROAD 153)/WEST OF COUNTY ROAD 155 126 COMMERCE DRIVE; SE1 4SW1 4 OF SECTION 36,EVANSTON,WY,82930,IN SERVICE,2,31000,UINTA,56041,USA,41.06110396,-111.0119192
GCOMP157,KERN RIVER GAS TRANSMISSION COMPANY,PAINTER,Technician-23,6/4/2023,12/1/2023,6,55,,,,99,13908 PAINTER RESERVOIR ROAD,EVANSTON,WY,82930,IN SERVICE,2,11000,UINTA,56041,USA,41.32709,-110.859302
GCOMP929,KERN RIVER GAS TRANSMISSION COMPANY,ANSCHUTZ,Technician-24,6/10/2023,12/7/2023,6,55,,,,80,ANSCHUTZ PLANT ROAD/WEST OF COUNTY ROAD 153; S34 T13N R121W,EVANSTON,WY,82930,IN SERVICE,2,720,UINTA,56041,USA,41.06351507,-111.0287844
GCOMP1032,QUESTAR PIPELINE COMPANY,WYOMING - EAKIN/MUDDY CREEK,Technician-25,6/18/2023,12/15/2023,6,55,20,,,75,EAKIN STATION ROAD; 7 MILES NW OF EXIT 48 I-80 E,FORT BRIDGER,WY,82933,IN SERVICE,5,15080,UINTA,56041,USA,41.44213021,-110.2430883
GCOMP1150,QUESTAR PIPELINE COMPANY,WYOMING - LEROY,Technician-01,1/5/2023,12/31/2023,12,55,,,,70,"LEROY ROAD; SEC33, T16N, RANGE 117W",FORT BRIDGER,WY,82933,IN SERVICE,1,3830,UINTA,56041,USA,41.32988486,-110.619301
GCOMP567,WILLISTON BASIN INTERSTATE PIPELINE COMPANY,WORLAND,Technician-02,5/21/2023,11/17/2023,6,55,,,Y,60,385 US-16,WORLAND,WY,82401,IN SERVICE,5,37300,WASHAKIE,56043,USA,44.12759772,-107.9072992
